2025-01-16 13:08:19,057 - INFO - Starting FinState Analyzer
2025-01-16 13:09:05,328 - INFO - Starting FinState Analyzer
2025-01-16 13:09:05,336 - INFO - Processing file: company_00026538_accounts_2010.pdf with mime type: application/pdf
2025-01-16 13:09:05,336 - INFO - 
==================================================
2025-01-16 13:09:05,336 - INFO - Processing: company_00026538_accounts_2010.pdf
2025-01-16 13:09:05,337 - INFO - ==================================================
2025-01-16 13:09:08,372 - INFO - [SUCCESS] File uploaded successfully
2025-01-16 13:09:17,800 - INFO - [SUCCESS] Successfully parsed JSON response
2025-01-16 13:09:17,800 - INFO - [SUCCESS] Added to consolidation queue (Total: 1)
2025-01-16 13:09:18,467 - INFO - [SUCCESS] Cleaned up uploaded file
2025-01-16 13:09:18,469 - INFO - Processing file: company_00026538_accounts_2011.pdf with mime type: application/pdf
2025-01-16 13:09:18,469 - INFO - 
==================================================
2025-01-16 13:09:18,469 - INFO - Processing: company_00026538_accounts_2011.pdf
2025-01-16 13:09:18,469 - INFO - ==================================================
2025-01-16 13:09:20,233 - INFO - [SUCCESS] File uploaded successfully
2025-01-16 13:09:28,364 - INFO - [SUCCESS] Successfully parsed JSON response
2025-01-16 13:09:28,364 - INFO - [SUCCESS] Added to consolidation queue (Total: 2)
2025-01-16 13:09:28,875 - INFO - [SUCCESS] Cleaned up uploaded file
2025-01-16 13:09:28,876 - INFO - Processing file: company_00026538_accounts_2012.pdf with mime type: application/pdf
2025-01-16 13:09:28,876 - INFO - 
==================================================
2025-01-16 13:09:28,876 - INFO - Processing: company_00026538_accounts_2012.pdf
2025-01-16 13:09:28,876 - INFO - ==================================================
2025-01-16 13:09:30,966 - INFO - [SUCCESS] File uploaded successfully
2025-01-16 13:09:43,212 - INFO - [SUCCESS] Successfully parsed JSON response
2025-01-16 13:09:43,212 - INFO - [SUCCESS] Added to consolidation queue (Total: 3)
2025-01-16 13:09:43,965 - INFO - [SUCCESS] Cleaned up uploaded file
2025-01-16 13:09:43,966 - INFO - Processing file: company_00026538_accounts_2013.pdf with mime type: application/pdf
2025-01-16 13:09:43,967 - INFO - 
==================================================
2025-01-16 13:09:43,967 - INFO - Processing: company_00026538_accounts_2013.pdf
2025-01-16 13:09:43,967 - INFO - ==================================================
2025-01-16 13:09:46,013 - INFO - [SUCCESS] File uploaded successfully
2025-01-16 13:09:54,535 - INFO - [SUCCESS] Successfully parsed JSON response
2025-01-16 13:09:54,536 - INFO - [SUCCESS] Added to consolidation queue (Total: 4)
2025-01-16 13:09:55,333 - INFO - [SUCCESS] Cleaned up uploaded file
2025-01-16 13:09:55,335 - INFO - Processing file: company_00026538_accounts_2014.pdf with mime type: application/pdf
2025-01-16 13:09:55,335 - INFO - 
==================================================
2025-01-16 13:09:55,335 - INFO - Processing: company_00026538_accounts_2014.pdf
2025-01-16 13:09:55,335 - INFO - ==================================================
2025-01-16 13:09:57,371 - INFO - [SUCCESS] File uploaded successfully
2025-01-16 13:10:11,178 - INFO - [SUCCESS] Successfully parsed JSON response
2025-01-16 13:10:11,179 - INFO - [SUCCESS] Added to consolidation queue (Total: 5)
2025-01-16 13:10:11,835 - INFO - [SUCCESS] Cleaned up uploaded file
2025-01-16 13:10:11,838 - INFO - Processing file: company_00026538_accounts_2015.pdf with mime type: application/pdf
2025-01-16 13:10:11,838 - INFO - 
==================================================
2025-01-16 13:10:11,838 - INFO - Processing: company_00026538_accounts_2015.pdf
2025-01-16 13:10:11,838 - INFO - ==================================================
2025-01-16 13:10:13,920 - INFO - [SUCCESS] File uploaded successfully
2025-01-16 13:10:22,751 - INFO - [SUCCESS] Successfully parsed JSON response
2025-01-16 13:10:22,751 - INFO - [SUCCESS] Added to consolidation queue (Total: 6)
2025-01-16 13:10:23,247 - INFO - [SUCCESS] Cleaned up uploaded file
2025-01-16 13:10:23,248 - INFO - Processing file: company_00026538_accounts_2016.pdf with mime type: application/pdf
2025-01-16 13:10:23,248 - INFO - 
==================================================
2025-01-16 13:10:23,248 - INFO - Processing: company_00026538_accounts_2016.pdf
2025-01-16 13:10:23,248 - INFO - ==================================================
2025-01-16 13:10:25,095 - INFO - [SUCCESS] File uploaded successfully
2025-01-16 13:10:35,184 - INFO - [SUCCESS] Successfully parsed JSON response
2025-01-16 13:10:35,184 - INFO - [SUCCESS] Added to consolidation queue (Total: 7)
2025-01-16 13:10:35,633 - INFO - [SUCCESS] Cleaned up uploaded file
2025-01-16 13:10:35,634 - INFO - Processing file: company_00026538_accounts_2017.pdf with mime type: application/pdf
2025-01-16 13:10:35,634 - INFO - 
==================================================
2025-01-16 13:10:35,634 - INFO - Processing: company_00026538_accounts_2017.pdf
2025-01-16 13:10:35,634 - INFO - ==================================================
2025-01-16 13:10:37,593 - INFO - [SUCCESS] File uploaded successfully
2025-01-16 13:10:49,782 - INFO - [SUCCESS] Successfully parsed JSON response
2025-01-16 13:10:49,782 - INFO - [SUCCESS] Added to consolidation queue (Total: 8)
2025-01-16 13:10:50,248 - INFO - [SUCCESS] Cleaned up uploaded file
2025-01-16 13:10:50,249 - INFO - Processing file: company_00026538_accounts_2018.pdf with mime type: application/pdf
2025-01-16 13:10:50,249 - INFO - 
==================================================
2025-01-16 13:10:50,249 - INFO - Processing: company_00026538_accounts_2018.pdf
2025-01-16 13:10:50,249 - INFO - ==================================================
2025-01-16 13:10:52,136 - INFO - [SUCCESS] File uploaded successfully
2025-01-16 13:11:01,208 - INFO - [SUCCESS] Successfully parsed JSON response
2025-01-16 13:11:01,209 - INFO - [SUCCESS] Added to consolidation queue (Total: 9)
2025-01-16 13:11:01,679 - INFO - [SUCCESS] Cleaned up uploaded file
2025-01-16 13:11:01,680 - INFO - Processing file: company_00026538_accounts_2019.pdf with mime type: application/pdf
2025-01-16 13:11:01,680 - INFO - 
==================================================
2025-01-16 13:11:01,680 - INFO - Processing: company_00026538_accounts_2019.pdf
2025-01-16 13:11:01,680 - INFO - ==================================================
2025-01-16 13:11:03,899 - INFO - [SUCCESS] File uploaded successfully
2025-01-16 13:11:23,215 - INFO - [SUCCESS] Successfully parsed JSON response
2025-01-16 13:11:23,216 - INFO - [SUCCESS] Added to consolidation queue (Total: 10)
2025-01-16 13:11:23,793 - INFO - [SUCCESS] Cleaned up uploaded file
2025-01-16 13:11:23,794 - INFO - Processing file: company_00026538_accounts_2020.pdf with mime type: application/pdf
2025-01-16 13:11:23,794 - INFO - 
==================================================
2025-01-16 13:11:23,794 - INFO - Processing: company_00026538_accounts_2020.pdf
2025-01-16 13:11:23,794 - INFO - ==================================================
2025-01-16 13:11:25,932 - INFO - [SUCCESS] File uploaded successfully
2025-01-16 13:11:37,291 - INFO - [SUCCESS] Successfully parsed JSON response
2025-01-16 13:11:37,291 - INFO - [SUCCESS] Added to consolidation queue (Total: 11)
2025-01-16 13:11:37,667 - INFO - [SUCCESS] Cleaned up uploaded file
2025-01-16 13:11:37,668 - INFO - Processing file: company_00026538_accounts_2021.pdf with mime type: application/pdf
2025-01-16 13:11:37,668 - INFO - 
==================================================
2025-01-16 13:11:37,669 - INFO - Processing: company_00026538_accounts_2021.pdf
2025-01-16 13:11:37,669 - INFO - ==================================================
2025-01-16 13:11:39,853 - INFO - [SUCCESS] File uploaded successfully
2025-01-16 13:11:51,913 - INFO - [SUCCESS] Successfully parsed JSON response
2025-01-16 13:11:51,913 - INFO - [SUCCESS] Added to consolidation queue (Total: 12)
2025-01-16 13:11:52,357 - INFO - [SUCCESS] Cleaned up uploaded file
2025-01-16 13:11:52,358 - INFO - Processing file: company_00026538_accounts_2022.pdf with mime type: application/pdf
2025-01-16 13:11:52,358 - INFO - 
==================================================
2025-01-16 13:11:52,358 - INFO - Processing: company_00026538_accounts_2022.pdf
2025-01-16 13:11:52,358 - INFO - ==================================================
2025-01-16 13:11:54,629 - INFO - [SUCCESS] File uploaded successfully
2025-01-16 13:12:07,396 - INFO - [SUCCESS] Successfully parsed JSON response
2025-01-16 13:12:07,399 - INFO - [SUCCESS] Added to consolidation queue (Total: 13)
2025-01-16 13:12:08,143 - INFO - [SUCCESS] Cleaned up uploaded file
2025-01-16 13:12:08,144 - INFO - Processing file: company_00026538_accounts_2023.pdf with mime type: application/pdf
2025-01-16 13:12:08,144 - INFO - 
==================================================
2025-01-16 13:12:08,144 - INFO - Processing: company_00026538_accounts_2023.pdf
2025-01-16 13:12:08,145 - INFO - ==================================================
2025-01-16 13:12:10,711 - INFO - [SUCCESS] File uploaded successfully
2025-01-16 13:12:24,930 - INFO - [SUCCESS] Successfully parsed JSON response
2025-01-16 13:12:24,930 - INFO - [SUCCESS] Added to consolidation queue (Total: 14)
2025-01-16 13:12:25,581 - INFO - [SUCCESS] Cleaned up uploaded file
2025-01-16 13:12:38,544 - INFO - [SUCCESS] Created standardized mapping for 112 profit_and_loss line items
2025-01-16 13:12:46,485 - INFO - Raw response for profit_and_loss chunk ['2009', '2010', '2011', '2012', '2013']:
2025-01-16 13:12:46,485 - INFO - Response before cleaning: ```json
{
  "2009": {
    "Turnover": 6803,
    "Cost Of Sales": -6198,
    "Gross Profit": 605,
    "Distribution Costs": -284,
    "Administrative Expenses": -17,
    "Operating Profit": 304,
    "Exceptional Items": 2,
    "Net Profit On Sale Of Tangible Fixed Assets": 2,
    "Profit Before Interest": 306,
    "Income From Other Fixed Asset Investments": 3,
    "Interest Receivable And Similar Income": 5,
    "Interest Payable And Similar Expenses": -11,
    "Other Finance Income": -1,
    "Profit Before Taxation": 303,
    "Tax On Profit": -85,
    "Profit": 218
  },
  "2010": {
    "Turnover": 29674,
    "Cost Of Sales": -24420,
    "Gross Profit": 9277,
    "Distribution Costs": -308,
    "Administrative Expenses": -44,
    "Operating Profit": 798,
    "Exceptional Items": 272,
    "Net Profit On Sale Of Tangible Fixed Assets": 272,
    "Profit Before Interest": 535,
    "Income From Fixed Asset Investments": 20,
    "Income From Other Fixed Asset Investments": 10,
    "Interest Receivable And Similar Income": 12,
    "Interest Payable And Similar Expenses": -14,
    "Other Finance Income": -81,
    "Profit Before Taxation": 542,
    "Tax On Profit": -150,
    "Profit": 392
  },
  "2011": {
    "Turnover": 22620,
    "Cost Of Sales": -21954,
    "Gross Profit": 20007,
    "Distribution Costs": -596,
    "Administrative Expenses": -562,
    "Operating Profit": 1235,
    "Exceptional Items": 52,
    "Net Profit On Sale Of Tangible Fixed Assets": 6,
    "Profit Before Interest": 69,
    "Income From Fixed Asset Investments": 2,
    "Interest Receivable And Similar Income": 4,
    "Interest Payable And Similar Expenses": -3,
    "Other Finance Income": -6,
    "Profit Before Taxation": 154,
    "Tax On Profit": -110,
    "Profit": 44
  },
  "2012": {
    "Turnover": 22527,
    "Cost Of Sales": -21647,
    "Gross Profit": 11750,
    "Distribution Costs": -666,
    "Administrative Expenses": -243,
    "Operating Profit": 394,
    "Exceptional Items": 122,
    "Net Profit On Sale Of Tangible Fixed Assets": 55,
    "Profit On Disposal Of Subsidiary": 8,
    "Profit Before Interest": 504,
    "Income From Other Fixed Asset Investments": 72,
    "Interest Receivable And Similar Income": 6,
    "Interest Payable And Similar Expenses": -6,
    "Other Finance Income": -19,
    "Profit Before Taxation": 478,
    "Tax On Profit": -56,
    "Profit": 183
  },
  "2013": {
    "Turnover": 20212,
    "Cost Of Sales": -19780,
    "Gross Profit": 432,
    "Distribution Costs": -442,
    "Administrative Expenses": -66,
    "Operating Profit": -76,
    "Exceptional Items": 55,
    "Net Profit On Sale Of Tangible Fixed Assets": 55,
    "Profit Before Interest": -24,
    "Income From Other Fixed Asset Investments": 3,
    "Interest Receivable And Similar Income": 7,
    "Interest Payable And Similar Expenses": -2,
    "Other Finance Income": -16,
    "Profit Before Taxation": 239,
    "Tax On Profit": -56,
    "Profit": 190
  }
}
```
2025-01-16 13:12:46,486 - INFO - Response after cleaning: 
{
  "2009": {
    "Turnover": 6803,
    "Cost Of Sales": -6198,
    "Gross Profit": 605,
    "Distribution Costs": -284,
    "Administrative Expenses": -17,
    "Operating Profit": 304,
    "Exceptional Items": 2,
    "Net Profit On Sale Of Tangible Fixed Assets": 2,
    "Profit Before Interest": 306,
    "Income From Other Fixed Asset Investments": 3,
    "Interest Receivable And Similar Income": 5,
    "Interest Payable And Similar Expenses": -11,
    "Other Finance Income": -1,
    "Profit Before Taxation": 303,
    "Tax On Profit": -85,
    "Profit": 218
  },
  "2010": {
    "Turnover": 29674,
    "Cost Of Sales": -24420,
    "Gross Profit": 9277,
    "Distribution Costs": -308,
    "Administrative Expenses": -44,
    "Operating Profit": 798,
    "Exceptional Items": 272,
    "Net Profit On Sale Of Tangible Fixed Assets": 272,
    "Profit Before Interest": 535,
    "Income From Fixed Asset Investments": 20,
    "Income From Other Fixed Asset Investments": 10,
    "Interest Receivable And Similar Income": 12,
    "Interest Payable And Similar Expenses": -14,
    "Other Finance Income": -81,
    "Profit Before Taxation": 542,
    "Tax On Profit": -150,
    "Profit": 392
  },
  "2011": {
    "Turnover": 22620,
    "Cost Of Sales": -21954,
    "Gross Profit": 20007,
    "Distribution Costs": -596,
    "Administrative Expenses": -562,
    "Operating Profit": 1235,
    "Exceptional Items": 52,
    "Net Profit On Sale Of Tangible Fixed Assets": 6,
    "Profit Before Interest": 69,
    "Income From Fixed Asset Investments": 2,
    "Interest Receivable And Similar Income": 4,
    "Interest Payable And Similar Expenses": -3,
    "Other Finance Income": -6,
    "Profit Before Taxation": 154,
    "Tax On Profit": -110,
    "Profit": 44
  },
  "2012": {
    "Turnover": 22527,
    "Cost Of Sales": -21647,
    "Gross Profit": 11750,
    "Distribution Costs": -666,
    "Administrative Expenses": -243,
    "Operating Profit": 394,
    "Exceptional Items": 122,
    "Net Profit On Sale Of Tangible Fixed Assets": 55,
    "Profit On Disposal Of Subsidiary": 8,
    "Profit Before Interest": 504,
    "Income From Other Fixed Asset Investments": 72,
    "Interest Receivable And Similar Income": 6,
    "Interest Payable And Similar Expenses": -6,
    "Other Finance Income": -19,
    "Profit Before Taxation": 478,
    "Tax On Profit": -56,
    "Profit": 183
  },
  "2013": {
    "Turnover": 20212,
    "Cost Of Sales": -19780,
    "Gross Profit": 432,
    "Distribution Costs": -442,
    "Administrative Expenses": -66,
    "Operating Profit": -76,
    "Exceptional Items": 55,
    "Net Profit On Sale Of Tangible Fixed Assets": 55,
    "Profit Before Interest": -24,
    "Income From Other Fixed Asset Investments": 3,
    "Interest Receivable And Similar Income": 7,
    "Interest Payable And Similar Expenses": -2,
    "Other Finance Income": -16,
    "Profit Before Taxation": 239,
    "Tax On Profit": -56,
    "Profit": 190
  }
}

2025-01-16 13:12:46,487 - INFO - Extracted JSON string: {
  "2009": {
    "Turnover": 6803,
    "Cost Of Sales": -6198,
    "Gross Profit": 605,
    "Distribution Costs": -284,
    "Administrative Expenses": -17,
    "Operating Profit": 304,
    "Exceptional Items": 2,
    "Net Profit On Sale Of Tangible Fixed Assets": 2,
    "Profit Before Interest": 306,
    "Income From Other Fixed Asset Investments": 3,
    "Interest Receivable And Similar Income": 5,
    "Interest Payable And Similar Expenses": -11,
    "Other Finance Income": -1,
    "Profit Before Taxation": 303,
    "Tax On Profit": -85,
    "Profit": 218
  },
  "2010": {
    "Turnover": 29674,
    "Cost Of Sales": -24420,
    "Gross Profit": 9277,
    "Distribution Costs": -308,
    "Administrative Expenses": -44,
    "Operating Profit": 798,
    "Exceptional Items": 272,
    "Net Profit On Sale Of Tangible Fixed Assets": 272,
    "Profit Before Interest": 535,
    "Income From Fixed Asset Investments": 20,
    "Income From Other Fixed Asset Investments": 10,
    "Interest Receivable And Similar Income": 12,
    "Interest Payable And Similar Expenses": -14,
    "Other Finance Income": -81,
    "Profit Before Taxation": 542,
    "Tax On Profit": -150,
    "Profit": 392
  },
  "2011": {
    "Turnover": 22620,
    "Cost Of Sales": -21954,
    "Gross Profit": 20007,
    "Distribution Costs": -596,
    "Administrative Expenses": -562,
    "Operating Profit": 1235,
    "Exceptional Items": 52,
    "Net Profit On Sale Of Tangible Fixed Assets": 6,
    "Profit Before Interest": 69,
    "Income From Fixed Asset Investments": 2,
    "Interest Receivable And Similar Income": 4,
    "Interest Payable And Similar Expenses": -3,
    "Other Finance Income": -6,
    "Profit Before Taxation": 154,
    "Tax On Profit": -110,
    "Profit": 44
  },
  "2012": {
    "Turnover": 22527,
    "Cost Of Sales": -21647,
    "Gross Profit": 11750,
    "Distribution Costs": -666,
    "Administrative Expenses": -243,
    "Operating Profit": 394,
    "Exceptional Items": 122,
    "Net Profit On Sale Of Tangible Fixed Assets": 55,
    "Profit On Disposal Of Subsidiary": 8,
    "Profit Before Interest": 504,
    "Income From Other Fixed Asset Investments": 72,
    "Interest Receivable And Similar Income": 6,
    "Interest Payable And Similar Expenses": -6,
    "Other Finance Income": -19,
    "Profit Before Taxation": 478,
    "Tax On Profit": -56,
    "Profit": 183
  },
  "2013": {
    "Turnover": 20212,
    "Cost Of Sales": -19780,
    "Gross Profit": 432,
    "Distribution Costs": -442,
    "Administrative Expenses": -66,
    "Operating Profit": -76,
    "Exceptional Items": 55,
    "Net Profit On Sale Of Tangible Fixed Assets": 55,
    "Profit Before Interest": -24,
    "Income From Other Fixed Asset Investments": 3,
    "Interest Receivable And Similar Income": 7,
    "Interest Payable And Similar Expenses": -2,
    "Other Finance Income": -16,
    "Profit Before Taxation": 239,
    "Tax On Profit": -56,
    "Profit": 190
  }
}
2025-01-16 13:12:46,487 - INFO - [SUCCESS] Processed chunk 2009-2013 for profit_and_loss
2025-01-16 13:12:57,372 - INFO - Raw response for profit_and_loss chunk ['2014', '2015', '2016', '2017', '2018']:
2025-01-16 13:12:57,372 - INFO - Response before cleaning: ```json
{
  "2014": {
    "Turnover": "17563",
    "Cost Of Sales": "-17583",
    "Gross Profit": "-20",
    "Distribution Costs": "-390",
    "Administrative Expenses": "-205",
    "Operating Profit": "-458",
    "Exceptional Items": "5",
    "Net Profit On Sale Of Tangible Fixed Assets": "14",
    "Profit Before Interest": "-235",
    "Income From Other Fixed Asset Investments": "3",
    "Interest Receivable And Similar Income": "16",
    "Interest Payable And Similar Expenses": "-2",
    "Other Finance Income": "18",
    "Profit Before Taxation": "-443",
    "Tax On Profit": "90",
    "Profit": "-353",
    "Other Operating Income": "-36",
    "Other Non Operating Income": "13",
    "Income From Fixed Asset Investments": "3",
    "Other Finance Costs": "-11",
    "Other Comprehensive Income": "110",
    "Actuarial Gains On Defined Benefit Pension Scheme": "138",
    "Movement Of Deferred Tax Relating To Pension Deficit": "-28",
    "Total Comprehensive Income": "-71"
  },
  "2015": {
    "Turnover": "11074",
    "Cost Of Sales": "-10430",
    "Gross Profit": "644",
    "Distribution Costs": "-344",
    "Administrative Expenses": "-336",
    "Other Operating Income": "208",
    "Other Non Operating Income": "222",
    "Operating Profit": "738",
    "Income From Fixed Asset Investments": "4",
    "Interest Receivable And Similar Income": "10",
    "Interest Payable And Similar Expenses": "-2",
    "Other Finance Costs": "-10",
    "Profit Before Tax": "734",
    "Tax On Profit": "-38",
    "Profit": "696",
    "Other Comprehensive Income": "2",
    "Actuarial Gains On Defined Benefit Pension Scheme": "1",
    "Movement Of Deferred Tax Relating To Pension Deficit": "-2",
    "Total Comprehensive Income": "698",
    "Income From Disposal Of Fixed Asset Investments": null
  },
  "2016": {
    "Turnover": "9764",
    "Cost Of Sales": "-9074",
    "Gross Profit": "690",
    "Distribution Costs": "-230",
    "Administrative Expenses": "-60",
    "Other Operating Income": "42",
    "Other Non Operating Income": "11",
    "Operating Profit": "442",
    "Income From Fixed Asset Investments": "10",
    "Income From Disposal Of Fixed Asset Investments": "3",
    "Interest Receivable And Similar Income": "5",
    "Interest Payable And Similar Expenses": "-2",
    "Other Finance Costs": "-10",
    "Profit Before Tax": "442",
    "Tax On Profit": "-84",
    "Profit": "358",
    "Other Comprehensive Income": "20",
    "Actuarial Gains On Defined Benefit Pension Scheme": "12",
    "Movement Of Deferred Tax Relating To Pension Liability": "-2",
    "Movement Of Deferred Tax Relating To Pension Surplus": "-1",
    "Total Comprehensive Income": "378"
  },
  "2017": {
    "Turnover": "12766",
    "Cost Of Sales": "-11916",
    "Gross Profit": "850",
    "Distribution Costs": "-288",
    "Administrative Expenses": "-82",
    "Other Operating Income": "66",
    "Operating Profit": "546",
    "Income From Fixed Asset Investments": "48",
    "Income From Disposal Of Fixed Asset Investments": "4",
    "Interest Receivable And Similar Income": "10",
    "Interest Payable And Similar Expenses": "-2",
    "Other Finance Costs": "-10",
    "Profit Before Tax": "565",
    "Tax On Profit": "-66",
    "Profit": "518",
    "Other Comprehensive Income": "736",
    "Actuarial Gains On Defined Benefit Pension Scheme": "453",
    "Movement Of Deferred Tax Relating To Pension Surplus": "282",
    "Total Comprehensive Income": "1254",
    "OtherFinanceIncomeExpenses": "-1",
    "OtherComprehensiveIncomeForTheYear2": "-86",
    "TotalComprehensiveExpenseIncomeForTheYear": "627"
  },
  "2018": {
    "Turnover": "15662",
    "Cost Of Sales": "-15506",
    "Gross Profit": "156",
    "Distribution Costs": "-226",
    "Administrative Expenses": "-118",
    "Other Operating Income": "4",
    "Operating Profit": "-120",
    "Income From Fixed Asset Investments": "4",
    "Interest Receivable And Similar Income": "2",
    "Interest Payable And Similar Expenses": "-2",
    "Other Finance Income": "5",
    "Profit Before Tax": "-226",
    "Tax On Profit": "74",
    "Profit": "-152",
    "Other Comprehensive Income": "17",
    "Actuarial Gains On Defined Benefit Pension Scheme": "9",
    "Movement Of Deferred Tax Relating To Pension Surplus": "8",
    "Total Comprehensive Income": "-68",
    "OtherFinanceIncomeExpenses": "-5",
    "ActuarialLossesGainsOnDefinedBenefitPensionScheme": null,
    "MovementOfDeferredTaxRelatingToPensionDeficitSurplus": null,
    "OtherComprehensiveExpenseIncomeForTheYear": "8",
    "TotalComprehensiveIncomeExpenseForTheYear": "-68"
  }
}
```
2025-01-16 13:12:57,373 - INFO - Response after cleaning: 
{
  "2014": {
    "Turnover": "17563",
    "Cost Of Sales": "-17583",
    "Gross Profit": "-20",
    "Distribution Costs": "-390",
    "Administrative Expenses": "-205",
    "Operating Profit": "-458",
    "Exceptional Items": "5",
    "Net Profit On Sale Of Tangible Fixed Assets": "14",
    "Profit Before Interest": "-235",
    "Income From Other Fixed Asset Investments": "3",
    "Interest Receivable And Similar Income": "16",
    "Interest Payable And Similar Expenses": "-2",
    "Other Finance Income": "18",
    "Profit Before Taxation": "-443",
    "Tax On Profit": "90",
    "Profit": "-353",
    "Other Operating Income": "-36",
    "Other Non Operating Income": "13",
    "Income From Fixed Asset Investments": "3",
    "Other Finance Costs": "-11",
    "Other Comprehensive Income": "110",
    "Actuarial Gains On Defined Benefit Pension Scheme": "138",
    "Movement Of Deferred Tax Relating To Pension Deficit": "-28",
    "Total Comprehensive Income": "-71"
  },
  "2015": {
    "Turnover": "11074",
    "Cost Of Sales": "-10430",
    "Gross Profit": "644",
    "Distribution Costs": "-344",
    "Administrative Expenses": "-336",
    "Other Operating Income": "208",
    "Other Non Operating Income": "222",
    "Operating Profit": "738",
    "Income From Fixed Asset Investments": "4",
    "Interest Receivable And Similar Income": "10",
    "Interest Payable And Similar Expenses": "-2",
    "Other Finance Costs": "-10",
    "Profit Before Tax": "734",
    "Tax On Profit": "-38",
    "Profit": "696",
    "Other Comprehensive Income": "2",
    "Actuarial Gains On Defined Benefit Pension Scheme": "1",
    "Movement Of Deferred Tax Relating To Pension Deficit": "-2",
    "Total Comprehensive Income": "698",
    "Income From Disposal Of Fixed Asset Investments": null
  },
  "2016": {
    "Turnover": "9764",
    "Cost Of Sales": "-9074",
    "Gross Profit": "690",
    "Distribution Costs": "-230",
    "Administrative Expenses": "-60",
    "Other Operating Income": "42",
    "Other Non Operating Income": "11",
    "Operating Profit": "442",
    "Income From Fixed Asset Investments": "10",
    "Income From Disposal Of Fixed Asset Investments": "3",
    "Interest Receivable And Similar Income": "5",
    "Interest Payable And Similar Expenses": "-2",
    "Other Finance Costs": "-10",
    "Profit Before Tax": "442",
    "Tax On Profit": "-84",
    "Profit": "358",
    "Other Comprehensive Income": "20",
    "Actuarial Gains On Defined Benefit Pension Scheme": "12",
    "Movement Of Deferred Tax Relating To Pension Liability": "-2",
    "Movement Of Deferred Tax Relating To Pension Surplus": "-1",
    "Total Comprehensive Income": "378"
  },
  "2017": {
    "Turnover": "12766",
    "Cost Of Sales": "-11916",
    "Gross Profit": "850",
    "Distribution Costs": "-288",
    "Administrative Expenses": "-82",
    "Other Operating Income": "66",
    "Operating Profit": "546",
    "Income From Fixed Asset Investments": "48",
    "Income From Disposal Of Fixed Asset Investments": "4",
    "Interest Receivable And Similar Income": "10",
    "Interest Payable And Similar Expenses": "-2",
    "Other Finance Costs": "-10",
    "Profit Before Tax": "565",
    "Tax On Profit": "-66",
    "Profit": "518",
    "Other Comprehensive Income": "736",
    "Actuarial Gains On Defined Benefit Pension Scheme": "453",
    "Movement Of Deferred Tax Relating To Pension Surplus": "282",
    "Total Comprehensive Income": "1254",
    "OtherFinanceIncomeExpenses": "-1",
    "OtherComprehensiveIncomeForTheYear2": "-86",
    "TotalComprehensiveExpenseIncomeForTheYear": "627"
  },
  "2018": {
    "Turnover": "15662",
    "Cost Of Sales": "-15506",
    "Gross Profit": "156",
    "Distribution Costs": "-226",
    "Administrative Expenses": "-118",
    "Other Operating Income": "4",
    "Operating Profit": "-120",
    "Income From Fixed Asset Investments": "4",
    "Interest Receivable And Similar Income": "2",
    "Interest Payable And Similar Expenses": "-2",
    "Other Finance Income": "5",
    "Profit Before Tax": "-226",
    "Tax On Profit": "74",
    "Profit": "-152",
    "Other Comprehensive Income": "17",
    "Actuarial Gains On Defined Benefit Pension Scheme": "9",
    "Movement Of Deferred Tax Relating To Pension Surplus": "8",
    "Total Comprehensive Income": "-68",
    "OtherFinanceIncomeExpenses": "-5",
    "ActuarialLossesGainsOnDefinedBenefitPensionScheme": null,
    "MovementOfDeferredTaxRelatingToPensionDeficitSurplus": null,
    "OtherComprehensiveExpenseIncomeForTheYear": "8",
    "TotalComprehensiveIncomeExpenseForTheYear": "-68"
  }
}

2025-01-16 13:12:57,373 - INFO - Extracted JSON string: {
  "2014": {
    "Turnover": "17563",
    "Cost Of Sales": "-17583",
    "Gross Profit": "-20",
    "Distribution Costs": "-390",
    "Administrative Expenses": "-205",
    "Operating Profit": "-458",
    "Exceptional Items": "5",
    "Net Profit On Sale Of Tangible Fixed Assets": "14",
    "Profit Before Interest": "-235",
    "Income From Other Fixed Asset Investments": "3",
    "Interest Receivable And Similar Income": "16",
    "Interest Payable And Similar Expenses": "-2",
    "Other Finance Income": "18",
    "Profit Before Taxation": "-443",
    "Tax On Profit": "90",
    "Profit": "-353",
    "Other Operating Income": "-36",
    "Other Non Operating Income": "13",
    "Income From Fixed Asset Investments": "3",
    "Other Finance Costs": "-11",
    "Other Comprehensive Income": "110",
    "Actuarial Gains On Defined Benefit Pension Scheme": "138",
    "Movement Of Deferred Tax Relating To Pension Deficit": "-28",
    "Total Comprehensive Income": "-71"
  },
  "2015": {
    "Turnover": "11074",
    "Cost Of Sales": "-10430",
    "Gross Profit": "644",
    "Distribution Costs": "-344",
    "Administrative Expenses": "-336",
    "Other Operating Income": "208",
    "Other Non Operating Income": "222",
    "Operating Profit": "738",
    "Income From Fixed Asset Investments": "4",
    "Interest Receivable And Similar Income": "10",
    "Interest Payable And Similar Expenses": "-2",
    "Other Finance Costs": "-10",
    "Profit Before Tax": "734",
    "Tax On Profit": "-38",
    "Profit": "696",
    "Other Comprehensive Income": "2",
    "Actuarial Gains On Defined Benefit Pension Scheme": "1",
    "Movement Of Deferred Tax Relating To Pension Deficit": "-2",
    "Total Comprehensive Income": "698",
    "Income From Disposal Of Fixed Asset Investments": null
  },
  "2016": {
    "Turnover": "9764",
    "Cost Of Sales": "-9074",
    "Gross Profit": "690",
    "Distribution Costs": "-230",
    "Administrative Expenses": "-60",
    "Other Operating Income": "42",
    "Other Non Operating Income": "11",
    "Operating Profit": "442",
    "Income From Fixed Asset Investments": "10",
    "Income From Disposal Of Fixed Asset Investments": "3",
    "Interest Receivable And Similar Income": "5",
    "Interest Payable And Similar Expenses": "-2",
    "Other Finance Costs": "-10",
    "Profit Before Tax": "442",
    "Tax On Profit": "-84",
    "Profit": "358",
    "Other Comprehensive Income": "20",
    "Actuarial Gains On Defined Benefit Pension Scheme": "12",
    "Movement Of Deferred Tax Relating To Pension Liability": "-2",
    "Movement Of Deferred Tax Relating To Pension Surplus": "-1",
    "Total Comprehensive Income": "378"
  },
  "2017": {
    "Turnover": "12766",
    "Cost Of Sales": "-11916",
    "Gross Profit": "850",
    "Distribution Costs": "-288",
    "Administrative Expenses": "-82",
    "Other Operating Income": "66",
    "Operating Profit": "546",
    "Income From Fixed Asset Investments": "48",
    "Income From Disposal Of Fixed Asset Investments": "4",
    "Interest Receivable And Similar Income": "10",
    "Interest Payable And Similar Expenses": "-2",
    "Other Finance Costs": "-10",
    "Profit Before Tax": "565",
    "Tax On Profit": "-66",
    "Profit": "518",
    "Other Comprehensive Income": "736",
    "Actuarial Gains On Defined Benefit Pension Scheme": "453",
    "Movement Of Deferred Tax Relating To Pension Surplus": "282",
    "Total Comprehensive Income": "1254",
    "OtherFinanceIncomeExpenses": "-1",
    "OtherComprehensiveIncomeForTheYear2": "-86",
    "TotalComprehensiveExpenseIncomeForTheYear": "627"
  },
  "2018": {
    "Turnover": "15662",
    "Cost Of Sales": "-15506",
    "Gross Profit": "156",
    "Distribution Costs": "-226",
    "Administrative Expenses": "-118",
    "Other Operating Income": "4",
    "Operating Profit": "-120",
    "Income From Fixed Asset Investments": "4",
    "Interest Receivable And Similar Income": "2",
    "Interest Payable And Similar Expenses": "-2",
    "Other Finance Income": "5",
    "Profit Before Tax": "-226",
    "Tax On Profit": "74",
    "Profit": "-152",
    "Other Comprehensive Income": "17",
    "Actuarial Gains On Defined Benefit Pension Scheme": "9",
    "Movement Of Deferred Tax Relating To Pension Surplus": "8",
    "Total Comprehensive Income": "-68",
    "OtherFinanceIncomeExpenses": "-5",
    "ActuarialLossesGainsOnDefinedBenefitPensionScheme": null,
    "MovementOfDeferredTaxRelatingToPensionDeficitSurplus": null,
    "OtherComprehensiveExpenseIncomeForTheYear": "8",
    "TotalComprehensiveIncomeExpenseForTheYear": "-68"
  }
}
2025-01-16 13:12:57,374 - INFO - [SUCCESS] Processed chunk 2014-2018 for profit_and_loss
2025-01-16 13:13:07,146 - INFO - Raw response for profit_and_loss chunk ['2019', '2020', '2021', '2022', '2023']:
2025-01-16 13:13:07,146 - INFO - Response before cleaning: ```json
{
  "2019": {
    "Turnover": "14936",
    "Cost Of Sales": "(14194)",
    "Gross Profit": "742",
    "Distribution Costs": "223",
    "Administrative Expenses": "289",
    "Other Operating Income": "87",
    "Operating Profit": "284",
    "Income From Fixed Asset Investments": "6",
    "Interest Receivable And Similar Income": "4",
    "Interest Payable And Similar Expenses": "(2)",
    "Other Finance Income": "6",
    "Profit Before Tax": "298",
    "Tax On Profit": "(52)",
    "Profit": "246",
    "Other Comprehensive Income": "-14",
    "Actuarial Gains On Defined Benefit Pension Scheme": "-19",
    "Movement Of Deferred Tax Relating To Pension Deficit Surplus": "(1)",
    "Total Comprehensive Income": "57"
  },
  "2020": {
    "Turnover": "8452",
    "Cost Of Sales": "(8800)",
    "Gross Profit": "(348)",
    "Distribution Costs": "(318)",
    "Administrative Expenses": "(253)",
    "Other Operating Income": "-70",
    "Operating Profit": "(806)",
    "Income From Fixed Asset Investments": "46",
    "Interest Receivable And Similar Income": "4",
    "Interest Payable And Similar Expenses": "(2)",
    "Other Finance Income": "-2",
    "Profit Before Tax": "(758)",
    "Tax On Profit": "148",
    "Profit": "(610)",
    "Other Comprehensive Income": "669",
    "Actuarial Gains On Defined Benefit Pension Scheme": "301",
    "Movement Of Deferred Tax Relating To Pension Deficit": "(67)",
    "Movement Of Deferred Tax Relating To Pension Surplus Deficit": "(85)",
    "Total Comprehensive Income": "(8)"
  },
  "2021": {
    "Turnover": "12536",
    "Cost Of Sales": "(11892)",
    "Gross Profit": "644",
    "Distribution Costs": "(154)",
    "Administrative Expenses": "(223)",
    "Other Operating Income": "4",
    "Operating Profit": "289",
    "Income From Fixed Asset Investments": "6",
    "Interest Receivable And Similar Income": "2",
    "Interest Payable And Similar Expenses": "(1)",
    "Other Finance Income": "8",
    "Profit Before Tax": "301",
    "Tax On Profit": "(70)",
    "Profit": "231",
    "Other Comprehensive Income": "149",
    "Actuarial Gains On Defined Benefit Pension Scheme": "168",
    "Movement Of Deferred Tax Relating To Pension Deficit": "(29)",
    "Total Comprehensive Income": "510"
  },
  "2022": {
    "Turnover": "27376",
    "Cost Of Sales": "(25166)",
    "Gross Profit": "2210",
    "Distribution Costs": "(152)",
    "Administrative Expenses": "(174)",
    "Other Operating Income": "0",
    "Operating Profit": "1888",
    "Income From Fixed Asset Investments": "10",
    "Impairment Of Fixed Asset Investments": "(107)",
    "Interest Receivable And Similar Income": "12",
    "Interest Payable And Similar Expenses": "(2)",
    "Other Finance Income": "6",
    "Profit Before Tax": "1707",
    "Tax On Profit": "(392)",
    "Profit": "1336",
    "Other Comprehensive Income": "96",
    "Actuarial Gains On Defined Benefit Pension Scheme": "213",
    "Pension Surplus Not Recognised": "4",
    "Movement Of Deferred Tax Relating To Pension Deficit": "(28)",
    "Total Comprehensive Income": "1420"
  },
  "2023": {
    "Turnover": "11207",
    "Cost Of Sales": "(10801)",
    "Gross Profit": "406",
    "Distribution Costs": "(77)",
    "Administrative Expenses": "(77)",
    "Other Operating Income": "1",
    "Operating Profit": "253",
    "Income From Fixed Asset Investments": "11",
    "Impairment Of Fixed Asset Investments": "(107)",
    "Interest Receivable And Similar Income": "52",
    "Interest Payable And Similar Expenses": "(4)",
    "Other Finance Income": "16",
    "Profit Before Tax": "328",
    "Tax On Profit": "(73)",
    "Profit": "255",
    "Actuarial Gains On Defined Benefit Pension Scheme": "70",
    "Pension Surplus Not Recognised": "5",
    "Movement Of Deferred Tax Relating To Pension Deficit": "(17)",
    "Other Comprehensive Income": "58",
    "Total Comprehensive Income": "313"
  }
}
```

2025-01-16 13:13:07,147 - INFO - Response after cleaning: 
{
  "2019": {
    "Turnover": "14936",
    "Cost Of Sales": "(14194)",
    "Gross Profit": "742",
    "Distribution Costs": "223",
    "Administrative Expenses": "289",
    "Other Operating Income": "87",
    "Operating Profit": "284",
    "Income From Fixed Asset Investments": "6",
    "Interest Receivable And Similar Income": "4",
    "Interest Payable And Similar Expenses": "(2)",
    "Other Finance Income": "6",
    "Profit Before Tax": "298",
    "Tax On Profit": "(52)",
    "Profit": "246",
    "Other Comprehensive Income": "-14",
    "Actuarial Gains On Defined Benefit Pension Scheme": "-19",
    "Movement Of Deferred Tax Relating To Pension Deficit Surplus": "(1)",
    "Total Comprehensive Income": "57"
  },
  "2020": {
    "Turnover": "8452",
    "Cost Of Sales": "(8800)",
    "Gross Profit": "(348)",
    "Distribution Costs": "(318)",
    "Administrative Expenses": "(253)",
    "Other Operating Income": "-70",
    "Operating Profit": "(806)",
    "Income From Fixed Asset Investments": "46",
    "Interest Receivable And Similar Income": "4",
    "Interest Payable And Similar Expenses": "(2)",
    "Other Finance Income": "-2",
    "Profit Before Tax": "(758)",
    "Tax On Profit": "148",
    "Profit": "(610)",
    "Other Comprehensive Income": "669",
    "Actuarial Gains On Defined Benefit Pension Scheme": "301",
    "Movement Of Deferred Tax Relating To Pension Deficit": "(67)",
    "Movement Of Deferred Tax Relating To Pension Surplus Deficit": "(85)",
    "Total Comprehensive Income": "(8)"
  },
  "2021": {
    "Turnover": "12536",
    "Cost Of Sales": "(11892)",
    "Gross Profit": "644",
    "Distribution Costs": "(154)",
    "Administrative Expenses": "(223)",
    "Other Operating Income": "4",
    "Operating Profit": "289",
    "Income From Fixed Asset Investments": "6",
    "Interest Receivable And Similar Income": "2",
    "Interest Payable And Similar Expenses": "(1)",
    "Other Finance Income": "8",
    "Profit Before Tax": "301",
    "Tax On Profit": "(70)",
    "Profit": "231",
    "Other Comprehensive Income": "149",
    "Actuarial Gains On Defined Benefit Pension Scheme": "168",
    "Movement Of Deferred Tax Relating To Pension Deficit": "(29)",
    "Total Comprehensive Income": "510"
  },
  "2022": {
    "Turnover": "27376",
    "Cost Of Sales": "(25166)",
    "Gross Profit": "2210",
    "Distribution Costs": "(152)",
    "Administrative Expenses": "(174)",
    "Other Operating Income": "0",
    "Operating Profit": "1888",
    "Income From Fixed Asset Investments": "10",
    "Impairment Of Fixed Asset Investments": "(107)",
    "Interest Receivable And Similar Income": "12",
    "Interest Payable And Similar Expenses": "(2)",
    "Other Finance Income": "6",
    "Profit Before Tax": "1707",
    "Tax On Profit": "(392)",
    "Profit": "1336",
    "Other Comprehensive Income": "96",
    "Actuarial Gains On Defined Benefit Pension Scheme": "213",
    "Pension Surplus Not Recognised": "4",
    "Movement Of Deferred Tax Relating To Pension Deficit": "(28)",
    "Total Comprehensive Income": "1420"
  },
  "2023": {
    "Turnover": "11207",
    "Cost Of Sales": "(10801)",
    "Gross Profit": "406",
    "Distribution Costs": "(77)",
    "Administrative Expenses": "(77)",
    "Other Operating Income": "1",
    "Operating Profit": "253",
    "Income From Fixed Asset Investments": "11",
    "Impairment Of Fixed Asset Investments": "(107)",
    "Interest Receivable And Similar Income": "52",
    "Interest Payable And Similar Expenses": "(4)",
    "Other Finance Income": "16",
    "Profit Before Tax": "328",
    "Tax On Profit": "(73)",
    "Profit": "255",
    "Actuarial Gains On Defined Benefit Pension Scheme": "70",
    "Pension Surplus Not Recognised": "5",
    "Movement Of Deferred Tax Relating To Pension Deficit": "(17)",
    "Other Comprehensive Income": "58",
    "Total Comprehensive Income": "313"
  }
}

2025-01-16 13:13:07,148 - INFO - Extracted JSON string: {
  "2019": {
    "Turnover": "14936",
    "Cost Of Sales": "(14194)",
    "Gross Profit": "742",
    "Distribution Costs": "223",
    "Administrative Expenses": "289",
    "Other Operating Income": "87",
    "Operating Profit": "284",
    "Income From Fixed Asset Investments": "6",
    "Interest Receivable And Similar Income": "4",
    "Interest Payable And Similar Expenses": "(2)",
    "Other Finance Income": "6",
    "Profit Before Tax": "298",
    "Tax On Profit": "(52)",
    "Profit": "246",
    "Other Comprehensive Income": "-14",
    "Actuarial Gains On Defined Benefit Pension Scheme": "-19",
    "Movement Of Deferred Tax Relating To Pension Deficit Surplus": "(1)",
    "Total Comprehensive Income": "57"
  },
  "2020": {
    "Turnover": "8452",
    "Cost Of Sales": "(8800)",
    "Gross Profit": "(348)",
    "Distribution Costs": "(318)",
    "Administrative Expenses": "(253)",
    "Other Operating Income": "-70",
    "Operating Profit": "(806)",
    "Income From Fixed Asset Investments": "46",
    "Interest Receivable And Similar Income": "4",
    "Interest Payable And Similar Expenses": "(2)",
    "Other Finance Income": "-2",
    "Profit Before Tax": "(758)",
    "Tax On Profit": "148",
    "Profit": "(610)",
    "Other Comprehensive Income": "669",
    "Actuarial Gains On Defined Benefit Pension Scheme": "301",
    "Movement Of Deferred Tax Relating To Pension Deficit": "(67)",
    "Movement Of Deferred Tax Relating To Pension Surplus Deficit": "(85)",
    "Total Comprehensive Income": "(8)"
  },
  "2021": {
    "Turnover": "12536",
    "Cost Of Sales": "(11892)",
    "Gross Profit": "644",
    "Distribution Costs": "(154)",
    "Administrative Expenses": "(223)",
    "Other Operating Income": "4",
    "Operating Profit": "289",
    "Income From Fixed Asset Investments": "6",
    "Interest Receivable And Similar Income": "2",
    "Interest Payable And Similar Expenses": "(1)",
    "Other Finance Income": "8",
    "Profit Before Tax": "301",
    "Tax On Profit": "(70)",
    "Profit": "231",
    "Other Comprehensive Income": "149",
    "Actuarial Gains On Defined Benefit Pension Scheme": "168",
    "Movement Of Deferred Tax Relating To Pension Deficit": "(29)",
    "Total Comprehensive Income": "510"
  },
  "2022": {
    "Turnover": "27376",
    "Cost Of Sales": "(25166)",
    "Gross Profit": "2210",
    "Distribution Costs": "(152)",
    "Administrative Expenses": "(174)",
    "Other Operating Income": "0",
    "Operating Profit": "1888",
    "Income From Fixed Asset Investments": "10",
    "Impairment Of Fixed Asset Investments": "(107)",
    "Interest Receivable And Similar Income": "12",
    "Interest Payable And Similar Expenses": "(2)",
    "Other Finance Income": "6",
    "Profit Before Tax": "1707",
    "Tax On Profit": "(392)",
    "Profit": "1336",
    "Other Comprehensive Income": "96",
    "Actuarial Gains On Defined Benefit Pension Scheme": "213",
    "Pension Surplus Not Recognised": "4",
    "Movement Of Deferred Tax Relating To Pension Deficit": "(28)",
    "Total Comprehensive Income": "1420"
  },
  "2023": {
    "Turnover": "11207",
    "Cost Of Sales": "(10801)",
    "Gross Profit": "406",
    "Distribution Costs": "(77)",
    "Administrative Expenses": "(77)",
    "Other Operating Income": "1",
    "Operating Profit": "253",
    "Income From Fixed Asset Investments": "11",
    "Impairment Of Fixed Asset Investments": "(107)",
    "Interest Receivable And Similar Income": "52",
    "Interest Payable And Similar Expenses": "(4)",
    "Other Finance Income": "16",
    "Profit Before Tax": "328",
    "Tax On Profit": "(73)",
    "Profit": "255",
    "Actuarial Gains On Defined Benefit Pension Scheme": "70",
    "Pension Surplus Not Recognised": "5",
    "Movement Of Deferred Tax Relating To Pension Deficit": "(17)",
    "Other Comprehensive Income": "58",
    "Total Comprehensive Income": "313"
  }
}
2025-01-16 13:13:07,149 - INFO - [SUCCESS] Processed chunk 2019-2023 for profit_and_loss
2025-01-16 13:13:17,801 - INFO - [SUCCESS] Created standardized mapping for 93 balance_sheet line items
2025-01-16 13:13:28,748 - INFO - Raw response for balance_sheet chunk ['2009', '2010', '2011', '2012', '2013']:
2025-01-16 13:13:28,749 - INFO - Response before cleaning: ```json
{
  "2009": {
    "Fixed Assets Intangible Assets": "1,429",
    "Fixed Assets Tangible Assets": "1,441",
    "Fixed Assets Investments": "10",
    "Current Assets Stocks": "570",
    "Current Assets Debtors": "1,244",
    "Current Assets Cash At Bank": "1,819",
    "Creditors Amounts Falling Due Within One Year": "(1,233)",
    "Creditors Amounts Falling Due After More Than One Year": "(318)",
    "Provisions For Liabilities Deferred Tax": "(61)",
    "Provisions For Liabilities Other Provisions": "(1)",
    "Net Current Assets": "586",
    "Total Assets Less Current Liabilities": "2,027",
    "Net Assets Excluding Pension Scheme Assets": "1,647",
    "Net Assets Including Pension Scheme Assets": "1,165",
    "Called Up Share Capital": "573",
    "Revaluation Reserve": "424",
    "Capital Reserves": "3",
    "Profit And Loss Account": "470",
    "Shareholders Funds": "1,165"
  },
  "2010": {
    "Fixed Assets Intangible Assets": "2864",
    "Fixed Assets Tangible Assets": "1455",
    "Fixed Assets Investments": "1455",
    "Current Assets Stocks": "1418",
    "Current Assets Debtors": "2084",
    "Current Assets Cash At Bank": "3504",
    "Creditors Amounts Falling Due Within One Year": "(2028)",
    "Creditors Amounts Falling Due After More Than One Year": "(634)",
    "Provisions For Liabilities Deferred Tax": "(61)",
    "Provisions For Liabilities Other Provisions": "(61)",
    "Net Current Assets": "1476",
    "Total Assets Less Current Liabilities": "4366",
    "Net Assets Excluding Pension Scheme Assets Liabilities": "1,809",
    "Defined Benefit Pension Scheme Liability": "(336)",
    "Net Assets Including Pension Scheme Assets Liabilities": "1,473",
    "Called Up Share Capital": "1146",
    "Revaluation Reserve": "838",
    "Capital Reserves": "6",
    "Profit And Loss Account": "956",
    "Shareholders Funds": "1,473"
  },
  "2011": {
    "Fixed Assets Intangible Assets": "2870",
    "Fixed Assets Tangible Assets": "1456",
    "Fixed Assets Investments": "1446",
    "Current Assets Stocks": "1530",
    "Current Assets Debtors": "2875",
    "Current Assets Cash At Bank": "1820",
    "Creditors Amounts Falling Due Within One Year": "(2622)",
    "Creditors Amounts Falling Due After More Than One Year": "(634)",
    "Provisions For Liabilities Deferred Tax": "(128)",
    "Provisions For Liabilities Other Provisions": "(61)",
    "Net Current Assets": "1018",
    "Total Assets Less Current Liabilities": "3910",
    "Net Assets Excluding Pension Scheme Assets Liabilities": "1,562",
    "Defined Benefit Pension Scheme Liability": "(858)",
    "Net Assets Including Pension Scheme Assets Liabilities": "1,133",
    "Called Up Share Capital": "573",
    "Revaluation Reserve": "413",
    "Capital Reserves": "3",
    "Profit And Loss Account": "144",
    "Shareholders Funds": "1.133"
  },
  "2012": {
    "Fixed Assets Intangible Assets": "2715",
    "Fixed Assets Tangible Assets": "2715",
    "Fixed Assets Investments": "1435",
    "Current Assets Stocks": "1688",
    "Current Assets Debtors": "2892",
    "Creditors Amounts Falling Due Within One Year": "(2608)",
    "Creditors Amounts Falling Due After More Than One Year": "(634)",
    "Provisions For Liabilities Deferred Tax": "(70)",
    "Provisions For Liabilities Other Provisions": "(78)",
    "Net Current Assets": "1128",
    "Total Assets Less Current Liabilities": "3844",
    "Net Assets Excluding Pension Scheme Liabilities": "1,535",
    "Defined Benefit Pension Scheme Liability": "(660)",
    "Net Assets Including Pension Scheme Liabilities": "1,205",
    "Called Up Share Capital": "1146",
    "Revaluation Reserve": "724",
    "Capital Reserves": "6",
    "Profit And Loss Account": "534",
    "Shareholders Funds": "1,205"
  },
  "2013": {
    "Fixed Assets Intangible Assets": "1296",
    "Fixed Assets Tangible Assets": "2590",
    "Fixed Assets Investments": "2592",
    "Current Assets Stocks": "1834",
    "Current Assets Debtors": "1508",
    "Creditors Amounts Falling Due Within One Year": "(2496)",
    "Creditors Amounts Falling Due After More Than One Year": "(230)",
    "Provisions For Liabilities Deferred Tax": "(90)",
    "Provisions For Liabilities Other Provisions": "(14)",
    "Net Current Assets": "846",
    "Total Assets Less Current Liabilities": "3438",
    "Net Assets Excluding Pension Scheme Liabilities": "3104",
    "Defined Benefit Pension Scheme Liability": "(412)",
    "Net Assets Including Pension Scheme Liabilities": "2692",
    "Called Up Share Capital": "1146",
    "Revaluation Reserve": "728",
    "Capital Reserves": "6",
    "Profit And Loss Account": "812",
    "Shareholders Funds": "2692"
  }
}
```
2025-01-16 13:13:28,749 - INFO - Response after cleaning: 
{
  "2009": {
    "Fixed Assets Intangible Assets": "1,429",
    "Fixed Assets Tangible Assets": "1,441",
    "Fixed Assets Investments": "10",
    "Current Assets Stocks": "570",
    "Current Assets Debtors": "1,244",
    "Current Assets Cash At Bank": "1,819",
    "Creditors Amounts Falling Due Within One Year": "(1,233)",
    "Creditors Amounts Falling Due After More Than One Year": "(318)",
    "Provisions For Liabilities Deferred Tax": "(61)",
    "Provisions For Liabilities Other Provisions": "(1)",
    "Net Current Assets": "586",
    "Total Assets Less Current Liabilities": "2,027",
    "Net Assets Excluding Pension Scheme Assets": "1,647",
    "Net Assets Including Pension Scheme Assets": "1,165",
    "Called Up Share Capital": "573",
    "Revaluation Reserve": "424",
    "Capital Reserves": "3",
    "Profit And Loss Account": "470",
    "Shareholders Funds": "1,165"
  },
  "2010": {
    "Fixed Assets Intangible Assets": "2864",
    "Fixed Assets Tangible Assets": "1455",
    "Fixed Assets Investments": "1455",
    "Current Assets Stocks": "1418",
    "Current Assets Debtors": "2084",
    "Current Assets Cash At Bank": "3504",
    "Creditors Amounts Falling Due Within One Year": "(2028)",
    "Creditors Amounts Falling Due After More Than One Year": "(634)",
    "Provisions For Liabilities Deferred Tax": "(61)",
    "Provisions For Liabilities Other Provisions": "(61)",
    "Net Current Assets": "1476",
    "Total Assets Less Current Liabilities": "4366",
    "Net Assets Excluding Pension Scheme Assets Liabilities": "1,809",
    "Defined Benefit Pension Scheme Liability": "(336)",
    "Net Assets Including Pension Scheme Assets Liabilities": "1,473",
    "Called Up Share Capital": "1146",
    "Revaluation Reserve": "838",
    "Capital Reserves": "6",
    "Profit And Loss Account": "956",
    "Shareholders Funds": "1,473"
  },
  "2011": {
    "Fixed Assets Intangible Assets": "2870",
    "Fixed Assets Tangible Assets": "1456",
    "Fixed Assets Investments": "1446",
    "Current Assets Stocks": "1530",
    "Current Assets Debtors": "2875",
    "Current Assets Cash At Bank": "1820",
    "Creditors Amounts Falling Due Within One Year": "(2622)",
    "Creditors Amounts Falling Due After More Than One Year": "(634)",
    "Provisions For Liabilities Deferred Tax": "(128)",
    "Provisions For Liabilities Other Provisions": "(61)",
    "Net Current Assets": "1018",
    "Total Assets Less Current Liabilities": "3910",
    "Net Assets Excluding Pension Scheme Assets Liabilities": "1,562",
    "Defined Benefit Pension Scheme Liability": "(858)",
    "Net Assets Including Pension Scheme Assets Liabilities": "1,133",
    "Called Up Share Capital": "573",
    "Revaluation Reserve": "413",
    "Capital Reserves": "3",
    "Profit And Loss Account": "144",
    "Shareholders Funds": "1.133"
  },
  "2012": {
    "Fixed Assets Intangible Assets": "2715",
    "Fixed Assets Tangible Assets": "2715",
    "Fixed Assets Investments": "1435",
    "Current Assets Stocks": "1688",
    "Current Assets Debtors": "2892",
    "Creditors Amounts Falling Due Within One Year": "(2608)",
    "Creditors Amounts Falling Due After More Than One Year": "(634)",
    "Provisions For Liabilities Deferred Tax": "(70)",
    "Provisions For Liabilities Other Provisions": "(78)",
    "Net Current Assets": "1128",
    "Total Assets Less Current Liabilities": "3844",
    "Net Assets Excluding Pension Scheme Liabilities": "1,535",
    "Defined Benefit Pension Scheme Liability": "(660)",
    "Net Assets Including Pension Scheme Liabilities": "1,205",
    "Called Up Share Capital": "1146",
    "Revaluation Reserve": "724",
    "Capital Reserves": "6",
    "Profit And Loss Account": "534",
    "Shareholders Funds": "1,205"
  },
  "2013": {
    "Fixed Assets Intangible Assets": "1296",
    "Fixed Assets Tangible Assets": "2590",
    "Fixed Assets Investments": "2592",
    "Current Assets Stocks": "1834",
    "Current Assets Debtors": "1508",
    "Creditors Amounts Falling Due Within One Year": "(2496)",
    "Creditors Amounts Falling Due After More Than One Year": "(230)",
    "Provisions For Liabilities Deferred Tax": "(90)",
    "Provisions For Liabilities Other Provisions": "(14)",
    "Net Current Assets": "846",
    "Total Assets Less Current Liabilities": "3438",
    "Net Assets Excluding Pension Scheme Liabilities": "3104",
    "Defined Benefit Pension Scheme Liability": "(412)",
    "Net Assets Including Pension Scheme Liabilities": "2692",
    "Called Up Share Capital": "1146",
    "Revaluation Reserve": "728",
    "Capital Reserves": "6",
    "Profit And Loss Account": "812",
    "Shareholders Funds": "2692"
  }
}

2025-01-16 13:13:28,750 - INFO - Extracted JSON string: {
  "2009": {
    "Fixed Assets Intangible Assets": "1,429",
    "Fixed Assets Tangible Assets": "1,441",
    "Fixed Assets Investments": "10",
    "Current Assets Stocks": "570",
    "Current Assets Debtors": "1,244",
    "Current Assets Cash At Bank": "1,819",
    "Creditors Amounts Falling Due Within One Year": "(1,233)",
    "Creditors Amounts Falling Due After More Than One Year": "(318)",
    "Provisions For Liabilities Deferred Tax": "(61)",
    "Provisions For Liabilities Other Provisions": "(1)",
    "Net Current Assets": "586",
    "Total Assets Less Current Liabilities": "2,027",
    "Net Assets Excluding Pension Scheme Assets": "1,647",
    "Net Assets Including Pension Scheme Assets": "1,165",
    "Called Up Share Capital": "573",
    "Revaluation Reserve": "424",
    "Capital Reserves": "3",
    "Profit And Loss Account": "470",
    "Shareholders Funds": "1,165"
  },
  "2010": {
    "Fixed Assets Intangible Assets": "2864",
    "Fixed Assets Tangible Assets": "1455",
    "Fixed Assets Investments": "1455",
    "Current Assets Stocks": "1418",
    "Current Assets Debtors": "2084",
    "Current Assets Cash At Bank": "3504",
    "Creditors Amounts Falling Due Within One Year": "(2028)",
    "Creditors Amounts Falling Due After More Than One Year": "(634)",
    "Provisions For Liabilities Deferred Tax": "(61)",
    "Provisions For Liabilities Other Provisions": "(61)",
    "Net Current Assets": "1476",
    "Total Assets Less Current Liabilities": "4366",
    "Net Assets Excluding Pension Scheme Assets Liabilities": "1,809",
    "Defined Benefit Pension Scheme Liability": "(336)",
    "Net Assets Including Pension Scheme Assets Liabilities": "1,473",
    "Called Up Share Capital": "1146",
    "Revaluation Reserve": "838",
    "Capital Reserves": "6",
    "Profit And Loss Account": "956",
    "Shareholders Funds": "1,473"
  },
  "2011": {
    "Fixed Assets Intangible Assets": "2870",
    "Fixed Assets Tangible Assets": "1456",
    "Fixed Assets Investments": "1446",
    "Current Assets Stocks": "1530",
    "Current Assets Debtors": "2875",
    "Current Assets Cash At Bank": "1820",
    "Creditors Amounts Falling Due Within One Year": "(2622)",
    "Creditors Amounts Falling Due After More Than One Year": "(634)",
    "Provisions For Liabilities Deferred Tax": "(128)",
    "Provisions For Liabilities Other Provisions": "(61)",
    "Net Current Assets": "1018",
    "Total Assets Less Current Liabilities": "3910",
    "Net Assets Excluding Pension Scheme Assets Liabilities": "1,562",
    "Defined Benefit Pension Scheme Liability": "(858)",
    "Net Assets Including Pension Scheme Assets Liabilities": "1,133",
    "Called Up Share Capital": "573",
    "Revaluation Reserve": "413",
    "Capital Reserves": "3",
    "Profit And Loss Account": "144",
    "Shareholders Funds": "1.133"
  },
  "2012": {
    "Fixed Assets Intangible Assets": "2715",
    "Fixed Assets Tangible Assets": "2715",
    "Fixed Assets Investments": "1435",
    "Current Assets Stocks": "1688",
    "Current Assets Debtors": "2892",
    "Creditors Amounts Falling Due Within One Year": "(2608)",
    "Creditors Amounts Falling Due After More Than One Year": "(634)",
    "Provisions For Liabilities Deferred Tax": "(70)",
    "Provisions For Liabilities Other Provisions": "(78)",
    "Net Current Assets": "1128",
    "Total Assets Less Current Liabilities": "3844",
    "Net Assets Excluding Pension Scheme Liabilities": "1,535",
    "Defined Benefit Pension Scheme Liability": "(660)",
    "Net Assets Including Pension Scheme Liabilities": "1,205",
    "Called Up Share Capital": "1146",
    "Revaluation Reserve": "724",
    "Capital Reserves": "6",
    "Profit And Loss Account": "534",
    "Shareholders Funds": "1,205"
  },
  "2013": {
    "Fixed Assets Intangible Assets": "1296",
    "Fixed Assets Tangible Assets": "2590",
    "Fixed Assets Investments": "2592",
    "Current Assets Stocks": "1834",
    "Current Assets Debtors": "1508",
    "Creditors Amounts Falling Due Within One Year": "(2496)",
    "Creditors Amounts Falling Due After More Than One Year": "(230)",
    "Provisions For Liabilities Deferred Tax": "(90)",
    "Provisions For Liabilities Other Provisions": "(14)",
    "Net Current Assets": "846",
    "Total Assets Less Current Liabilities": "3438",
    "Net Assets Excluding Pension Scheme Liabilities": "3104",
    "Defined Benefit Pension Scheme Liability": "(412)",
    "Net Assets Including Pension Scheme Liabilities": "2692",
    "Called Up Share Capital": "1146",
    "Revaluation Reserve": "728",
    "Capital Reserves": "6",
    "Profit And Loss Account": "812",
    "Shareholders Funds": "2692"
  }
}
2025-01-16 13:13:28,751 - INFO - [SUCCESS] Processed chunk 2009-2013 for balance_sheet
2025-01-16 13:13:41,568 - INFO - Raw response for balance_sheet chunk ['2014', '2015', '2016', '2017', '2018']:
2025-01-16 13:13:41,569 - INFO - Response before cleaning: ```json
{
  "2014": {
    "Fixed Assets Intangible": "12",
    "Fixed Assets Tangible": "2130",
    "Fixed Assets Investments": "1302",
    "Current Assets Stocks": "1052",
    "Current Assets Debtors Amounts Falling Due After More Than One Year": "12",
    "Current Assets Debtors Amounts Falling Due Within One Year": "676",
    "Current Assets Debtors": "690",
    "Creditors Amounts Falling Due Within One Year": "-1741",
    "Creditors Amounts Falling Due After More Than One Year": "-226",
    "Provisions For Liabilities Deferred Tax": "-83",
    "Other Provisions": "-14",
    "Net Assets Excluding Pension Scheme Liability": "1491",
    "Defined Benefit Pension Scheme Liability": "-118",
    "Net Assets Including Pension Scheme Liability": "1373",
    "Called Up Share Capital": "1146",
    "Revaluation Reserve": "462",
    "Capital Reserves": "3",
    "Profit And Loss Account": "658",
    "Shareholders Funds": "1373",
    "Net Current Assets": "343",
    "Total Assets Less Current Liabilities": "1183",
    "Pension Liability": "-118",
    "Net Assets": "899",
    "Capital And Reserves": "573",
    "Other Reserves": "3"
  },
  "2015": {
    "Fixed Assets Intangible": "682",
    "Fixed Assets Tangible": "1350",
    "Current Assets Stocks": "1028",
    "Current Assets Inventories": "514",
    "Current Assets Debtors Amounts Falling Due After More Than One Year": "26",
    "Current Assets Debtors Amounts Falling Due Within One Year": "2644",
    "Creditors Amounts Falling Due Within One Year": "-1698",
    "Net Current Assets": "1098",
    "Total Assets Less Current Liabilities": "2462",
    "Creditors Amounts Falling Due After More Than One Year": "-220",
    "Provisions For Liabilities Deferred Tax": "-74",
    "Other Provisions": "-26",
    "Pension Liability": "-246",
    "Net Assets": "1896",
    "Called Up Share Capital": "1146",
    "Other Reserves": "6",
    "Profit And Loss Account": "744",
    "Capital And Reserves Called Up Share Capital": "573",
    "Capital And Reserves": "573"
  },
  "2016": {
    "Fixed Assets Intangible": "1307",
    "Fixed Assets Tangible": "1318",
    "Current Assets Inventories": "1254",
    "Current Assets Debtors Amounts Falling Due After More Than One Year": "34",
    "Current Assets Debtors Amounts Falling Due Within One Year": "3166",
    "Creditors Amounts Falling Due Within One Year": "-1996",
    "Net Current Assets": "1554",
    "Total Assets Less Current Liabilities": "2872",
    "Creditors Amounts Falling Due After More Than One Year": "-216",
    "Provisions For Liabilities": "-50",
    "Deferred Tax": "-99",
    "Pension Liability": "-313",
    "Net Assets": "2274",
    "Capital And Reserves Called Up Share Capital": "1146",
    "Other Reserves": "6",
    "Profit And Loss Account": "2262",
    "Fixed Assets": "648",
    "Debtors Amounts Falling Due After More Than One Year": "17",
    "Debtors Amounts Falling Due Within One Year": "2037",
    "Pension Asset": "1777",
    "Net Current Assets": "779",
    "Total Assets Less Current Liabilities": "1438",
    "Capital And Reserves": "573",
    "Called up share capital": "3",
    "Other reserves": "561",
    "Profit and loss account": "1137"
  },
  "2017": {
    "Fixed Assets": "630",
    "Intangible Fixed Assets": "643",
    "Current Assets": "671",
    "Inventories": "957",
    "Debtors Amounts Falling Due After More Than One Year": "41",
    "Debtors Amounts Falling Due Within One Year": "1345",
    "Pension Asset": "2425",
    "Creditors Amounts Falling Due Within One Year": "-2156",
    "Net Current Assets": "1918",
    "Total Assets Less Current Liabilities": "3204",
    "Creditors Amounts Falling Due After More Than One Year": "-200",
    "Provisions For Liabilities": "-58",
    "Deferred Tax": "-22",
    "Pension Liability": "-316",
    "Net Assets": "2528",
    "Capital And Reserves": "573",
    "Called up share capital": "3",
    "Other reserves": "688",
    "Profit and loss account": "2528",
    "Fixed Assets Intangible Fixed Assets": "22",
    "Fixed Assets Tangible Fixed Assets": "630",
    "Fixed Assets Investments": "643",
    "Current Assets Inventories": "671",
    "Current Assets Debtors Amounts Falling Due After More Than One Year": "20",
    "Current Assets Debtors Amounts Falling Due Within One Year": "957",
    "Capital And Reserves Called Up Share Capital": "573",
    "Other Reserves": "3",
    "Profit And Loss Account": "688",
    "Provisions For Liabilities Deferred Tax": "-58",
    "Other Provisions": "-22"
  },
  "2018": {
    "Fixed Assets Intangible Fixed Assets": "26",
    "Fixed Assets Tangible Fixed Assets": "1332",
    "Fixed Assets Investments": "664,
    "Current Assets Inventories": "1444",
    "Current Assets Debtors Amounts Falling Due After More Than One Year": "40",
    "Current Assets Debtors Amounts Falling Due Within One Year": "2328",
    "Pension Asset": "674",
    "Creditors Amounts Falling Due Within One Year": "-2640",
    "Net Current Assets": "1846",
    "Total Assets Less Current Liabilities": "3886",
    "Creditors Amounts Falling Due After More Than One Year": "-200",
    "Provisions For Liabilities Deferred Tax": "-94",
    "Other Provisions": "-54",
    "Pension Liability": "-386",
    "Net Assets": "3152",
    "Capital And Reserves Called Up Share Capital": "1906",
    "Other Reserves": "6",
    "Profit And Loss Account": "1240",
    "Deferred Tax": "-47"
  }
}
```
2025-01-16 13:13:41,570 - INFO - Response after cleaning: 
{
  "2014": {
    "Fixed Assets Intangible": "12",
    "Fixed Assets Tangible": "2130",
    "Fixed Assets Investments": "1302",
    "Current Assets Stocks": "1052",
    "Current Assets Debtors Amounts Falling Due After More Than One Year": "12",
    "Current Assets Debtors Amounts Falling Due Within One Year": "676",
    "Current Assets Debtors": "690",
    "Creditors Amounts Falling Due Within One Year": "-1741",
    "Creditors Amounts Falling Due After More Than One Year": "-226",
    "Provisions For Liabilities Deferred Tax": "-83",
    "Other Provisions": "-14",
    "Net Assets Excluding Pension Scheme Liability": "1491",
    "Defined Benefit Pension Scheme Liability": "-118",
    "Net Assets Including Pension Scheme Liability": "1373",
    "Called Up Share Capital": "1146",
    "Revaluation Reserve": "462",
    "Capital Reserves": "3",
    "Profit And Loss Account": "658",
    "Shareholders Funds": "1373",
    "Net Current Assets": "343",
    "Total Assets Less Current Liabilities": "1183",
    "Pension Liability": "-118",
    "Net Assets": "899",
    "Capital And Reserves": "573",
    "Other Reserves": "3"
  },
  "2015": {
    "Fixed Assets Intangible": "682",
    "Fixed Assets Tangible": "1350",
    "Current Assets Stocks": "1028",
    "Current Assets Inventories": "514",
    "Current Assets Debtors Amounts Falling Due After More Than One Year": "26",
    "Current Assets Debtors Amounts Falling Due Within One Year": "2644",
    "Creditors Amounts Falling Due Within One Year": "-1698",
    "Net Current Assets": "1098",
    "Total Assets Less Current Liabilities": "2462",
    "Creditors Amounts Falling Due After More Than One Year": "-220",
    "Provisions For Liabilities Deferred Tax": "-74",
    "Other Provisions": "-26",
    "Pension Liability": "-246",
    "Net Assets": "1896",
    "Called Up Share Capital": "1146",
    "Other Reserves": "6",
    "Profit And Loss Account": "744",
    "Capital And Reserves Called Up Share Capital": "573",
    "Capital And Reserves": "573"
  },
  "2016": {
    "Fixed Assets Intangible": "1307",
    "Fixed Assets Tangible": "1318",
    "Current Assets Inventories": "1254",
    "Current Assets Debtors Amounts Falling Due After More Than One Year": "34",
    "Current Assets Debtors Amounts Falling Due Within One Year": "3166",
    "Creditors Amounts Falling Due Within One Year": "-1996",
    "Net Current Assets": "1554",
    "Total Assets Less Current Liabilities": "2872",
    "Creditors Amounts Falling Due After More Than One Year": "-216",
    "Provisions For Liabilities": "-50",
    "Deferred Tax": "-99",
    "Pension Liability": "-313",
    "Net Assets": "2274",
    "Capital And Reserves Called Up Share Capital": "1146",
    "Other Reserves": "6",
    "Profit And Loss Account": "2262",
    "Fixed Assets": "648",
    "Debtors Amounts Falling Due After More Than One Year": "17",
    "Debtors Amounts Falling Due Within One Year": "2037",
    "Pension Asset": "1777",
    "Net Current Assets": "779",
    "Total Assets Less Current Liabilities": "1438",
    "Capital And Reserves": "573",
    "Called up share capital": "3",
    "Other reserves": "561",
    "Profit and loss account": "1137"
  },
  "2017": {
    "Fixed Assets": "630",
    "Intangible Fixed Assets": "643",
    "Current Assets": "671",
    "Inventories": "957",
    "Debtors Amounts Falling Due After More Than One Year": "41",
    "Debtors Amounts Falling Due Within One Year": "1345",
    "Pension Asset": "2425",
    "Creditors Amounts Falling Due Within One Year": "-2156",
    "Net Current Assets": "1918",
    "Total Assets Less Current Liabilities": "3204",
    "Creditors Amounts Falling Due After More Than One Year": "-200",
    "Provisions For Liabilities": "-58",
    "Deferred Tax": "-22",
    "Pension Liability": "-316",
    "Net Assets": "2528",
    "Capital And Reserves": "573",
    "Called up share capital": "3",
    "Other reserves": "688",
    "Profit and loss account": "2528",
    "Fixed Assets Intangible Fixed Assets": "22",
    "Fixed Assets Tangible Fixed Assets": "630",
    "Fixed Assets Investments": "643",
    "Current Assets Inventories": "671",
    "Current Assets Debtors Amounts Falling Due After More Than One Year": "20",
    "Current Assets Debtors Amounts Falling Due Within One Year": "957",
    "Capital And Reserves Called Up Share Capital": "573",
    "Other Reserves": "3",
    "Profit And Loss Account": "688",
    "Provisions For Liabilities Deferred Tax": "-58",
    "Other Provisions": "-22"
  },
  "2018": {
    "Fixed Assets Intangible Fixed Assets": "26",
    "Fixed Assets Tangible Fixed Assets": "1332",
    "Fixed Assets Investments": "664,
    "Current Assets Inventories": "1444",
    "Current Assets Debtors Amounts Falling Due After More Than One Year": "40",
    "Current Assets Debtors Amounts Falling Due Within One Year": "2328",
    "Pension Asset": "674",
    "Creditors Amounts Falling Due Within One Year": "-2640",
    "Net Current Assets": "1846",
    "Total Assets Less Current Liabilities": "3886",
    "Creditors Amounts Falling Due After More Than One Year": "-200",
    "Provisions For Liabilities Deferred Tax": "-94",
    "Other Provisions": "-54",
    "Pension Liability": "-386",
    "Net Assets": "3152",
    "Capital And Reserves Called Up Share Capital": "1906",
    "Other Reserves": "6",
    "Profit And Loss Account": "1240",
    "Deferred Tax": "-47"
  }
}

2025-01-16 13:13:41,570 - INFO - Extracted JSON string: {
  "2014": {
    "Fixed Assets Intangible": "12",
    "Fixed Assets Tangible": "2130",
    "Fixed Assets Investments": "1302",
    "Current Assets Stocks": "1052",
    "Current Assets Debtors Amounts Falling Due After More Than One Year": "12",
    "Current Assets Debtors Amounts Falling Due Within One Year": "676",
    "Current Assets Debtors": "690",
    "Creditors Amounts Falling Due Within One Year": "-1741",
    "Creditors Amounts Falling Due After More Than One Year": "-226",
    "Provisions For Liabilities Deferred Tax": "-83",
    "Other Provisions": "-14",
    "Net Assets Excluding Pension Scheme Liability": "1491",
    "Defined Benefit Pension Scheme Liability": "-118",
    "Net Assets Including Pension Scheme Liability": "1373",
    "Called Up Share Capital": "1146",
    "Revaluation Reserve": "462",
    "Capital Reserves": "3",
    "Profit And Loss Account": "658",
    "Shareholders Funds": "1373",
    "Net Current Assets": "343",
    "Total Assets Less Current Liabilities": "1183",
    "Pension Liability": "-118",
    "Net Assets": "899",
    "Capital And Reserves": "573",
    "Other Reserves": "3"
  },
  "2015": {
    "Fixed Assets Intangible": "682",
    "Fixed Assets Tangible": "1350",
    "Current Assets Stocks": "1028",
    "Current Assets Inventories": "514",
    "Current Assets Debtors Amounts Falling Due After More Than One Year": "26",
    "Current Assets Debtors Amounts Falling Due Within One Year": "2644",
    "Creditors Amounts Falling Due Within One Year": "-1698",
    "Net Current Assets": "1098",
    "Total Assets Less Current Liabilities": "2462",
    "Creditors Amounts Falling Due After More Than One Year": "-220",
    "Provisions For Liabilities Deferred Tax": "-74",
    "Other Provisions": "-26",
    "Pension Liability": "-246",
    "Net Assets": "1896",
    "Called Up Share Capital": "1146",
    "Other Reserves": "6",
    "Profit And Loss Account": "744",
    "Capital And Reserves Called Up Share Capital": "573",
    "Capital And Reserves": "573"
  },
  "2016": {
    "Fixed Assets Intangible": "1307",
    "Fixed Assets Tangible": "1318",
    "Current Assets Inventories": "1254",
    "Current Assets Debtors Amounts Falling Due After More Than One Year": "34",
    "Current Assets Debtors Amounts Falling Due Within One Year": "3166",
    "Creditors Amounts Falling Due Within One Year": "-1996",
    "Net Current Assets": "1554",
    "Total Assets Less Current Liabilities": "2872",
    "Creditors Amounts Falling Due After More Than One Year": "-216",
    "Provisions For Liabilities": "-50",
    "Deferred Tax": "-99",
    "Pension Liability": "-313",
    "Net Assets": "2274",
    "Capital And Reserves Called Up Share Capital": "1146",
    "Other Reserves": "6",
    "Profit And Loss Account": "2262",
    "Fixed Assets": "648",
    "Debtors Amounts Falling Due After More Than One Year": "17",
    "Debtors Amounts Falling Due Within One Year": "2037",
    "Pension Asset": "1777",
    "Net Current Assets": "779",
    "Total Assets Less Current Liabilities": "1438",
    "Capital And Reserves": "573",
    "Called up share capital": "3",
    "Other reserves": "561",
    "Profit and loss account": "1137"
  },
  "2017": {
    "Fixed Assets": "630",
    "Intangible Fixed Assets": "643",
    "Current Assets": "671",
    "Inventories": "957",
    "Debtors Amounts Falling Due After More Than One Year": "41",
    "Debtors Amounts Falling Due Within One Year": "1345",
    "Pension Asset": "2425",
    "Creditors Amounts Falling Due Within One Year": "-2156",
    "Net Current Assets": "1918",
    "Total Assets Less Current Liabilities": "3204",
    "Creditors Amounts Falling Due After More Than One Year": "-200",
    "Provisions For Liabilities": "-58",
    "Deferred Tax": "-22",
    "Pension Liability": "-316",
    "Net Assets": "2528",
    "Capital And Reserves": "573",
    "Called up share capital": "3",
    "Other reserves": "688",
    "Profit and loss account": "2528",
    "Fixed Assets Intangible Fixed Assets": "22",
    "Fixed Assets Tangible Fixed Assets": "630",
    "Fixed Assets Investments": "643",
    "Current Assets Inventories": "671",
    "Current Assets Debtors Amounts Falling Due After More Than One Year": "20",
    "Current Assets Debtors Amounts Falling Due Within One Year": "957",
    "Capital And Reserves Called Up Share Capital": "573",
    "Other Reserves": "3",
    "Profit And Loss Account": "688",
    "Provisions For Liabilities Deferred Tax": "-58",
    "Other Provisions": "-22"
  },
  "2018": {
    "Fixed Assets Intangible Fixed Assets": "26",
    "Fixed Assets Tangible Fixed Assets": "1332",
    "Fixed Assets Investments": "664,
    "Current Assets Inventories": "1444",
    "Current Assets Debtors Amounts Falling Due After More Than One Year": "40",
    "Current Assets Debtors Amounts Falling Due Within One Year": "2328",
    "Pension Asset": "674",
    "Creditors Amounts Falling Due Within One Year": "-2640",
    "Net Current Assets": "1846",
    "Total Assets Less Current Liabilities": "3886",
    "Creditors Amounts Falling Due After More Than One Year": "-200",
    "Provisions For Liabilities Deferred Tax": "-94",
    "Other Provisions": "-54",
    "Pension Liability": "-386",
    "Net Assets": "3152",
    "Capital And Reserves Called Up Share Capital": "1906",
    "Other Reserves": "6",
    "Profit And Loss Account": "1240",
    "Deferred Tax": "-47"
  }
}
2025-01-16 13:13:41,571 - ERROR - Failed to consolidate balance_sheet: Invalid control character at: line 113 column 38 (char 4653)
2025-01-16 13:23:22,975 - INFO - Starting FinState Analyzer
2025-01-16 13:23:22,989 - INFO - Processing file: company_00026538_accounts_2010.pdf with mime type: application/pdf
2025-01-16 13:23:22,989 - INFO - 
==================================================
2025-01-16 13:23:22,989 - INFO - Processing: company_00026538_accounts_2010.pdf
2025-01-16 13:23:22,990 - INFO - ==================================================
2025-01-16 13:23:27,089 - INFO - [SUCCESS] File uploaded successfully
2025-01-16 13:23:39,114 - INFO - [SUCCESS] Successfully parsed JSON response
2025-01-16 13:23:39,114 - INFO - [SUCCESS] Added to consolidation queue (Total: 1)
2025-01-16 13:23:44,201 - INFO - [SUCCESS] Cleaned up uploaded file
2025-01-16 13:23:44,203 - INFO - Processing file: company_00026538_accounts_2011.pdf with mime type: application/pdf
2025-01-16 13:23:44,203 - INFO - 
==================================================
2025-01-16 13:23:44,203 - INFO - Processing: company_00026538_accounts_2011.pdf
2025-01-16 13:23:44,203 - INFO - ==================================================
2025-01-16 13:23:46,005 - INFO - [SUCCESS] File uploaded successfully
2025-01-16 13:23:56,114 - INFO - [SUCCESS] Successfully parsed JSON response
2025-01-16 13:23:56,114 - INFO - [SUCCESS] Added to consolidation queue (Total: 2)
2025-01-16 13:23:56,758 - INFO - [SUCCESS] Cleaned up uploaded file
2025-01-16 13:23:56,759 - INFO - Processing file: company_00026538_accounts_2012.pdf with mime type: application/pdf
2025-01-16 13:23:56,759 - INFO - 
==================================================
2025-01-16 13:23:56,759 - INFO - Processing: company_00026538_accounts_2012.pdf
2025-01-16 13:23:56,760 - INFO - ==================================================
2025-01-16 13:23:58,478 - INFO - [SUCCESS] File uploaded successfully
2025-01-16 13:24:06,706 - INFO - [SUCCESS] Successfully parsed JSON response
2025-01-16 13:24:06,706 - INFO - [SUCCESS] Added to consolidation queue (Total: 3)
2025-01-16 13:24:07,214 - INFO - [SUCCESS] Cleaned up uploaded file
2025-01-16 13:24:07,215 - INFO - Processing file: company_00026538_accounts_2013.pdf with mime type: application/pdf
2025-01-16 13:24:07,215 - INFO - 
==================================================
2025-01-16 13:24:07,215 - INFO - Processing: company_00026538_accounts_2013.pdf
2025-01-16 13:24:07,215 - INFO - ==================================================
2025-01-16 13:24:09,045 - INFO - [SUCCESS] File uploaded successfully
2025-01-16 13:24:17,885 - INFO - [SUCCESS] Successfully parsed JSON response
2025-01-16 13:24:17,885 - INFO - [SUCCESS] Added to consolidation queue (Total: 4)
2025-01-16 13:24:18,332 - INFO - [SUCCESS] Cleaned up uploaded file
2025-01-16 13:24:18,334 - INFO - Processing file: company_00026538_accounts_2014.pdf with mime type: application/pdf
2025-01-16 13:24:18,335 - INFO - 
==================================================
2025-01-16 13:24:18,336 - INFO - Processing: company_00026538_accounts_2014.pdf
2025-01-16 13:24:18,336 - INFO - ==================================================
2025-01-16 13:24:20,341 - INFO - [SUCCESS] File uploaded successfully
2025-01-16 13:24:33,167 - INFO - [SUCCESS] Successfully parsed JSON response
2025-01-16 13:24:33,167 - INFO - [SUCCESS] Added to consolidation queue (Total: 5)
2025-01-16 13:24:33,676 - INFO - [SUCCESS] Cleaned up uploaded file
2025-01-16 13:24:33,677 - INFO - Processing file: company_00026538_accounts_2015.pdf with mime type: application/pdf
2025-01-16 13:24:33,677 - INFO - 
==================================================
2025-01-16 13:24:33,677 - INFO - Processing: company_00026538_accounts_2015.pdf
2025-01-16 13:24:33,678 - INFO - ==================================================
2025-01-16 13:24:35,645 - INFO - [SUCCESS] File uploaded successfully
2025-01-16 13:24:44,314 - INFO - [SUCCESS] Successfully parsed JSON response
2025-01-16 13:24:44,315 - INFO - [SUCCESS] Added to consolidation queue (Total: 6)
2025-01-16 13:24:44,811 - INFO - [SUCCESS] Cleaned up uploaded file
2025-01-16 13:24:44,813 - INFO - Processing file: company_00026538_accounts_2016.pdf with mime type: application/pdf
2025-01-16 13:24:44,813 - INFO - 
==================================================
2025-01-16 13:24:44,813 - INFO - Processing: company_00026538_accounts_2016.pdf
2025-01-16 13:24:44,815 - INFO - ==================================================
2025-01-16 13:24:46,821 - INFO - [SUCCESS] File uploaded successfully
2025-01-16 13:24:58,443 - INFO - [SUCCESS] Successfully parsed JSON response
2025-01-16 13:24:58,443 - INFO - [SUCCESS] Added to consolidation queue (Total: 7)
2025-01-16 13:24:59,089 - INFO - [SUCCESS] Cleaned up uploaded file
2025-01-16 13:24:59,090 - INFO - Processing file: company_00026538_accounts_2017.pdf with mime type: application/pdf
2025-01-16 13:24:59,090 - INFO - 
==================================================
2025-01-16 13:24:59,091 - INFO - Processing: company_00026538_accounts_2017.pdf
2025-01-16 13:24:59,091 - INFO - ==================================================
2025-01-16 13:25:01,361 - INFO - [SUCCESS] File uploaded successfully
2025-01-16 13:25:11,074 - INFO - [SUCCESS] Successfully parsed JSON response
2025-01-16 13:25:11,075 - INFO - [SUCCESS] Added to consolidation queue (Total: 8)
2025-01-16 13:25:11,722 - INFO - [SUCCESS] Cleaned up uploaded file
2025-01-16 13:25:11,724 - INFO - Processing file: company_00026538_accounts_2018.pdf with mime type: application/pdf
2025-01-16 13:25:11,724 - INFO - 
==================================================
2025-01-16 13:25:11,724 - INFO - Processing: company_00026538_accounts_2018.pdf
2025-01-16 13:25:11,725 - INFO - ==================================================
2025-01-16 13:25:13,832 - INFO - [SUCCESS] File uploaded successfully
2025-01-16 13:25:25,966 - INFO - [SUCCESS] Successfully parsed JSON response
2025-01-16 13:25:25,966 - INFO - [SUCCESS] Added to consolidation queue (Total: 9)
2025-01-16 13:25:26,748 - INFO - [SUCCESS] Cleaned up uploaded file
2025-01-16 13:25:26,754 - INFO - Processing file: company_00026538_accounts_2019.pdf with mime type: application/pdf
2025-01-16 13:25:26,754 - INFO - 
==================================================
2025-01-16 13:25:26,755 - INFO - Processing: company_00026538_accounts_2019.pdf
2025-01-16 13:25:26,755 - INFO - ==================================================
2025-01-16 13:25:28,990 - INFO - [SUCCESS] File uploaded successfully
2025-01-16 13:25:40,424 - INFO - [SUCCESS] Successfully parsed JSON response
2025-01-16 13:25:40,424 - INFO - [SUCCESS] Added to consolidation queue (Total: 10)
2025-01-16 13:25:40,848 - INFO - [SUCCESS] Cleaned up uploaded file
2025-01-16 13:25:40,849 - INFO - Processing file: company_00026538_accounts_2020.pdf with mime type: application/pdf
2025-01-16 13:25:40,849 - INFO - 
==================================================
2025-01-16 13:25:40,849 - INFO - Processing: company_00026538_accounts_2020.pdf
2025-01-16 13:25:40,849 - INFO - ==================================================
2025-01-16 13:25:43,102 - INFO - [SUCCESS] File uploaded successfully
2025-01-16 13:25:57,822 - INFO - [SUCCESS] Successfully parsed JSON response
2025-01-16 13:25:57,822 - INFO - [SUCCESS] Added to consolidation queue (Total: 11)
2025-01-16 13:25:58,564 - INFO - [SUCCESS] Cleaned up uploaded file
2025-01-16 13:25:58,566 - INFO - Processing file: company_00026538_accounts_2021.pdf with mime type: application/pdf
2025-01-16 13:25:58,566 - INFO - 
==================================================
2025-01-16 13:25:58,566 - INFO - Processing: company_00026538_accounts_2021.pdf
2025-01-16 13:25:58,567 - INFO - ==================================================
2025-01-16 13:26:00,838 - INFO - [SUCCESS] File uploaded successfully
2025-01-16 13:26:12,477 - INFO - [SUCCESS] Successfully parsed JSON response
2025-01-16 13:26:12,478 - INFO - [SUCCESS] Added to consolidation queue (Total: 12)
2025-01-16 13:26:12,843 - INFO - [SUCCESS] Cleaned up uploaded file
2025-01-16 13:26:12,844 - INFO - Processing file: company_00026538_accounts_2022.pdf with mime type: application/pdf
2025-01-16 13:26:12,845 - INFO - 
==================================================
2025-01-16 13:26:12,845 - INFO - Processing: company_00026538_accounts_2022.pdf
2025-01-16 13:26:12,845 - INFO - ==================================================
2025-01-16 13:26:15,178 - INFO - [SUCCESS] File uploaded successfully
2025-01-16 13:26:28,093 - INFO - [SUCCESS] Successfully parsed JSON response
2025-01-16 13:26:28,093 - INFO - [SUCCESS] Added to consolidation queue (Total: 13)
2025-01-16 13:26:28,560 - INFO - [SUCCESS] Cleaned up uploaded file
2025-01-16 13:26:28,561 - INFO - Processing file: company_00026538_accounts_2023.pdf with mime type: application/pdf
2025-01-16 13:26:28,561 - INFO - 
==================================================
2025-01-16 13:26:28,562 - INFO - Processing: company_00026538_accounts_2023.pdf
2025-01-16 13:26:28,562 - INFO - ==================================================
2025-01-16 13:26:31,481 - INFO - [SUCCESS] File uploaded successfully
2025-01-16 13:26:44,220 - INFO - [SUCCESS] Successfully parsed JSON response
2025-01-16 13:26:44,220 - INFO - [SUCCESS] Added to consolidation queue (Total: 14)
2025-01-16 13:26:44,632 - INFO - [SUCCESS] Cleaned up uploaded file
2025-01-16 13:26:56,547 - INFO - [SUCCESS] Created standardized mapping for 99 profit_and_loss line items
2025-01-16 13:27:05,200 - INFO - Raw response for profit_and_loss chunk ['2009', '2010', '2011', '2012', '2013']:
2025-01-16 13:27:05,200 - INFO - Response before cleaning: ```json
{
  "2009": {
    "Turnover": "6,803",
    "Cost Of Sales": "(6,198)",
    "Gross Profit": "605",
    "Distribution Costs": "(284)",
    "Administrative Expenses": "(17)",
    "Operating Profit": "304",
    "Exceptional Items": {
      "Net Profit On Sale Of Tangible Fixed Assets": "2",
      "Profit On Ordinary Activities Before Interest": "303",
      "Income From Other Fixed Asset Investments": "3",
      "Interest Receivable And Similar Income": "6",
      "Interest Payable And Similar Expenses": "(11)",
      "Other Finance Costs": "(1)"
    },
    "Profit Before Tax": "303",
    "Tax On Profit": "(85)",
    "Profit": "218"
  },
  "2010": {
    "Turnover": "17,394",
    "Cost Of Sales": "(16,220)",
    "Gross Profit": "1,174",
    "Distribution Costs": "(308)",
    "Administrative Expenses": "(44)",
    "Operating Profit": "532",
    "Exceptional Items": "3",
    "Net Profit On Sale Of Tangible Fixed Assets": "272",
    "Profit On Ordinary Activities Before Interest": "540",
    "Income From Fixed Asset Investments": "10",
    "Income From Other Fixed Asset Investments": "10",
    "Interest Receivable And Similar Income": "12",
    "Interest Payable And Similar Expenses": "(14)",
    "Other Finance Income": "(12)",
    "Profit Before Tax": "542",
    "Tax On Profit": "(150)",
    "Profit": "392"
  },
  "2011": {
    "Turnover": "22,620",
    "Cost Of Sales": "(21,954)",
    "Gross Profit": "9,363",
    "Distribution Costs": "(526)",
    "Administrative Expenses": "(308)",
    "Operating Profit": "648",
    "Exceptional Items": "258",
    "Net Profit On Sale Of Tangible Fixed Assets": "3",
    "Profit On Ordinary Activities Before Interest": "69, 
    "Income From Fixed Asset Investments": "2",
    "Interest Receivable And Similar Income": "4",
    "Interest Payable And Similar Expenses": "(3)",
    "Other Finance Income": "(6)",
    "Profit Before Tax": "154",
    "Tax On Profit": "(110)",
    "Profit": "44"
  },
  "2012": {
    "Turnover": "22,527",
    "Cost Of Sales": "(21,647)",
    "Gross Profit": "880",
    "Distribution Costs": "(452)",
    "Administrative Expenses": "(34)",
    "Operating Profit": "394",
    "Exceptional Items": "61",
    "Net Profit On Sale Of Tangible Fixed Assets": "55",
    "Profit On Disposal Of Subsidiary": "8",
    "Profit On Ordinary Activities Before Interest": "504",
    "Income From Other Fixed Asset Investments": "72",
    "Interest Receivable And Similar Income": "6",
    "Interest Payable And Similar Expenses": "(6)",
    "Other Finance Income": "(19)",
    "Profit Before Tax": "478",
    "Tax On Profit": "(112)",
    "Profit": "366"
  },
  "2013": {
    "Turnover": "20,212",
    "Cost Of Sales": "(19,780)",
    "Gross Profit": "432",
    "Distribution Costs": "(442)",
    "Administrative Expenses": "(66)",
    "Operating Profit": "(76)",
    "Exceptional Items": {
      "Net Profit On Sale Of Tangible Fixed Assets": "69",
      "Profit On Ordinary Activities Before Interest": "(48)",
      "Income From Other Fixed Asset Investments": "6",
      "Interest Receivable And Similar Income": "10",
      "Interest Payable And Similar Expenses": "(4)",
      "Other Finance Income": "8"
    },
    "Profit Before Tax": "242",
    "Tax On Profit": "(52)",
    "Profit": "190"
  }
}
```
2025-01-16 13:27:05,201 - INFO - Response after cleaning: 
{
  "2009": {
    "Turnover": "6,803",
    "Cost Of Sales": "(6,198)",
    "Gross Profit": "605",
    "Distribution Costs": "(284)",
    "Administrative Expenses": "(17)",
    "Operating Profit": "304",
    "Exceptional Items": {
      "Net Profit On Sale Of Tangible Fixed Assets": "2",
      "Profit On Ordinary Activities Before Interest": "303",
      "Income From Other Fixed Asset Investments": "3",
      "Interest Receivable And Similar Income": "6",
      "Interest Payable And Similar Expenses": "(11)",
      "Other Finance Costs": "(1)"
    },
    "Profit Before Tax": "303",
    "Tax On Profit": "(85)",
    "Profit": "218"
  },
  "2010": {
    "Turnover": "17,394",
    "Cost Of Sales": "(16,220)",
    "Gross Profit": "1,174",
    "Distribution Costs": "(308)",
    "Administrative Expenses": "(44)",
    "Operating Profit": "532",
    "Exceptional Items": "3",
    "Net Profit On Sale Of Tangible Fixed Assets": "272",
    "Profit On Ordinary Activities Before Interest": "540",
    "Income From Fixed Asset Investments": "10",
    "Income From Other Fixed Asset Investments": "10",
    "Interest Receivable And Similar Income": "12",
    "Interest Payable And Similar Expenses": "(14)",
    "Other Finance Income": "(12)",
    "Profit Before Tax": "542",
    "Tax On Profit": "(150)",
    "Profit": "392"
  },
  "2011": {
    "Turnover": "22,620",
    "Cost Of Sales": "(21,954)",
    "Gross Profit": "9,363",
    "Distribution Costs": "(526)",
    "Administrative Expenses": "(308)",
    "Operating Profit": "648",
    "Exceptional Items": "258",
    "Net Profit On Sale Of Tangible Fixed Assets": "3",
    "Profit On Ordinary Activities Before Interest": "69, 
    "Income From Fixed Asset Investments": "2",
    "Interest Receivable And Similar Income": "4",
    "Interest Payable And Similar Expenses": "(3)",
    "Other Finance Income": "(6)",
    "Profit Before Tax": "154",
    "Tax On Profit": "(110)",
    "Profit": "44"
  },
  "2012": {
    "Turnover": "22,527",
    "Cost Of Sales": "(21,647)",
    "Gross Profit": "880",
    "Distribution Costs": "(452)",
    "Administrative Expenses": "(34)",
    "Operating Profit": "394",
    "Exceptional Items": "61",
    "Net Profit On Sale Of Tangible Fixed Assets": "55",
    "Profit On Disposal Of Subsidiary": "8",
    "Profit On Ordinary Activities Before Interest": "504",
    "Income From Other Fixed Asset Investments": "72",
    "Interest Receivable And Similar Income": "6",
    "Interest Payable And Similar Expenses": "(6)",
    "Other Finance Income": "(19)",
    "Profit Before Tax": "478",
    "Tax On Profit": "(112)",
    "Profit": "366"
  },
  "2013": {
    "Turnover": "20,212",
    "Cost Of Sales": "(19,780)",
    "Gross Profit": "432",
    "Distribution Costs": "(442)",
    "Administrative Expenses": "(66)",
    "Operating Profit": "(76)",
    "Exceptional Items": {
      "Net Profit On Sale Of Tangible Fixed Assets": "69",
      "Profit On Ordinary Activities Before Interest": "(48)",
      "Income From Other Fixed Asset Investments": "6",
      "Interest Receivable And Similar Income": "10",
      "Interest Payable And Similar Expenses": "(4)",
      "Other Finance Income": "8"
    },
    "Profit Before Tax": "242",
    "Tax On Profit": "(52)",
    "Profit": "190"
  }
}

2025-01-16 13:27:05,202 - INFO - Extracted JSON string: {
  "2009": {
    "Turnover": "6,803",
    "Cost Of Sales": "(6,198)",
    "Gross Profit": "605",
    "Distribution Costs": "(284)",
    "Administrative Expenses": "(17)",
    "Operating Profit": "304",
    "Exceptional Items": {
      "Net Profit On Sale Of Tangible Fixed Assets": "2",
      "Profit On Ordinary Activities Before Interest": "303",
      "Income From Other Fixed Asset Investments": "3",
      "Interest Receivable And Similar Income": "6",
      "Interest Payable And Similar Expenses": "(11)",
      "Other Finance Costs": "(1)"
    },
    "Profit Before Tax": "303",
    "Tax On Profit": "(85)",
    "Profit": "218"
  },
  "2010": {
    "Turnover": "17,394",
    "Cost Of Sales": "(16,220)",
    "Gross Profit": "1,174",
    "Distribution Costs": "(308)",
    "Administrative Expenses": "(44)",
    "Operating Profit": "532",
    "Exceptional Items": "3",
    "Net Profit On Sale Of Tangible Fixed Assets": "272",
    "Profit On Ordinary Activities Before Interest": "540",
    "Income From Fixed Asset Investments": "10",
    "Income From Other Fixed Asset Investments": "10",
    "Interest Receivable And Similar Income": "12",
    "Interest Payable And Similar Expenses": "(14)",
    "Other Finance Income": "(12)",
    "Profit Before Tax": "542",
    "Tax On Profit": "(150)",
    "Profit": "392"
  },
  "2011": {
    "Turnover": "22,620",
    "Cost Of Sales": "(21,954)",
    "Gross Profit": "9,363",
    "Distribution Costs": "(526)",
    "Administrative Expenses": "(308)",
    "Operating Profit": "648",
    "Exceptional Items": "258",
    "Net Profit On Sale Of Tangible Fixed Assets": "3",
    "Profit On Ordinary Activities Before Interest": "69, 
    "Income From Fixed Asset Investments": "2",
    "Interest Receivable And Similar Income": "4",
    "Interest Payable And Similar Expenses": "(3)",
    "Other Finance Income": "(6)",
    "Profit Before Tax": "154",
    "Tax On Profit": "(110)",
    "Profit": "44"
  },
  "2012": {
    "Turnover": "22,527",
    "Cost Of Sales": "(21,647)",
    "Gross Profit": "880",
    "Distribution Costs": "(452)",
    "Administrative Expenses": "(34)",
    "Operating Profit": "394",
    "Exceptional Items": "61",
    "Net Profit On Sale Of Tangible Fixed Assets": "55",
    "Profit On Disposal Of Subsidiary": "8",
    "Profit On Ordinary Activities Before Interest": "504",
    "Income From Other Fixed Asset Investments": "72",
    "Interest Receivable And Similar Income": "6",
    "Interest Payable And Similar Expenses": "(6)",
    "Other Finance Income": "(19)",
    "Profit Before Tax": "478",
    "Tax On Profit": "(112)",
    "Profit": "366"
  },
  "2013": {
    "Turnover": "20,212",
    "Cost Of Sales": "(19,780)",
    "Gross Profit": "432",
    "Distribution Costs": "(442)",
    "Administrative Expenses": "(66)",
    "Operating Profit": "(76)",
    "Exceptional Items": {
      "Net Profit On Sale Of Tangible Fixed Assets": "69",
      "Profit On Ordinary Activities Before Interest": "(48)",
      "Income From Other Fixed Asset Investments": "6",
      "Interest Receivable And Similar Income": "10",
      "Interest Payable And Similar Expenses": "(4)",
      "Other Finance Income": "8"
    },
    "Profit Before Tax": "242",
    "Tax On Profit": "(52)",
    "Profit": "190"
  }
}
2025-01-16 13:27:05,202 - ERROR - Failed to consolidate profit_and_loss: Invalid control character at: line 49 column 59 (char 1679)
2025-01-16 13:32:14,157 - INFO - Starting FinState Analyzer
2025-01-16 13:32:14,166 - INFO - Processing file: company_00026538_accounts_2010.pdf with mime type: application/pdf
2025-01-16 13:32:14,166 - INFO - 
==================================================
2025-01-16 13:32:14,167 - INFO - Processing: company_00026538_accounts_2010.pdf
2025-01-16 13:32:14,167 - INFO - ==================================================
2025-01-16 13:32:16,892 - INFO - [SUCCESS] File uploaded successfully
2025-01-16 13:32:25,539 - INFO - [SUCCESS] Successfully parsed JSON response
2025-01-16 13:32:25,540 - INFO - [SUCCESS] Added to consolidation queue (Total: 1)
2025-01-16 13:32:26,140 - INFO - [SUCCESS] Cleaned up uploaded file
2025-01-16 13:32:26,141 - INFO - Processing file: company_00026538_accounts_2011.pdf with mime type: application/pdf
2025-01-16 13:32:26,141 - INFO - 
==================================================
2025-01-16 13:32:26,142 - INFO - Processing: company_00026538_accounts_2011.pdf
2025-01-16 13:32:26,142 - INFO - ==================================================
2025-01-16 13:32:27,712 - INFO - [SUCCESS] File uploaded successfully
2025-01-16 13:32:39,627 - INFO - [SUCCESS] Successfully parsed JSON response
2025-01-16 13:32:39,627 - INFO - [SUCCESS] Added to consolidation queue (Total: 2)
2025-01-16 13:32:40,318 - INFO - [SUCCESS] Cleaned up uploaded file
2025-01-16 13:32:40,339 - INFO - Processing file: company_00026538_accounts_2012.pdf with mime type: application/pdf
2025-01-16 13:32:40,339 - INFO - 
==================================================
2025-01-16 13:32:40,341 - INFO - Processing: company_00026538_accounts_2012.pdf
2025-01-16 13:32:40,341 - INFO - ==================================================
2025-01-16 13:32:41,484 - INFO - [SUCCESS] File uploaded successfully
2025-01-16 13:32:55,049 - INFO - [SUCCESS] Successfully parsed JSON response
2025-01-16 13:32:55,049 - INFO - [SUCCESS] Added to consolidation queue (Total: 3)
2025-01-16 13:32:55,455 - INFO - [SUCCESS] Cleaned up uploaded file
2025-01-16 13:32:55,456 - INFO - Processing file: company_00026538_accounts_2013.pdf with mime type: application/pdf
2025-01-16 13:32:55,456 - INFO - 
==================================================
2025-01-16 13:32:55,456 - INFO - Processing: company_00026538_accounts_2013.pdf
2025-01-16 13:32:55,458 - INFO - ==================================================
2025-01-16 13:32:56,721 - INFO - [SUCCESS] File uploaded successfully
2025-01-16 13:33:07,689 - INFO - [SUCCESS] Successfully parsed JSON response
2025-01-16 13:33:07,689 - INFO - [SUCCESS] Added to consolidation queue (Total: 4)
2025-01-16 13:33:08,091 - INFO - [SUCCESS] Cleaned up uploaded file
2025-01-16 13:33:08,092 - INFO - Processing file: company_00026538_accounts_2014.pdf with mime type: application/pdf
2025-01-16 13:33:08,092 - INFO - 
==================================================
2025-01-16 13:33:08,092 - INFO - Processing: company_00026538_accounts_2014.pdf
2025-01-16 13:33:08,092 - INFO - ==================================================
2025-01-16 13:33:09,645 - INFO - [SUCCESS] File uploaded successfully
2025-01-16 13:33:20,255 - INFO - [SUCCESS] Successfully parsed JSON response
2025-01-16 13:33:20,255 - INFO - [SUCCESS] Added to consolidation queue (Total: 5)
2025-01-16 13:33:20,653 - INFO - [SUCCESS] Cleaned up uploaded file
2025-01-16 13:33:20,654 - INFO - Processing file: company_00026538_accounts_2015.pdf with mime type: application/pdf
2025-01-16 13:33:20,654 - INFO - 
==================================================
2025-01-16 13:33:20,654 - INFO - Processing: company_00026538_accounts_2015.pdf
2025-01-16 13:33:20,655 - INFO - ==================================================
2025-01-16 13:33:22,191 - INFO - [SUCCESS] File uploaded successfully
2025-01-16 13:33:30,909 - INFO - [SUCCESS] Successfully parsed JSON response
2025-01-16 13:33:30,909 - INFO - [SUCCESS] Added to consolidation queue (Total: 6)
2025-01-16 13:33:31,511 - INFO - [SUCCESS] Cleaned up uploaded file
2025-01-16 13:33:31,512 - INFO - Processing file: company_00026538_accounts_2016.pdf with mime type: application/pdf
2025-01-16 13:33:31,513 - INFO - 
==================================================
2025-01-16 13:33:31,513 - INFO - Processing: company_00026538_accounts_2016.pdf
2025-01-16 13:33:31,513 - INFO - ==================================================
2025-01-16 13:33:33,066 - INFO - [SUCCESS] File uploaded successfully
2025-01-16 13:33:41,843 - INFO - [SUCCESS] Successfully parsed JSON response
2025-01-16 13:33:41,843 - INFO - [SUCCESS] Added to consolidation queue (Total: 7)
2025-01-16 13:33:42,467 - INFO - [SUCCESS] Cleaned up uploaded file
2025-01-16 13:33:42,468 - INFO - Processing file: company_00026538_accounts_2017.pdf with mime type: application/pdf
2025-01-16 13:33:42,468 - INFO - 
==================================================
2025-01-16 13:33:42,469 - INFO - Processing: company_00026538_accounts_2017.pdf
2025-01-16 13:33:42,469 - INFO - ==================================================
2025-01-16 13:33:44,413 - INFO - [SUCCESS] File uploaded successfully
2025-01-16 13:33:53,074 - INFO - [SUCCESS] Successfully parsed JSON response
2025-01-16 13:33:53,074 - INFO - [SUCCESS] Added to consolidation queue (Total: 8)
2025-01-16 13:33:53,773 - INFO - [SUCCESS] Cleaned up uploaded file
2025-01-16 13:33:53,774 - INFO - Processing file: company_00026538_accounts_2018.pdf with mime type: application/pdf
2025-01-16 13:33:53,774 - INFO - 
==================================================
2025-01-16 13:33:53,774 - INFO - Processing: company_00026538_accounts_2018.pdf
2025-01-16 13:33:53,774 - INFO - ==================================================
2025-01-16 13:33:55,652 - INFO - [SUCCESS] File uploaded successfully
2025-01-16 13:34:05,042 - INFO - [SUCCESS] Successfully parsed JSON response
2025-01-16 13:34:05,042 - INFO - [SUCCESS] Added to consolidation queue (Total: 9)
2025-01-16 13:34:05,668 - INFO - [SUCCESS] Cleaned up uploaded file
2025-01-16 13:34:05,669 - INFO - Processing file: company_00026538_accounts_2019.pdf with mime type: application/pdf
2025-01-16 13:34:05,670 - INFO - 
==================================================
2025-01-16 13:34:05,670 - INFO - Processing: company_00026538_accounts_2019.pdf
2025-01-16 13:34:05,670 - INFO - ==================================================
2025-01-16 13:34:07,594 - INFO - [SUCCESS] File uploaded successfully
2025-01-16 13:34:19,891 - INFO - [SUCCESS] Successfully parsed JSON response
2025-01-16 13:34:19,891 - INFO - [SUCCESS] Added to consolidation queue (Total: 10)
2025-01-16 13:34:20,536 - INFO - [SUCCESS] Cleaned up uploaded file
2025-01-16 13:34:20,537 - INFO - Processing file: company_00026538_accounts_2020.pdf with mime type: application/pdf
2025-01-16 13:34:20,538 - INFO - 
==================================================
2025-01-16 13:34:20,538 - INFO - Processing: company_00026538_accounts_2020.pdf
2025-01-16 13:34:20,538 - INFO - ==================================================
2025-01-16 13:34:22,447 - INFO - [SUCCESS] File uploaded successfully
2025-01-16 13:34:35,074 - INFO - [SUCCESS] Successfully parsed JSON response
2025-01-16 13:34:35,074 - INFO - [SUCCESS] Added to consolidation queue (Total: 11)
2025-01-16 13:34:35,828 - INFO - [SUCCESS] Cleaned up uploaded file
2025-01-16 13:34:35,829 - INFO - Processing file: company_00026538_accounts_2021.pdf with mime type: application/pdf
2025-01-16 13:34:35,829 - INFO - 
==================================================
2025-01-16 13:34:35,830 - INFO - Processing: company_00026538_accounts_2021.pdf
2025-01-16 13:34:35,830 - INFO - ==================================================
2025-01-16 13:34:38,278 - INFO - [SUCCESS] File uploaded successfully
2025-01-16 13:34:49,713 - INFO - [SUCCESS] Successfully parsed JSON response
2025-01-16 13:34:49,714 - INFO - [SUCCESS] Added to consolidation queue (Total: 12)
2025-01-16 13:34:50,270 - INFO - [SUCCESS] Cleaned up uploaded file
2025-01-16 13:34:50,271 - INFO - Processing file: company_00026538_accounts_2022.pdf with mime type: application/pdf
2025-01-16 13:34:50,272 - INFO - 
==================================================
2025-01-16 13:34:50,272 - INFO - Processing: company_00026538_accounts_2022.pdf
2025-01-16 13:34:50,272 - INFO - ==================================================
2025-01-16 13:34:52,454 - INFO - [SUCCESS] File uploaded successfully
2025-01-16 13:35:10,407 - INFO - [SUCCESS] Successfully parsed JSON response
2025-01-16 13:35:10,408 - INFO - [SUCCESS] Added to consolidation queue (Total: 13)
2025-01-16 13:35:11,069 - INFO - [SUCCESS] Cleaned up uploaded file
2025-01-16 13:35:11,070 - INFO - Processing file: company_00026538_accounts_2023.pdf with mime type: application/pdf
2025-01-16 13:35:11,070 - INFO - 
==================================================
2025-01-16 13:35:11,070 - INFO - Processing: company_00026538_accounts_2023.pdf
2025-01-16 13:35:11,070 - INFO - ==================================================
2025-01-16 13:35:13,780 - INFO - [SUCCESS] File uploaded successfully
2025-01-16 13:35:28,064 - INFO - [SUCCESS] Successfully parsed JSON response
2025-01-16 13:35:28,064 - INFO - [SUCCESS] Added to consolidation queue (Total: 14)
2025-01-16 13:35:28,736 - INFO - [SUCCESS] Cleaned up uploaded file
2025-01-16 13:35:41,536 - INFO - [SUCCESS] Created standardized mapping for 113 profit_and_loss line items
2025-01-16 13:35:49,778 - INFO - Raw response for profit_and_loss chunk ['2009', '2010', '2011', '2012', '2013']:
2025-01-16 13:35:49,779 - INFO - Response before cleaning: ```json
{
  "2009": {
    "Turnover": "6,803",
    "Cost Of Sales": "(6,198)",
    "Gross Profit": "605",
    "Distribution Costs": "(284)",
    "Administrative Expenses": "(17)",
    "Operating Profit": "304",
    "Net Profit On Sale Of Tangible Fixed Assets": "2",
    "Profit Before Interest": "306",
    "Income From Other Fixed Asset Investments": "3",
    "Interest Receivable And Similar Income": "5",
    "Interest Payable And Similar Charges": "(11)",
    "Other Finance Income Or Charges": "(1)",
    "Profit Before Tax": "303",
    "Tax On Profit": "(85)",
    "Profit": "218"
  },
  "2010": {
    "Turnover": "17,394",
    "Cost Of Sales": "(16,220)",
    "Gross Profit": "1,174",
    "Distribution Costs": "(598)",
    "Administrative Expenses": "(44)",
    "Operating Profit": "532",
     "Exceptional Items": "3",
    "Net Profit On Sale Of Tangible Fixed Assets": "272",
    "Profit Before Interest": "535",
    "Income From Fixed Asset Investments": "10",
    "Income From Other Fixed Asset Investments": "10",
    "Interest Receivable And Similar Income": "12",
    "Interest Payable And Similar Charges": "(14)",
    "Other Finance Income Or Charges": "(75)",
    "Profit Before Tax": "542",
    "Tax On Profit": "(150)",
    "Profit": "392"
  },
  "2011": {
    "Turnover": "22,620",
    "Cost Of Sales": "(21,954)",
    "Gross Profit": "9,030",
    "Distribution Costs": "(526)",
    "Administrative Expenses": "(18)",
    "Operating Profit": "648",
    "Exceptional Items": "258",
    "Net Profit On Sale Of Tangible Fixed Assets": "3",
    "Profit Before Interest": "69",
    "Income From Fixed Asset Investments": "2",
    "Income From Other Fixed Asset Investments": null,
    "Interest Receivable And Similar Income": "4",
    "Interest Payable And Similar Charges": "(3)",
    "Other Finance Income Or Charges": "(6)",
    "Profit Before Tax": "154",
    "Tax On Profit": "(110)",
    "Profit": "44"
  },
  "2012": {
    "Turnover": "22,527",
    "Cost Of Sales": "(21,647)",
    "Gross Profit": "880",
    "Distribution Costs": "(452)",
    "Administrative Expenses": "(34)",
    "Operating Profit": "394",
    "Exceptional Items": "61",
    "Net Profit On Sale Of Tangible Fixed Assets": "110",
    "Profit On Disposal Of Subsidiary": "8",
    "Profit Before Interest": "252",
    "Income From Other Fixed Asset Investments": "72",
    "Interest Receivable And Similar Income": "6",
    "Interest Payable And Similar Charges": "(6)",
    "Other Finance Income Or Charges": "(19)",
    "Profit Before Tax": "478",
    "Tax On Profit": "(112)",
    "Profit": "367"
  },
  "2013": {
    "Turnover": "20,212",
    "Cost Of Sales": "(19,780)",
    "Gross Profit": "432",
    "Distribution Costs": "(442)",
    "Administrative Expenses": "(66)",
    "Operating Profit": "173",
    "Exceptional Items": "55",
    "Profit Before Interest": "(24)",
    "Net Profit On Sale Of Tangible Fixed Assets": "14",
    "Income From Other Fixed Asset Investments": "6",
    "Interest Receivable And Similar Income": "25",
    "Interest Payable And Similar Charges": "(4)",
    "Other Finance Income Or Charges": "(8)",
    "Other Finance Income": "8",
    "Profit Before Tax": "242",
    "Tax On Profit": "(52)",
    "Profit": "190"
  }
}
```

2025-01-16 13:35:49,783 - INFO - Response after cleaning: 
{
  "2009": {
    "Turnover": "6,803",
    "Cost Of Sales": "(6,198)",
    "Gross Profit": "605",
    "Distribution Costs": "(284)",
    "Administrative Expenses": "(17)",
    "Operating Profit": "304",
    "Net Profit On Sale Of Tangible Fixed Assets": "2",
    "Profit Before Interest": "306",
    "Income From Other Fixed Asset Investments": "3",
    "Interest Receivable And Similar Income": "5",
    "Interest Payable And Similar Charges": "(11)",
    "Other Finance Income Or Charges": "(1)",
    "Profit Before Tax": "303",
    "Tax On Profit": "(85)",
    "Profit": "218"
  },
  "2010": {
    "Turnover": "17,394",
    "Cost Of Sales": "(16,220)",
    "Gross Profit": "1,174",
    "Distribution Costs": "(598)",
    "Administrative Expenses": "(44)",
    "Operating Profit": "532",
     "Exceptional Items": "3",
    "Net Profit On Sale Of Tangible Fixed Assets": "272",
    "Profit Before Interest": "535",
    "Income From Fixed Asset Investments": "10",
    "Income From Other Fixed Asset Investments": "10",
    "Interest Receivable And Similar Income": "12",
    "Interest Payable And Similar Charges": "(14)",
    "Other Finance Income Or Charges": "(75)",
    "Profit Before Tax": "542",
    "Tax On Profit": "(150)",
    "Profit": "392"
  },
  "2011": {
    "Turnover": "22,620",
    "Cost Of Sales": "(21,954)",
    "Gross Profit": "9,030",
    "Distribution Costs": "(526)",
    "Administrative Expenses": "(18)",
    "Operating Profit": "648",
    "Exceptional Items": "258",
    "Net Profit On Sale Of Tangible Fixed Assets": "3",
    "Profit Before Interest": "69",
    "Income From Fixed Asset Investments": "2",
    "Income From Other Fixed Asset Investments": null,
    "Interest Receivable And Similar Income": "4",
    "Interest Payable And Similar Charges": "(3)",
    "Other Finance Income Or Charges": "(6)",
    "Profit Before Tax": "154",
    "Tax On Profit": "(110)",
    "Profit": "44"
  },
  "2012": {
    "Turnover": "22,527",
    "Cost Of Sales": "(21,647)",
    "Gross Profit": "880",
    "Distribution Costs": "(452)",
    "Administrative Expenses": "(34)",
    "Operating Profit": "394",
    "Exceptional Items": "61",
    "Net Profit On Sale Of Tangible Fixed Assets": "110",
    "Profit On Disposal Of Subsidiary": "8",
    "Profit Before Interest": "252",
    "Income From Other Fixed Asset Investments": "72",
    "Interest Receivable And Similar Income": "6",
    "Interest Payable And Similar Charges": "(6)",
    "Other Finance Income Or Charges": "(19)",
    "Profit Before Tax": "478",
    "Tax On Profit": "(112)",
    "Profit": "367"
  },
  "2013": {
    "Turnover": "20,212",
    "Cost Of Sales": "(19,780)",
    "Gross Profit": "432",
    "Distribution Costs": "(442)",
    "Administrative Expenses": "(66)",
    "Operating Profit": "173",
    "Exceptional Items": "55",
    "Profit Before Interest": "(24)",
    "Net Profit On Sale Of Tangible Fixed Assets": "14",
    "Income From Other Fixed Asset Investments": "6",
    "Interest Receivable And Similar Income": "25",
    "Interest Payable And Similar Charges": "(4)",
    "Other Finance Income Or Charges": "(8)",
    "Other Finance Income": "8",
    "Profit Before Tax": "242",
    "Tax On Profit": "(52)",
    "Profit": "190"
  }
}

2025-01-16 13:35:49,786 - INFO - Extracted JSON string: {
  "2009": {
    "Turnover": "6,803",
    "Cost Of Sales": "(6,198)",
    "Gross Profit": "605",
    "Distribution Costs": "(284)",
    "Administrative Expenses": "(17)",
    "Operating Profit": "304",
    "Net Profit On Sale Of Tangible Fixed Assets": "2",
    "Profit Before Interest": "306",
    "Income From Other Fixed Asset Investments": "3",
    "Interest Receivable And Similar Income": "5",
    "Interest Payable And Similar Charges": "(11)",
    "Other Finance Income Or Charges": "(1)",
    "Profit Before Tax": "303",
    "Tax On Profit": "(85)",
    "Profit": "218"
  },
  "2010": {
    "Turnover": "17,394",
    "Cost Of Sales": "(16,220)",
    "Gross Profit": "1,174",
    "Distribution Costs": "(598)",
    "Administrative Expenses": "(44)",
    "Operating Profit": "532",
     "Exceptional Items": "3",
    "Net Profit On Sale Of Tangible Fixed Assets": "272",
    "Profit Before Interest": "535",
    "Income From Fixed Asset Investments": "10",
    "Income From Other Fixed Asset Investments": "10",
    "Interest Receivable And Similar Income": "12",
    "Interest Payable And Similar Charges": "(14)",
    "Other Finance Income Or Charges": "(75)",
    "Profit Before Tax": "542",
    "Tax On Profit": "(150)",
    "Profit": "392"
  },
  "2011": {
    "Turnover": "22,620",
    "Cost Of Sales": "(21,954)",
    "Gross Profit": "9,030",
    "Distribution Costs": "(526)",
    "Administrative Expenses": "(18)",
    "Operating Profit": "648",
    "Exceptional Items": "258",
    "Net Profit On Sale Of Tangible Fixed Assets": "3",
    "Profit Before Interest": "69",
    "Income From Fixed Asset Investments": "2",
    "Income From Other Fixed Asset Investments": null,
    "Interest Receivable And Similar Income": "4",
    "Interest Payable And Similar Charges": "(3)",
    "Other Finance Income Or Charges": "(6)",
    "Profit Before Tax": "154",
    "Tax On Profit": "(110)",
    "Profit": "44"
  },
  "2012": {
    "Turnover": "22,527",
    "Cost Of Sales": "(21,647)",
    "Gross Profit": "880",
    "Distribution Costs": "(452)",
    "Administrative Expenses": "(34)",
    "Operating Profit": "394",
    "Exceptional Items": "61",
    "Net Profit On Sale Of Tangible Fixed Assets": "110",
    "Profit On Disposal Of Subsidiary": "8",
    "Profit Before Interest": "252",
    "Income From Other Fixed Asset Investments": "72",
    "Interest Receivable And Similar Income": "6",
    "Interest Payable And Similar Charges": "(6)",
    "Other Finance Income Or Charges": "(19)",
    "Profit Before Tax": "478",
    "Tax On Profit": "(112)",
    "Profit": "367"
  },
  "2013": {
    "Turnover": "20,212",
    "Cost Of Sales": "(19,780)",
    "Gross Profit": "432",
    "Distribution Costs": "(442)",
    "Administrative Expenses": "(66)",
    "Operating Profit": "173",
    "Exceptional Items": "55",
    "Profit Before Interest": "(24)",
    "Net Profit On Sale Of Tangible Fixed Assets": "14",
    "Income From Other Fixed Asset Investments": "6",
    "Interest Receivable And Similar Income": "25",
    "Interest Payable And Similar Charges": "(4)",
    "Other Finance Income Or Charges": "(8)",
    "Other Finance Income": "8",
    "Profit Before Tax": "242",
    "Tax On Profit": "(52)",
    "Profit": "190"
  }
}
2025-01-16 13:35:49,787 - INFO - [SUCCESS] Processed chunk 2009-2013 for profit_and_loss
2025-01-16 13:35:59,396 - INFO - Raw response for profit_and_loss chunk ['2014', '2015', '2016', '2017', '2018']:
2025-01-16 13:35:59,396 - INFO - Response before cleaning: ```json
{
  "2014": {
    "Turnover": 17563,
    "Cost Of Sales": -17583,
    "Gross Profit": -20,
    "Distribution Costs": -390,
    "Administrative Expenses": -412,
    "Operating Loss": -235,
    "Net Profit On Sale Of Tangible Fixed Assets": 5,
    "Income From Other Fixed Asset Investments": 3,
    "Interest Receivable And Similar Income": 16,
    "Interest Payable And Similar Charges": -1,
    "Other Finance Income": 18,
    "Profit Before Tax": -443,
    "Tax On Profit": 90,
    "Profit": -353,
    "Other Non Operating Income": 8,
    "Other Operating Income": -36,
    "Interest Payable And Similar Expenses": -2,
    "Other Finance Costs": -11,
    "Other Comprehensive Income": 110,
    "Income From Fixed Asset Investments": 3
  },
  "2015": {
    "Turnover": 11074,
    "Cost Of Sales": -10430,
    "Gross Profit": 644,
    "Distribution Costs": -344,
    "Administrative Expenses": -336,
    "Other Operating Income": 208,
    "Other Non Operating Income": 233,
    "Operating Profit": 369,
    "Income From Fixed Asset Investments": 4,
    "Interest Receivable And Similar Income": 12,
    "Interest Payable And Similar Expenses": -2,
    "Other Finance Costs": -10,
    "Profit Before Tax": 736,
    "Tax On Profit": -38,
    "Profit": 696,
    "Other Comprehensive Income": 2,
    "Actuarial Gains On Defined Benefit Pension Scheme": 1,
    "Movement Of Deferred Tax Relating To Pension Deficit": -1,
    "Total Comprehensive Income": 349
  },
  "2016": {
    "Turnover": 9764,
    "Cost Of Sales": -9074,
    "Gross Profit": 690,
    "Distribution Costs": -230,
    "Administrative Expenses": -60,
    "Other Operating Income": 42,
    "Other Non Operating Income": 22,
    "Income From Fixed Asset Investments": 4,
    "Income From Disposal Of Fixed Asset Investments": 4,
    "Interest Receivable And Similar Income": 5,
    "Interest Payable And Similar Expenses": -2,
    "Other Finance Costs": -10,
    "Profit Before Tax": 442,
    "Tax On Profit": -84,
    "Profit": 358,
    "Other Comprehensive Income": 20,
    "Actuarial Gains On Defined Benefit Pension Scheme": 12,
    "Movement Of Deferred Tax Relating To Pension Liability": -1,
    "Movement Of Deferred Tax Relating To Pension Surplus": -1,
    "Total Comprehensive Income": 378,
    "Operating Profit": 221
  },
  "2017": {
    "Turnover": 12766,
    "Cost Of Sales": -11916,
    "Gross Profit": 850,
    "Distribution Costs": -288,
    "Administrative Expenses": -82,
    "Other Operating Income": 66,
    "Operating Profit": 546,
    "Income From Fixed Asset Investments": 25,
    "Income From Disposal Of Fixed Asset Investments": 2,
    "Interest Receivable And Similar Income": 10,
    "Interest Payable And Similar Expenses": -2,
    "Other Finance Costs": -10,
    "Profit Before Tax": 584,
    "Tax On Profit": -66,
    "Profit": 518,
    "Other Comprehensive Income": 654,
    "Actuarial Gains On Defined Benefit Pension Scheme": 822,
    "Movement Of Deferred Tax Relating To Pension Surplus": -172,
    "Total Comprehensive Income": 1254,
    "Other Finance Income Or Expenses": -1
  },
  "2018": {
    "Turnover": 15662,
    "Cost Of Sales": -15506,
    "Gross Profit": 156,
    "Distribution Costs": -219,
    "Administrative Expenses": -144,
    "Other Operating Income": 4,
    "Operating Profit": -240,
    "Income From Fixed Asset Investments": 5,
    "Interest Receivable And Similar Income": 2,
    "Interest Payable And Similar Expenses": -2,
    "Other Finance Income Or Expenses": -5,
    "Profit Before Tax": -226,
    "Tax On Profit": 74,
    "Profit": -152,
    "Other Comprehensive Income": -52,
    "Actuarial Losses Or Gains On Defined Benefit Pension Scheme": 0,
    "Movement Of Deferred Tax Relating To Pension Deficit Or Surplus": 0,
    "Total Comprehensive Income": 559,
    "Other Finance Income": 2,
    "Actuarial Gains On Defined Benefit Pension Scheme": 9
  }
}
```
2025-01-16 13:35:59,397 - INFO - Response after cleaning: 
{
  "2014": {
    "Turnover": 17563,
    "Cost Of Sales": -17583,
    "Gross Profit": -20,
    "Distribution Costs": -390,
    "Administrative Expenses": -412,
    "Operating Loss": -235,
    "Net Profit On Sale Of Tangible Fixed Assets": 5,
    "Income From Other Fixed Asset Investments": 3,
    "Interest Receivable And Similar Income": 16,
    "Interest Payable And Similar Charges": -1,
    "Other Finance Income": 18,
    "Profit Before Tax": -443,
    "Tax On Profit": 90,
    "Profit": -353,
    "Other Non Operating Income": 8,
    "Other Operating Income": -36,
    "Interest Payable And Similar Expenses": -2,
    "Other Finance Costs": -11,
    "Other Comprehensive Income": 110,
    "Income From Fixed Asset Investments": 3
  },
  "2015": {
    "Turnover": 11074,
    "Cost Of Sales": -10430,
    "Gross Profit": 644,
    "Distribution Costs": -344,
    "Administrative Expenses": -336,
    "Other Operating Income": 208,
    "Other Non Operating Income": 233,
    "Operating Profit": 369,
    "Income From Fixed Asset Investments": 4,
    "Interest Receivable And Similar Income": 12,
    "Interest Payable And Similar Expenses": -2,
    "Other Finance Costs": -10,
    "Profit Before Tax": 736,
    "Tax On Profit": -38,
    "Profit": 696,
    "Other Comprehensive Income": 2,
    "Actuarial Gains On Defined Benefit Pension Scheme": 1,
    "Movement Of Deferred Tax Relating To Pension Deficit": -1,
    "Total Comprehensive Income": 349
  },
  "2016": {
    "Turnover": 9764,
    "Cost Of Sales": -9074,
    "Gross Profit": 690,
    "Distribution Costs": -230,
    "Administrative Expenses": -60,
    "Other Operating Income": 42,
    "Other Non Operating Income": 22,
    "Income From Fixed Asset Investments": 4,
    "Income From Disposal Of Fixed Asset Investments": 4,
    "Interest Receivable And Similar Income": 5,
    "Interest Payable And Similar Expenses": -2,
    "Other Finance Costs": -10,
    "Profit Before Tax": 442,
    "Tax On Profit": -84,
    "Profit": 358,
    "Other Comprehensive Income": 20,
    "Actuarial Gains On Defined Benefit Pension Scheme": 12,
    "Movement Of Deferred Tax Relating To Pension Liability": -1,
    "Movement Of Deferred Tax Relating To Pension Surplus": -1,
    "Total Comprehensive Income": 378,
    "Operating Profit": 221
  },
  "2017": {
    "Turnover": 12766,
    "Cost Of Sales": -11916,
    "Gross Profit": 850,
    "Distribution Costs": -288,
    "Administrative Expenses": -82,
    "Other Operating Income": 66,
    "Operating Profit": 546,
    "Income From Fixed Asset Investments": 25,
    "Income From Disposal Of Fixed Asset Investments": 2,
    "Interest Receivable And Similar Income": 10,
    "Interest Payable And Similar Expenses": -2,
    "Other Finance Costs": -10,
    "Profit Before Tax": 584,
    "Tax On Profit": -66,
    "Profit": 518,
    "Other Comprehensive Income": 654,
    "Actuarial Gains On Defined Benefit Pension Scheme": 822,
    "Movement Of Deferred Tax Relating To Pension Surplus": -172,
    "Total Comprehensive Income": 1254,
    "Other Finance Income Or Expenses": -1
  },
  "2018": {
    "Turnover": 15662,
    "Cost Of Sales": -15506,
    "Gross Profit": 156,
    "Distribution Costs": -219,
    "Administrative Expenses": -144,
    "Other Operating Income": 4,
    "Operating Profit": -240,
    "Income From Fixed Asset Investments": 5,
    "Interest Receivable And Similar Income": 2,
    "Interest Payable And Similar Expenses": -2,
    "Other Finance Income Or Expenses": -5,
    "Profit Before Tax": -226,
    "Tax On Profit": 74,
    "Profit": -152,
    "Other Comprehensive Income": -52,
    "Actuarial Losses Or Gains On Defined Benefit Pension Scheme": 0,
    "Movement Of Deferred Tax Relating To Pension Deficit Or Surplus": 0,
    "Total Comprehensive Income": 559,
    "Other Finance Income": 2,
    "Actuarial Gains On Defined Benefit Pension Scheme": 9
  }
}

2025-01-16 13:35:59,398 - INFO - Extracted JSON string: {
  "2014": {
    "Turnover": 17563,
    "Cost Of Sales": -17583,
    "Gross Profit": -20,
    "Distribution Costs": -390,
    "Administrative Expenses": -412,
    "Operating Loss": -235,
    "Net Profit On Sale Of Tangible Fixed Assets": 5,
    "Income From Other Fixed Asset Investments": 3,
    "Interest Receivable And Similar Income": 16,
    "Interest Payable And Similar Charges": -1,
    "Other Finance Income": 18,
    "Profit Before Tax": -443,
    "Tax On Profit": 90,
    "Profit": -353,
    "Other Non Operating Income": 8,
    "Other Operating Income": -36,
    "Interest Payable And Similar Expenses": -2,
    "Other Finance Costs": -11,
    "Other Comprehensive Income": 110,
    "Income From Fixed Asset Investments": 3
  },
  "2015": {
    "Turnover": 11074,
    "Cost Of Sales": -10430,
    "Gross Profit": 644,
    "Distribution Costs": -344,
    "Administrative Expenses": -336,
    "Other Operating Income": 208,
    "Other Non Operating Income": 233,
    "Operating Profit": 369,
    "Income From Fixed Asset Investments": 4,
    "Interest Receivable And Similar Income": 12,
    "Interest Payable And Similar Expenses": -2,
    "Other Finance Costs": -10,
    "Profit Before Tax": 736,
    "Tax On Profit": -38,
    "Profit": 696,
    "Other Comprehensive Income": 2,
    "Actuarial Gains On Defined Benefit Pension Scheme": 1,
    "Movement Of Deferred Tax Relating To Pension Deficit": -1,
    "Total Comprehensive Income": 349
  },
  "2016": {
    "Turnover": 9764,
    "Cost Of Sales": -9074,
    "Gross Profit": 690,
    "Distribution Costs": -230,
    "Administrative Expenses": -60,
    "Other Operating Income": 42,
    "Other Non Operating Income": 22,
    "Income From Fixed Asset Investments": 4,
    "Income From Disposal Of Fixed Asset Investments": 4,
    "Interest Receivable And Similar Income": 5,
    "Interest Payable And Similar Expenses": -2,
    "Other Finance Costs": -10,
    "Profit Before Tax": 442,
    "Tax On Profit": -84,
    "Profit": 358,
    "Other Comprehensive Income": 20,
    "Actuarial Gains On Defined Benefit Pension Scheme": 12,
    "Movement Of Deferred Tax Relating To Pension Liability": -1,
    "Movement Of Deferred Tax Relating To Pension Surplus": -1,
    "Total Comprehensive Income": 378,
    "Operating Profit": 221
  },
  "2017": {
    "Turnover": 12766,
    "Cost Of Sales": -11916,
    "Gross Profit": 850,
    "Distribution Costs": -288,
    "Administrative Expenses": -82,
    "Other Operating Income": 66,
    "Operating Profit": 546,
    "Income From Fixed Asset Investments": 25,
    "Income From Disposal Of Fixed Asset Investments": 2,
    "Interest Receivable And Similar Income": 10,
    "Interest Payable And Similar Expenses": -2,
    "Other Finance Costs": -10,
    "Profit Before Tax": 584,
    "Tax On Profit": -66,
    "Profit": 518,
    "Other Comprehensive Income": 654,
    "Actuarial Gains On Defined Benefit Pension Scheme": 822,
    "Movement Of Deferred Tax Relating To Pension Surplus": -172,
    "Total Comprehensive Income": 1254,
    "Other Finance Income Or Expenses": -1
  },
  "2018": {
    "Turnover": 15662,
    "Cost Of Sales": -15506,
    "Gross Profit": 156,
    "Distribution Costs": -219,
    "Administrative Expenses": -144,
    "Other Operating Income": 4,
    "Operating Profit": -240,
    "Income From Fixed Asset Investments": 5,
    "Interest Receivable And Similar Income": 2,
    "Interest Payable And Similar Expenses": -2,
    "Other Finance Income Or Expenses": -5,
    "Profit Before Tax": -226,
    "Tax On Profit": 74,
    "Profit": -152,
    "Other Comprehensive Income": -52,
    "Actuarial Losses Or Gains On Defined Benefit Pension Scheme": 0,
    "Movement Of Deferred Tax Relating To Pension Deficit Or Surplus": 0,
    "Total Comprehensive Income": 559,
    "Other Finance Income": 2,
    "Actuarial Gains On Defined Benefit Pension Scheme": 9
  }
}
2025-01-16 13:35:59,399 - INFO - [SUCCESS] Processed chunk 2014-2018 for profit_and_loss
2025-01-16 13:36:09,031 - INFO - Raw response for profit_and_loss chunk ['2019', '2020', '2021', '2022', '2023']:
2025-01-16 13:36:09,032 - INFO - Response before cleaning: ```json
{
  "2019": {
    "Turnover": 14936,
    "Cost Of Sales": -14194,
    "Gross Profit": 742,
    "Distribution Costs": -296,
    "Administrative Expenses": -289,
    "Other Operating Income": 87,
    "Operating Profit": 284,
    "Income From Fixed Asset Investments": 6,
    "Interest Receivable And Similar Income": 4,
    "Interest Payable And Similar Expenses": -2,
    "Other Finance Income Or Expenses": 6,
    "Profit Before Tax": 298,
    "Tax On Profit": -52,
    "Profit": 246,
    "Other Comprehensive Income": -132,
    "Actuarial Losses Or Gains On Defined Benefit Pension Scheme": -85,
    "Movement Of Deferred Tax Relating To Pension Deficit Or Surplus": 28,
    "Total Comprehensive Income": 114
  },
  "2020": {
    "Turnover": 8452,
    "Cost Of Sales": -8800,
    "Gross Profit": -348,
    "Distribution Costs": -318,
    "Administrative Expenses": -253,
    "Other Operating Income": -74,
    "Operating Profit": -806,
    "Income From Fixed Asset Investments": 46,
    "Interest Receivable And Similar Income": 4,
    "Interest Payable And Similar Expenses": -2,
    "Other Finance Income Or Expenses": -2,
    "Profit Before Tax": -758,
    "Tax On Profit": 148,
    "Profit": -610,
    "Other Comprehensive Income": 669,
    "Movement Of Deferred Tax Relating To Pension Deficit Or Surplus": -67,
    "Actuarial Gains On Defined Benefit Pension Scheme": 368,
    "Movement Of Deferred Tax Relating To Pension Deficit": -67,
    "Total Comprehensive Income": -8
  },
  "2021": {
    "Turnover": 12536,
    "Cost Of Sales": -11892,
    "Gross Profit": 644,
    "Distribution Costs": -154,
    "Administrative Expenses": -223,
    "Other Operating Income": -72,
    "Operating Profit": 289,
    "Income From Fixed Asset Investments": 6,
    "Impairment Of Fixed Asset Investments": null,
    "Interest Receivable And Similar Income": 2,
    "Interest Payable And Similar Expenses": -2,
    "Other Finance Income Or Charges": 8,
    "Profit Before Tax": 301,
    "Tax On Profit": -70,
    "Profit": 231,
    "Other Comprehensive Income": 298,
    "Actuarial Gains On Defined Benefit Pension Scheme": 168,
    "Pension Surplus Not Recognised": null,
    "Movement Of Deferred Tax Relating To Pension Deficit": -58,
    "Total Comprehensive Income": 510
  },
  "2022": {
    "Turnover": 27376,
    "Cost Of Sales": -25166,
    "Gross Profit": 2210,
    "Distribution Costs": -152,
    "Administrative Expenses": -174,
    "Other Operating Income": 0,
    "Operating Profit": 1888,
    "Income From Fixed Asset Investments": 21,
    "Impairment Of Fixed Asset Investments": -214,
    "Interest Receivable And Similar Income": 64,
    "Interest Payable And Similar Expenses": -5,
    "Other Finance Income": 22,
    "Profit Before Tax": 1728,
    "Tax On Profit": -392,
    "Profit": 1336,
    "Other Comprehensive Income": 96,
    "Actuarial Gains On Defined Benefit Pension Scheme": 213,
    "Pension Surplus Not Recognised": 4,
    "Movement Of Deferred Tax Relating To Pension Deficit": -28,
    "Total Comprehensive Income": 1420
  },
  "2023": {
    "Turnover": 11207,
    "Cost Of Sales": -10801,
    "Gross Profit": 406,
    "Distribution Costs": -77,
    "Administrative Expenses": -77,
    "Other Operating Income": 1,
    "Operating Profit": 253,
    "Income From Fixed Asset Investments": 11,
    "Impairment Of Fixed Asset Investments": -107,
    "Interest Receivable And Similar Income": 52,
    "Interest Payable And Similar Expenses": -4,
    "Other Finance Income": 16,
    "Profit Before Tax": 328,
    "Tax On Profit": -73,
    "Profit": 255,
    "Other Comprehensive Income": 58,
    "Actuarial Gains On Defined Benefit Pension Scheme": 70,
    "Pension Surplus Not Recognised": 5,
    "Movement Of Deferred Tax Relating To Pension Deficit": -17,
    "Total Comprehensive Income": 313
  }
}
```
2025-01-16 13:36:09,033 - INFO - Response after cleaning: 
{
  "2019": {
    "Turnover": 14936,
    "Cost Of Sales": -14194,
    "Gross Profit": 742,
    "Distribution Costs": -296,
    "Administrative Expenses": -289,
    "Other Operating Income": 87,
    "Operating Profit": 284,
    "Income From Fixed Asset Investments": 6,
    "Interest Receivable And Similar Income": 4,
    "Interest Payable And Similar Expenses": -2,
    "Other Finance Income Or Expenses": 6,
    "Profit Before Tax": 298,
    "Tax On Profit": -52,
    "Profit": 246,
    "Other Comprehensive Income": -132,
    "Actuarial Losses Or Gains On Defined Benefit Pension Scheme": -85,
    "Movement Of Deferred Tax Relating To Pension Deficit Or Surplus": 28,
    "Total Comprehensive Income": 114
  },
  "2020": {
    "Turnover": 8452,
    "Cost Of Sales": -8800,
    "Gross Profit": -348,
    "Distribution Costs": -318,
    "Administrative Expenses": -253,
    "Other Operating Income": -74,
    "Operating Profit": -806,
    "Income From Fixed Asset Investments": 46,
    "Interest Receivable And Similar Income": 4,
    "Interest Payable And Similar Expenses": -2,
    "Other Finance Income Or Expenses": -2,
    "Profit Before Tax": -758,
    "Tax On Profit": 148,
    "Profit": -610,
    "Other Comprehensive Income": 669,
    "Movement Of Deferred Tax Relating To Pension Deficit Or Surplus": -67,
    "Actuarial Gains On Defined Benefit Pension Scheme": 368,
    "Movement Of Deferred Tax Relating To Pension Deficit": -67,
    "Total Comprehensive Income": -8
  },
  "2021": {
    "Turnover": 12536,
    "Cost Of Sales": -11892,
    "Gross Profit": 644,
    "Distribution Costs": -154,
    "Administrative Expenses": -223,
    "Other Operating Income": -72,
    "Operating Profit": 289,
    "Income From Fixed Asset Investments": 6,
    "Impairment Of Fixed Asset Investments": null,
    "Interest Receivable And Similar Income": 2,
    "Interest Payable And Similar Expenses": -2,
    "Other Finance Income Or Charges": 8,
    "Profit Before Tax": 301,
    "Tax On Profit": -70,
    "Profit": 231,
    "Other Comprehensive Income": 298,
    "Actuarial Gains On Defined Benefit Pension Scheme": 168,
    "Pension Surplus Not Recognised": null,
    "Movement Of Deferred Tax Relating To Pension Deficit": -58,
    "Total Comprehensive Income": 510
  },
  "2022": {
    "Turnover": 27376,
    "Cost Of Sales": -25166,
    "Gross Profit": 2210,
    "Distribution Costs": -152,
    "Administrative Expenses": -174,
    "Other Operating Income": 0,
    "Operating Profit": 1888,
    "Income From Fixed Asset Investments": 21,
    "Impairment Of Fixed Asset Investments": -214,
    "Interest Receivable And Similar Income": 64,
    "Interest Payable And Similar Expenses": -5,
    "Other Finance Income": 22,
    "Profit Before Tax": 1728,
    "Tax On Profit": -392,
    "Profit": 1336,
    "Other Comprehensive Income": 96,
    "Actuarial Gains On Defined Benefit Pension Scheme": 213,
    "Pension Surplus Not Recognised": 4,
    "Movement Of Deferred Tax Relating To Pension Deficit": -28,
    "Total Comprehensive Income": 1420
  },
  "2023": {
    "Turnover": 11207,
    "Cost Of Sales": -10801,
    "Gross Profit": 406,
    "Distribution Costs": -77,
    "Administrative Expenses": -77,
    "Other Operating Income": 1,
    "Operating Profit": 253,
    "Income From Fixed Asset Investments": 11,
    "Impairment Of Fixed Asset Investments": -107,
    "Interest Receivable And Similar Income": 52,
    "Interest Payable And Similar Expenses": -4,
    "Other Finance Income": 16,
    "Profit Before Tax": 328,
    "Tax On Profit": -73,
    "Profit": 255,
    "Other Comprehensive Income": 58,
    "Actuarial Gains On Defined Benefit Pension Scheme": 70,
    "Pension Surplus Not Recognised": 5,
    "Movement Of Deferred Tax Relating To Pension Deficit": -17,
    "Total Comprehensive Income": 313
  }
}

2025-01-16 13:36:09,036 - INFO - Extracted JSON string: {
  "2019": {
    "Turnover": 14936,
    "Cost Of Sales": -14194,
    "Gross Profit": 742,
    "Distribution Costs": -296,
    "Administrative Expenses": -289,
    "Other Operating Income": 87,
    "Operating Profit": 284,
    "Income From Fixed Asset Investments": 6,
    "Interest Receivable And Similar Income": 4,
    "Interest Payable And Similar Expenses": -2,
    "Other Finance Income Or Expenses": 6,
    "Profit Before Tax": 298,
    "Tax On Profit": -52,
    "Profit": 246,
    "Other Comprehensive Income": -132,
    "Actuarial Losses Or Gains On Defined Benefit Pension Scheme": -85,
    "Movement Of Deferred Tax Relating To Pension Deficit Or Surplus": 28,
    "Total Comprehensive Income": 114
  },
  "2020": {
    "Turnover": 8452,
    "Cost Of Sales": -8800,
    "Gross Profit": -348,
    "Distribution Costs": -318,
    "Administrative Expenses": -253,
    "Other Operating Income": -74,
    "Operating Profit": -806,
    "Income From Fixed Asset Investments": 46,
    "Interest Receivable And Similar Income": 4,
    "Interest Payable And Similar Expenses": -2,
    "Other Finance Income Or Expenses": -2,
    "Profit Before Tax": -758,
    "Tax On Profit": 148,
    "Profit": -610,
    "Other Comprehensive Income": 669,
    "Movement Of Deferred Tax Relating To Pension Deficit Or Surplus": -67,
    "Actuarial Gains On Defined Benefit Pension Scheme": 368,
    "Movement Of Deferred Tax Relating To Pension Deficit": -67,
    "Total Comprehensive Income": -8
  },
  "2021": {
    "Turnover": 12536,
    "Cost Of Sales": -11892,
    "Gross Profit": 644,
    "Distribution Costs": -154,
    "Administrative Expenses": -223,
    "Other Operating Income": -72,
    "Operating Profit": 289,
    "Income From Fixed Asset Investments": 6,
    "Impairment Of Fixed Asset Investments": null,
    "Interest Receivable And Similar Income": 2,
    "Interest Payable And Similar Expenses": -2,
    "Other Finance Income Or Charges": 8,
    "Profit Before Tax": 301,
    "Tax On Profit": -70,
    "Profit": 231,
    "Other Comprehensive Income": 298,
    "Actuarial Gains On Defined Benefit Pension Scheme": 168,
    "Pension Surplus Not Recognised": null,
    "Movement Of Deferred Tax Relating To Pension Deficit": -58,
    "Total Comprehensive Income": 510
  },
  "2022": {
    "Turnover": 27376,
    "Cost Of Sales": -25166,
    "Gross Profit": 2210,
    "Distribution Costs": -152,
    "Administrative Expenses": -174,
    "Other Operating Income": 0,
    "Operating Profit": 1888,
    "Income From Fixed Asset Investments": 21,
    "Impairment Of Fixed Asset Investments": -214,
    "Interest Receivable And Similar Income": 64,
    "Interest Payable And Similar Expenses": -5,
    "Other Finance Income": 22,
    "Profit Before Tax": 1728,
    "Tax On Profit": -392,
    "Profit": 1336,
    "Other Comprehensive Income": 96,
    "Actuarial Gains On Defined Benefit Pension Scheme": 213,
    "Pension Surplus Not Recognised": 4,
    "Movement Of Deferred Tax Relating To Pension Deficit": -28,
    "Total Comprehensive Income": 1420
  },
  "2023": {
    "Turnover": 11207,
    "Cost Of Sales": -10801,
    "Gross Profit": 406,
    "Distribution Costs": -77,
    "Administrative Expenses": -77,
    "Other Operating Income": 1,
    "Operating Profit": 253,
    "Income From Fixed Asset Investments": 11,
    "Impairment Of Fixed Asset Investments": -107,
    "Interest Receivable And Similar Income": 52,
    "Interest Payable And Similar Expenses": -4,
    "Other Finance Income": 16,
    "Profit Before Tax": 328,
    "Tax On Profit": -73,
    "Profit": 255,
    "Other Comprehensive Income": 58,
    "Actuarial Gains On Defined Benefit Pension Scheme": 70,
    "Pension Surplus Not Recognised": 5,
    "Movement Of Deferred Tax Relating To Pension Deficit": -17,
    "Total Comprehensive Income": 313
  }
}
2025-01-16 13:36:09,038 - INFO - [SUCCESS] Processed chunk 2019-2023 for profit_and_loss
2025-01-16 13:36:20,212 - INFO - [SUCCESS] Created standardized mapping for 98 balance_sheet line items
2025-01-16 13:36:32,494 - INFO - Raw response for balance_sheet chunk ['2009', '2010', '2011', '2012', '2013']:
2025-01-16 13:36:32,494 - INFO - Response before cleaning: ```json
{
  "2009": {
    "Fixed Assets Intangible Assets": "2",
    "Fixed Assets Tangible Assets": "1,429",
    "Fixed Assets Investments": "10",
    "Current Assets Stocks": "570",
    "Current Assets Debtors": "1,244",
    "Current Assets Cash At Bank": "1,819",
    "Creditors Amounts Falling Due After More Than One Year": "(318)",
    "Net Current Assets": "586",
    "Total Assets Less Current Liabilities": "2,027",
    "Provisions For Liabilities Deferred Tax": "(61)",
    "Provisions For Liabilities Other Provisions": "(1)",
    "Net Assets Excluding Pension Scheme Assets": "1,647",
    "Net Assets Including Pension Scheme Assets": "1,165",
    "Called Up Share Capital": "573",
    "Revaluation Reserve": "424",
    "Capital Reserves": "3",
    "Profit And Loss Account": "165",
    "Shareholders' Funds": "1,165"
  },
  "2010": {
    "Fixed Assets Intangible Assets": "1435",
    "Fixed Assets Tangible Assets": "1442",
    "Fixed Assets Investments": "1455",
    "Current Assets Stocks": "1418",
    "Current Assets Debtors": "2084",
    "Current Assets Cash At Bank": "3504",
    "Creditors Amounts Falling Due After More Than One Year": "(634)",
    "Net Current Assets": "1476",
    "Total Assets Less Current Liabilities": "4366",
    "Provisions For Liabilities Deferred Tax": "(61)",
    "Provisions For Liabilities Other Provisions": "(61)",
    "Net Assets Excluding Pension Scheme Assets Liabilities": "3618",
    "Net Assets Including Pension Scheme Assets Liabilities": "1473",
    "Called Up Share Capital": "1146",
    "Revaluation Reserve": "838",
    "Capital Reserves": "6",
    "Profit And Loss Account": "956",
    "Shareholders' Funds": "1473",
    "Defined Benefit Pension Scheme Liability": "(336)",
    "Creditors Amounts Falling Due Within One Year": "(1014)",
    "Net Assets Excluding Pension Scheme Liabilities": "1809",
    "Net Assets Including Pension Scheme Liabilities": "1473"
  },
  "2011": {
    "Fixed Assets Intangible Assets": "2870",
    "Fixed Assets Tangible Assets": "1456",
    "Fixed Assets Investments": "2",
    "Current Assets Stocks": "1530",
    "Current Assets Debtors": "2875",
    "Current Assets Cash At Bank": "1820",
    "Creditors Amounts Falling Due Within One Year": "(2622)",
    "Net Current Assets": "1018",
    "Total Assets Less Current Liabilities": "3910",
    "Creditors Amounts Falling Due After More Than One Year": "(634)",
    "Provisions For Liabilities Deferred Tax": "(76)",
    "Provisions For Liabilities Other Provisions": "(113)",
    "Net Assets Excluding Pension Scheme Assets Liabilities": "3124",
    "Defined Benefit Pension Scheme Liability": "(858)",
    "Net Assets Including Pension Scheme Assets Liabilities": "2266",
    "Called Up Share Capital": "1146",
    "Revaluation Reserve": "826",
    "Capital Reserves": "6",
    "Profit And Loss Account": "288",
    "Shareholders' Funds": "2266",
    "Net Assets Excluding Pension Scheme Liabilities": "1562",
    "Net Assets Including Pension Scheme Liabilities": "1133"
  },
  "2012": {
    "Fixed Assets Intangible Assets": "2715",
    "Fixed Assets Tangible Assets": "2715",
    "Fixed Assets Investments": "2717",
    "Current Assets Stocks": "1688",
    "Current Assets Debtors": "2892",
    "Creditors Amounts Falling Due Within One Year": "(2975)",
    "Net Current Assets": "1128",
    "Total Assets Less Current Liabilities": "3844",
    "Creditors Amounts Falling Due After More Than One Year": "(634)",
    "Provisions For Liabilities Deferred Tax": "(70)",
    "Provisions For Liabilities Other Provisions": "(78)",
    "Net Assets Excluding Pension Scheme Liabilities": "3070",
    "Defined Benefit Pension Scheme Liability": "(660)",
    "Net Assets Including Pension Scheme Liabilities": "2410",
    "Called Up Share Capital": "1146",
    "Revaluation Reserve": "724",
    "Capital Reserves": "6",
    "Profit And Loss Account": "534",
    "Shareholders' Funds": "2410"
  },
  "2013": {
    "Fixed Assets Intangible Assets": "2588",
    "Fixed Assets Tangible Assets": "2590",
    "Fixed Assets Investments": "2592",
    "Current Assets Stocks": "1834",
    "Current Assets Debtors": "1508",
    "Creditors Amounts Falling Due Within One Year": "(2464)",
    "Net Current Assets": "846",
    "Total Assets Less Current Liabilities": "1719",
    "Creditors Amounts Falling Due After More Than One Year": "(230)",
    "Provisions For Liabilities Deferred Tax": "(90)",
    "Provisions For Liabilities Other Provisions": "(14)",
    "Net Assets Excluding Pension Scheme Liabilities": "3104",
    "Defined Benefit Pension Scheme Liability": "(412)",
    "Net Assets Including Pension Scheme Liabilities": "2692",
    "Called Up Share Capital": "1146",
    "Revaluation Reserve": "728",
    "Capital Reserves": "6",
    "Profit And Loss Account": "812",
    "Shareholders' Funds": "2692",
    "Intangible Assets": "2",
    "Tangible Assets": "1294",
    "Investments": "1296",
    "Stocks": "917",
    "Debtors": "754",
    "Creditors": {
      "amounts falling due within one year": "(1,216)"
    },
    "Provisions For Liabilities": "(7)",
    "Deferred Tax": "(45)",
    "Other Provisions": "(7)",
    "Net Assets Excluding Pension Scheme Liability": "1552",
    "Net Assets Including Pension Scheme Liability": "1346"
  }
}
```
2025-01-16 13:36:32,496 - INFO - Response after cleaning: 
{
  "2009": {
    "Fixed Assets Intangible Assets": "2",
    "Fixed Assets Tangible Assets": "1,429",
    "Fixed Assets Investments": "10",
    "Current Assets Stocks": "570",
    "Current Assets Debtors": "1,244",
    "Current Assets Cash At Bank": "1,819",
    "Creditors Amounts Falling Due After More Than One Year": "(318)",
    "Net Current Assets": "586",
    "Total Assets Less Current Liabilities": "2,027",
    "Provisions For Liabilities Deferred Tax": "(61)",
    "Provisions For Liabilities Other Provisions": "(1)",
    "Net Assets Excluding Pension Scheme Assets": "1,647",
    "Net Assets Including Pension Scheme Assets": "1,165",
    "Called Up Share Capital": "573",
    "Revaluation Reserve": "424",
    "Capital Reserves": "3",
    "Profit And Loss Account": "165",
    "Shareholders' Funds": "1,165"
  },
  "2010": {
    "Fixed Assets Intangible Assets": "1435",
    "Fixed Assets Tangible Assets": "1442",
    "Fixed Assets Investments": "1455",
    "Current Assets Stocks": "1418",
    "Current Assets Debtors": "2084",
    "Current Assets Cash At Bank": "3504",
    "Creditors Amounts Falling Due After More Than One Year": "(634)",
    "Net Current Assets": "1476",
    "Total Assets Less Current Liabilities": "4366",
    "Provisions For Liabilities Deferred Tax": "(61)",
    "Provisions For Liabilities Other Provisions": "(61)",
    "Net Assets Excluding Pension Scheme Assets Liabilities": "3618",
    "Net Assets Including Pension Scheme Assets Liabilities": "1473",
    "Called Up Share Capital": "1146",
    "Revaluation Reserve": "838",
    "Capital Reserves": "6",
    "Profit And Loss Account": "956",
    "Shareholders' Funds": "1473",
    "Defined Benefit Pension Scheme Liability": "(336)",
    "Creditors Amounts Falling Due Within One Year": "(1014)",
    "Net Assets Excluding Pension Scheme Liabilities": "1809",
    "Net Assets Including Pension Scheme Liabilities": "1473"
  },
  "2011": {
    "Fixed Assets Intangible Assets": "2870",
    "Fixed Assets Tangible Assets": "1456",
    "Fixed Assets Investments": "2",
    "Current Assets Stocks": "1530",
    "Current Assets Debtors": "2875",
    "Current Assets Cash At Bank": "1820",
    "Creditors Amounts Falling Due Within One Year": "(2622)",
    "Net Current Assets": "1018",
    "Total Assets Less Current Liabilities": "3910",
    "Creditors Amounts Falling Due After More Than One Year": "(634)",
    "Provisions For Liabilities Deferred Tax": "(76)",
    "Provisions For Liabilities Other Provisions": "(113)",
    "Net Assets Excluding Pension Scheme Assets Liabilities": "3124",
    "Defined Benefit Pension Scheme Liability": "(858)",
    "Net Assets Including Pension Scheme Assets Liabilities": "2266",
    "Called Up Share Capital": "1146",
    "Revaluation Reserve": "826",
    "Capital Reserves": "6",
    "Profit And Loss Account": "288",
    "Shareholders' Funds": "2266",
    "Net Assets Excluding Pension Scheme Liabilities": "1562",
    "Net Assets Including Pension Scheme Liabilities": "1133"
  },
  "2012": {
    "Fixed Assets Intangible Assets": "2715",
    "Fixed Assets Tangible Assets": "2715",
    "Fixed Assets Investments": "2717",
    "Current Assets Stocks": "1688",
    "Current Assets Debtors": "2892",
    "Creditors Amounts Falling Due Within One Year": "(2975)",
    "Net Current Assets": "1128",
    "Total Assets Less Current Liabilities": "3844",
    "Creditors Amounts Falling Due After More Than One Year": "(634)",
    "Provisions For Liabilities Deferred Tax": "(70)",
    "Provisions For Liabilities Other Provisions": "(78)",
    "Net Assets Excluding Pension Scheme Liabilities": "3070",
    "Defined Benefit Pension Scheme Liability": "(660)",
    "Net Assets Including Pension Scheme Liabilities": "2410",
    "Called Up Share Capital": "1146",
    "Revaluation Reserve": "724",
    "Capital Reserves": "6",
    "Profit And Loss Account": "534",
    "Shareholders' Funds": "2410"
  },
  "2013": {
    "Fixed Assets Intangible Assets": "2588",
    "Fixed Assets Tangible Assets": "2590",
    "Fixed Assets Investments": "2592",
    "Current Assets Stocks": "1834",
    "Current Assets Debtors": "1508",
    "Creditors Amounts Falling Due Within One Year": "(2464)",
    "Net Current Assets": "846",
    "Total Assets Less Current Liabilities": "1719",
    "Creditors Amounts Falling Due After More Than One Year": "(230)",
    "Provisions For Liabilities Deferred Tax": "(90)",
    "Provisions For Liabilities Other Provisions": "(14)",
    "Net Assets Excluding Pension Scheme Liabilities": "3104",
    "Defined Benefit Pension Scheme Liability": "(412)",
    "Net Assets Including Pension Scheme Liabilities": "2692",
    "Called Up Share Capital": "1146",
    "Revaluation Reserve": "728",
    "Capital Reserves": "6",
    "Profit And Loss Account": "812",
    "Shareholders' Funds": "2692",
    "Intangible Assets": "2",
    "Tangible Assets": "1294",
    "Investments": "1296",
    "Stocks": "917",
    "Debtors": "754",
    "Creditors": {
      "amounts falling due within one year": "(1,216)"
    },
    "Provisions For Liabilities": "(7)",
    "Deferred Tax": "(45)",
    "Other Provisions": "(7)",
    "Net Assets Excluding Pension Scheme Liability": "1552",
    "Net Assets Including Pension Scheme Liability": "1346"
  }
}

2025-01-16 13:36:32,497 - INFO - Extracted JSON string: {
  "2009": {
    "Fixed Assets Intangible Assets": "2",
    "Fixed Assets Tangible Assets": "1,429",
    "Fixed Assets Investments": "10",
    "Current Assets Stocks": "570",
    "Current Assets Debtors": "1,244",
    "Current Assets Cash At Bank": "1,819",
    "Creditors Amounts Falling Due After More Than One Year": "(318)",
    "Net Current Assets": "586",
    "Total Assets Less Current Liabilities": "2,027",
    "Provisions For Liabilities Deferred Tax": "(61)",
    "Provisions For Liabilities Other Provisions": "(1)",
    "Net Assets Excluding Pension Scheme Assets": "1,647",
    "Net Assets Including Pension Scheme Assets": "1,165",
    "Called Up Share Capital": "573",
    "Revaluation Reserve": "424",
    "Capital Reserves": "3",
    "Profit And Loss Account": "165",
    "Shareholders' Funds": "1,165"
  },
  "2010": {
    "Fixed Assets Intangible Assets": "1435",
    "Fixed Assets Tangible Assets": "1442",
    "Fixed Assets Investments": "1455",
    "Current Assets Stocks": "1418",
    "Current Assets Debtors": "2084",
    "Current Assets Cash At Bank": "3504",
    "Creditors Amounts Falling Due After More Than One Year": "(634)",
    "Net Current Assets": "1476",
    "Total Assets Less Current Liabilities": "4366",
    "Provisions For Liabilities Deferred Tax": "(61)",
    "Provisions For Liabilities Other Provisions": "(61)",
    "Net Assets Excluding Pension Scheme Assets Liabilities": "3618",
    "Net Assets Including Pension Scheme Assets Liabilities": "1473",
    "Called Up Share Capital": "1146",
    "Revaluation Reserve": "838",
    "Capital Reserves": "6",
    "Profit And Loss Account": "956",
    "Shareholders' Funds": "1473",
    "Defined Benefit Pension Scheme Liability": "(336)",
    "Creditors Amounts Falling Due Within One Year": "(1014)",
    "Net Assets Excluding Pension Scheme Liabilities": "1809",
    "Net Assets Including Pension Scheme Liabilities": "1473"
  },
  "2011": {
    "Fixed Assets Intangible Assets": "2870",
    "Fixed Assets Tangible Assets": "1456",
    "Fixed Assets Investments": "2",
    "Current Assets Stocks": "1530",
    "Current Assets Debtors": "2875",
    "Current Assets Cash At Bank": "1820",
    "Creditors Amounts Falling Due Within One Year": "(2622)",
    "Net Current Assets": "1018",
    "Total Assets Less Current Liabilities": "3910",
    "Creditors Amounts Falling Due After More Than One Year": "(634)",
    "Provisions For Liabilities Deferred Tax": "(76)",
    "Provisions For Liabilities Other Provisions": "(113)",
    "Net Assets Excluding Pension Scheme Assets Liabilities": "3124",
    "Defined Benefit Pension Scheme Liability": "(858)",
    "Net Assets Including Pension Scheme Assets Liabilities": "2266",
    "Called Up Share Capital": "1146",
    "Revaluation Reserve": "826",
    "Capital Reserves": "6",
    "Profit And Loss Account": "288",
    "Shareholders' Funds": "2266",
    "Net Assets Excluding Pension Scheme Liabilities": "1562",
    "Net Assets Including Pension Scheme Liabilities": "1133"
  },
  "2012": {
    "Fixed Assets Intangible Assets": "2715",
    "Fixed Assets Tangible Assets": "2715",
    "Fixed Assets Investments": "2717",
    "Current Assets Stocks": "1688",
    "Current Assets Debtors": "2892",
    "Creditors Amounts Falling Due Within One Year": "(2975)",
    "Net Current Assets": "1128",
    "Total Assets Less Current Liabilities": "3844",
    "Creditors Amounts Falling Due After More Than One Year": "(634)",
    "Provisions For Liabilities Deferred Tax": "(70)",
    "Provisions For Liabilities Other Provisions": "(78)",
    "Net Assets Excluding Pension Scheme Liabilities": "3070",
    "Defined Benefit Pension Scheme Liability": "(660)",
    "Net Assets Including Pension Scheme Liabilities": "2410",
    "Called Up Share Capital": "1146",
    "Revaluation Reserve": "724",
    "Capital Reserves": "6",
    "Profit And Loss Account": "534",
    "Shareholders' Funds": "2410"
  },
  "2013": {
    "Fixed Assets Intangible Assets": "2588",
    "Fixed Assets Tangible Assets": "2590",
    "Fixed Assets Investments": "2592",
    "Current Assets Stocks": "1834",
    "Current Assets Debtors": "1508",
    "Creditors Amounts Falling Due Within One Year": "(2464)",
    "Net Current Assets": "846",
    "Total Assets Less Current Liabilities": "1719",
    "Creditors Amounts Falling Due After More Than One Year": "(230)",
    "Provisions For Liabilities Deferred Tax": "(90)",
    "Provisions For Liabilities Other Provisions": "(14)",
    "Net Assets Excluding Pension Scheme Liabilities": "3104",
    "Defined Benefit Pension Scheme Liability": "(412)",
    "Net Assets Including Pension Scheme Liabilities": "2692",
    "Called Up Share Capital": "1146",
    "Revaluation Reserve": "728",
    "Capital Reserves": "6",
    "Profit And Loss Account": "812",
    "Shareholders' Funds": "2692",
    "Intangible Assets": "2",
    "Tangible Assets": "1294",
    "Investments": "1296",
    "Stocks": "917",
    "Debtors": "754",
    "Creditors": {
      "amounts falling due within one year": "(1,216)"
    },
    "Provisions For Liabilities": "(7)",
    "Deferred Tax": "(45)",
    "Other Provisions": "(7)",
    "Net Assets Excluding Pension Scheme Liability": "1552",
    "Net Assets Including Pension Scheme Liability": "1346"
  }
}
2025-01-16 13:36:32,499 - INFO - [SUCCESS] Processed chunk 2009-2013 for balance_sheet
2025-01-16 13:36:47,964 - INFO - Raw response for balance_sheet chunk ['2014', '2015', '2016', '2017', '2018']:
2025-01-16 13:36:47,965 - INFO - Response before cleaning: ```json
{
  "2014": {
    "Intangible Assets": "836",
    "Tangible Assets": "2138",
    "Investments": "1302",
    "Stocks": "526",
    "Debtors": "690",
    "Creditors Amounts Falling Due Within One Year": "-1741",
    "Net Current Assets": "689",
    "Creditors Amounts Falling Due After More Than One Year": "-226",
    "Provisions For Liabilities": "-90",
    "Deferred Tax": "-14",
    "Other Provisions": "-50",
    "Net Assets Excluding Pension Scheme Liability": "1491",
    "Defined Benefit Pension Scheme Liability": "-118",
    "Net Assets Including Pension Scheme Liability": "1373",
    "Called Up Share Capital": "573",
    "Revaluation Reserve": "462",
    "Capital Reserves": "3",
    "Profit And Loss Account": "335",
    "Shareholders' Funds": "1373",
    "Debtors Amounts Falling Due After More Than One Year": "12",
    "Debtors Amounts Falling Due Within One Year": "676",
    "Total Assets Less Current Liabilities": "1183",
    "Pension Liability": "-123",
    "Net Assets": "899",
    "Current Assets": "526"
  },
  "2015": {
    "Fixed Assets": "14",
    "Intangible Assets": "1336",
    "Tangible Assets": "1364",
    "Current Assets": "514",
    "Debtors Amounts Falling Due After More Than One Year": "26",
    "Debtors Amounts Falling Due Within One Year": "2644",
    "Creditors Amounts Falling Due Within One Year": "-1698",
    "Net Current Assets": "1098",
    "Total Assets Less Current Liabilities": "2462",
    "Creditors Amounts Falling Due After More Than One Year": "-220",
    "Provisions For Liabilities": "-74",
    "Deferred Tax": "-26",
    "Pension Liability": "-173",
    "Net Assets": "1896",
    "Fixed Assets Intangible Assets": "668",
    "Fixed Assets Tangible Assets": "682",
    "Current Assets Inventories": "514",
    "Net assets": "948",
    "Capital And Reserves Called Up Share Capital": "573",
    "Other Reserves": "3",
    "Profit And Loss Account": "744",
    "Net assets excluding pension scheme liability": null
  },
  "2016": {
    "Fixed Assets Intangible Assets": "1307",
    "Fixed Assets Tangible Assets": "1318",
    "Current Assets Inventories": "1254",
    "Current Assets Debtors Amounts Falling Due After More Than One Year": "34",
    "Current Assets Debtors Amounts Falling Due Within One Year": "2262",
    "Creditors Amounts Falling Due Within One Year": "-1996",
    "Net Current Assets": "1554",
    "Total Assets Less Current Liabilities": "2872",
    "Creditors Amounts Falling Due After More Than One Year": "-216",
    "Provisions For Liabilities": "-62",
    "Deferred Tax": "-118",
    "Pension Liability": "-313",
    "Net Assets": "2274",
    "Capital And Reserves Called Up Share Capital": "1146",
    "Other Reserves": "6",
    "Profit And Loss Account": "1122",
    "Current Assets": {
      "Inventories": 627,
      "Debtors: Amounts falling due after more than one year": 17,
      "Debtors: Amounts falling due within one year": 1133,
      "Pension asset": 2037,
      "Creditors: Amounts falling due within one year": -998,
      "Net Current Assets": 779
    },
    "Total Assets Less Current Liabilities": 1438,
    "Provisions For Liabilities": {
      "Deferred tax": -80,
      "Other provisions": -19
    },
    "Pension liability": -174,
    "Capital And Reserves": {
      "Called up share capital": 573,
      "Other reserves": 3,
      "Profit and loss account": 561
    },
    "Net assets": "1137"
  },
  "2017": {
    "Fixed Assets Intangible Assets": "1299",
    "Fixed Assets Tangible Assets": "1260",
    "Fixed Assets Investments": "643",
    "Current Assets Inventories": "1342",
    "Current Assets Debtors Amounts Falling Due After More Than One Year": "41",
    "Current Assets Debtors Amounts Falling Due Within One Year": "1914",
    "Creditors Amounts Falling Due Within One Year": "-2156",
    "Net Current Assets": "1918",
    "Total Assets Less Current Liabilities": "3204",
    "Creditors Amounts Falling Due After More Than One Year": "-200",
    "Provisions For Liabilities": "-160",
    "Deferred Tax": "-116",
    "Pension Liability": "-316",
    "Net Assets": "2528",
    "Called Up Share Capital": "1146",
    "Other Reserves": "6",
    "Profit And Loss Account": "1376",
    "Current Assets": {
      "Inventories": 671,
      "Debtors: Amounts falling due after more than one year": 21,
      "Debtors: Amounts falling due within one year": 957,
      "Pension asset": 388,
      "Creditors: Amounts falling due within one year": -1078,
      "Net Current Assets": 959
    },
    "Total Assets Less Current Liabilities": 1602,
    "Provisions For Liabilities": {
      "Deferred tax": -58,
      "Other provisions": -22
    },
    "Pension liability": -158,
    "Capital And Reserves": {
      "Called up share capital": 573,
      "Other reserves": 3,
      "Profit and loss account": 688
    },
    "Net assets": "1264"
  },
  "2018": {
    "Fixed Assets Intangible Assets": "26",
    "Fixed Assets Tangible Assets": "1332",
    "Fixed Assets Investments": "664",
    "Current Assets Inventories": "1444",
    "Current Assets Debtors Amounts Falling Due After More Than One Year": "40",
    "Current Assets Debtors Amounts Falling Due Within One Year": "2328",
    "Creditors Amounts Falling Due Within One Year": "-2640",
    "Net Current Assets": "1846",
    "Total Assets Less Current Liabilities": "3886",
    "Creditors Amounts Falling Due After More Than One Year": "-200",
    "Deferred Tax": "-94",
    "Other Provisions": "-54",
    "Pension Liability": "-386",
    "Net Assets": "3152",
    "Called Up Share Capital": "1906",
    "Other Reserves": "6",
    "Profit And Loss Account": "1240",
    "Current Assets": {
      "Inventories": 722,
      "Debtors: Amounts falling due after more than one year": 20,
      "Debtors: Amounts falling due within one year": 1164,
      "Pension asset": 337
    },
    "Total assets less current liabilities": "1943",
    "Provisions for liabilities": {
      "Deferred tax": "-47",
      "Other provisions": "-27"
    },
    "Pension liability": "-193",
    "Capital and reserves": {
      "Called up share capital": 953,
      "Other reserves": 3,
      "Profit and loss account": 620
    },
    "Net assets": "1576"
  }
}
```
2025-01-16 13:36:47,972 - INFO - Response after cleaning: 
{
  "2014": {
    "Intangible Assets": "836",
    "Tangible Assets": "2138",
    "Investments": "1302",
    "Stocks": "526",
    "Debtors": "690",
    "Creditors Amounts Falling Due Within One Year": "-1741",
    "Net Current Assets": "689",
    "Creditors Amounts Falling Due After More Than One Year": "-226",
    "Provisions For Liabilities": "-90",
    "Deferred Tax": "-14",
    "Other Provisions": "-50",
    "Net Assets Excluding Pension Scheme Liability": "1491",
    "Defined Benefit Pension Scheme Liability": "-118",
    "Net Assets Including Pension Scheme Liability": "1373",
    "Called Up Share Capital": "573",
    "Revaluation Reserve": "462",
    "Capital Reserves": "3",
    "Profit And Loss Account": "335",
    "Shareholders' Funds": "1373",
    "Debtors Amounts Falling Due After More Than One Year": "12",
    "Debtors Amounts Falling Due Within One Year": "676",
    "Total Assets Less Current Liabilities": "1183",
    "Pension Liability": "-123",
    "Net Assets": "899",
    "Current Assets": "526"
  },
  "2015": {
    "Fixed Assets": "14",
    "Intangible Assets": "1336",
    "Tangible Assets": "1364",
    "Current Assets": "514",
    "Debtors Amounts Falling Due After More Than One Year": "26",
    "Debtors Amounts Falling Due Within One Year": "2644",
    "Creditors Amounts Falling Due Within One Year": "-1698",
    "Net Current Assets": "1098",
    "Total Assets Less Current Liabilities": "2462",
    "Creditors Amounts Falling Due After More Than One Year": "-220",
    "Provisions For Liabilities": "-74",
    "Deferred Tax": "-26",
    "Pension Liability": "-173",
    "Net Assets": "1896",
    "Fixed Assets Intangible Assets": "668",
    "Fixed Assets Tangible Assets": "682",
    "Current Assets Inventories": "514",
    "Net assets": "948",
    "Capital And Reserves Called Up Share Capital": "573",
    "Other Reserves": "3",
    "Profit And Loss Account": "744",
    "Net assets excluding pension scheme liability": null
  },
  "2016": {
    "Fixed Assets Intangible Assets": "1307",
    "Fixed Assets Tangible Assets": "1318",
    "Current Assets Inventories": "1254",
    "Current Assets Debtors Amounts Falling Due After More Than One Year": "34",
    "Current Assets Debtors Amounts Falling Due Within One Year": "2262",
    "Creditors Amounts Falling Due Within One Year": "-1996",
    "Net Current Assets": "1554",
    "Total Assets Less Current Liabilities": "2872",
    "Creditors Amounts Falling Due After More Than One Year": "-216",
    "Provisions For Liabilities": "-62",
    "Deferred Tax": "-118",
    "Pension Liability": "-313",
    "Net Assets": "2274",
    "Capital And Reserves Called Up Share Capital": "1146",
    "Other Reserves": "6",
    "Profit And Loss Account": "1122",
    "Current Assets": {
      "Inventories": 627,
      "Debtors: Amounts falling due after more than one year": 17,
      "Debtors: Amounts falling due within one year": 1133,
      "Pension asset": 2037,
      "Creditors: Amounts falling due within one year": -998,
      "Net Current Assets": 779
    },
    "Total Assets Less Current Liabilities": 1438,
    "Provisions For Liabilities": {
      "Deferred tax": -80,
      "Other provisions": -19
    },
    "Pension liability": -174,
    "Capital And Reserves": {
      "Called up share capital": 573,
      "Other reserves": 3,
      "Profit and loss account": 561
    },
    "Net assets": "1137"
  },
  "2017": {
    "Fixed Assets Intangible Assets": "1299",
    "Fixed Assets Tangible Assets": "1260",
    "Fixed Assets Investments": "643",
    "Current Assets Inventories": "1342",
    "Current Assets Debtors Amounts Falling Due After More Than One Year": "41",
    "Current Assets Debtors Amounts Falling Due Within One Year": "1914",
    "Creditors Amounts Falling Due Within One Year": "-2156",
    "Net Current Assets": "1918",
    "Total Assets Less Current Liabilities": "3204",
    "Creditors Amounts Falling Due After More Than One Year": "-200",
    "Provisions For Liabilities": "-160",
    "Deferred Tax": "-116",
    "Pension Liability": "-316",
    "Net Assets": "2528",
    "Called Up Share Capital": "1146",
    "Other Reserves": "6",
    "Profit And Loss Account": "1376",
    "Current Assets": {
      "Inventories": 671,
      "Debtors: Amounts falling due after more than one year": 21,
      "Debtors: Amounts falling due within one year": 957,
      "Pension asset": 388,
      "Creditors: Amounts falling due within one year": -1078,
      "Net Current Assets": 959
    },
    "Total Assets Less Current Liabilities": 1602,
    "Provisions For Liabilities": {
      "Deferred tax": -58,
      "Other provisions": -22
    },
    "Pension liability": -158,
    "Capital And Reserves": {
      "Called up share capital": 573,
      "Other reserves": 3,
      "Profit and loss account": 688
    },
    "Net assets": "1264"
  },
  "2018": {
    "Fixed Assets Intangible Assets": "26",
    "Fixed Assets Tangible Assets": "1332",
    "Fixed Assets Investments": "664",
    "Current Assets Inventories": "1444",
    "Current Assets Debtors Amounts Falling Due After More Than One Year": "40",
    "Current Assets Debtors Amounts Falling Due Within One Year": "2328",
    "Creditors Amounts Falling Due Within One Year": "-2640",
    "Net Current Assets": "1846",
    "Total Assets Less Current Liabilities": "3886",
    "Creditors Amounts Falling Due After More Than One Year": "-200",
    "Deferred Tax": "-94",
    "Other Provisions": "-54",
    "Pension Liability": "-386",
    "Net Assets": "3152",
    "Called Up Share Capital": "1906",
    "Other Reserves": "6",
    "Profit And Loss Account": "1240",
    "Current Assets": {
      "Inventories": 722,
      "Debtors: Amounts falling due after more than one year": 20,
      "Debtors: Amounts falling due within one year": 1164,
      "Pension asset": 337
    },
    "Total assets less current liabilities": "1943",
    "Provisions for liabilities": {
      "Deferred tax": "-47",
      "Other provisions": "-27"
    },
    "Pension liability": "-193",
    "Capital and reserves": {
      "Called up share capital": 953,
      "Other reserves": 3,
      "Profit and loss account": 620
    },
    "Net assets": "1576"
  }
}

2025-01-16 13:36:47,978 - INFO - Extracted JSON string: {
  "2014": {
    "Intangible Assets": "836",
    "Tangible Assets": "2138",
    "Investments": "1302",
    "Stocks": "526",
    "Debtors": "690",
    "Creditors Amounts Falling Due Within One Year": "-1741",
    "Net Current Assets": "689",
    "Creditors Amounts Falling Due After More Than One Year": "-226",
    "Provisions For Liabilities": "-90",
    "Deferred Tax": "-14",
    "Other Provisions": "-50",
    "Net Assets Excluding Pension Scheme Liability": "1491",
    "Defined Benefit Pension Scheme Liability": "-118",
    "Net Assets Including Pension Scheme Liability": "1373",
    "Called Up Share Capital": "573",
    "Revaluation Reserve": "462",
    "Capital Reserves": "3",
    "Profit And Loss Account": "335",
    "Shareholders' Funds": "1373",
    "Debtors Amounts Falling Due After More Than One Year": "12",
    "Debtors Amounts Falling Due Within One Year": "676",
    "Total Assets Less Current Liabilities": "1183",
    "Pension Liability": "-123",
    "Net Assets": "899",
    "Current Assets": "526"
  },
  "2015": {
    "Fixed Assets": "14",
    "Intangible Assets": "1336",
    "Tangible Assets": "1364",
    "Current Assets": "514",
    "Debtors Amounts Falling Due After More Than One Year": "26",
    "Debtors Amounts Falling Due Within One Year": "2644",
    "Creditors Amounts Falling Due Within One Year": "-1698",
    "Net Current Assets": "1098",
    "Total Assets Less Current Liabilities": "2462",
    "Creditors Amounts Falling Due After More Than One Year": "-220",
    "Provisions For Liabilities": "-74",
    "Deferred Tax": "-26",
    "Pension Liability": "-173",
    "Net Assets": "1896",
    "Fixed Assets Intangible Assets": "668",
    "Fixed Assets Tangible Assets": "682",
    "Current Assets Inventories": "514",
    "Net assets": "948",
    "Capital And Reserves Called Up Share Capital": "573",
    "Other Reserves": "3",
    "Profit And Loss Account": "744",
    "Net assets excluding pension scheme liability": null
  },
  "2016": {
    "Fixed Assets Intangible Assets": "1307",
    "Fixed Assets Tangible Assets": "1318",
    "Current Assets Inventories": "1254",
    "Current Assets Debtors Amounts Falling Due After More Than One Year": "34",
    "Current Assets Debtors Amounts Falling Due Within One Year": "2262",
    "Creditors Amounts Falling Due Within One Year": "-1996",
    "Net Current Assets": "1554",
    "Total Assets Less Current Liabilities": "2872",
    "Creditors Amounts Falling Due After More Than One Year": "-216",
    "Provisions For Liabilities": "-62",
    "Deferred Tax": "-118",
    "Pension Liability": "-313",
    "Net Assets": "2274",
    "Capital And Reserves Called Up Share Capital": "1146",
    "Other Reserves": "6",
    "Profit And Loss Account": "1122",
    "Current Assets": {
      "Inventories": 627,
      "Debtors: Amounts falling due after more than one year": 17,
      "Debtors: Amounts falling due within one year": 1133,
      "Pension asset": 2037,
      "Creditors: Amounts falling due within one year": -998,
      "Net Current Assets": 779
    },
    "Total Assets Less Current Liabilities": 1438,
    "Provisions For Liabilities": {
      "Deferred tax": -80,
      "Other provisions": -19
    },
    "Pension liability": -174,
    "Capital And Reserves": {
      "Called up share capital": 573,
      "Other reserves": 3,
      "Profit and loss account": 561
    },
    "Net assets": "1137"
  },
  "2017": {
    "Fixed Assets Intangible Assets": "1299",
    "Fixed Assets Tangible Assets": "1260",
    "Fixed Assets Investments": "643",
    "Current Assets Inventories": "1342",
    "Current Assets Debtors Amounts Falling Due After More Than One Year": "41",
    "Current Assets Debtors Amounts Falling Due Within One Year": "1914",
    "Creditors Amounts Falling Due Within One Year": "-2156",
    "Net Current Assets": "1918",
    "Total Assets Less Current Liabilities": "3204",
    "Creditors Amounts Falling Due After More Than One Year": "-200",
    "Provisions For Liabilities": "-160",
    "Deferred Tax": "-116",
    "Pension Liability": "-316",
    "Net Assets": "2528",
    "Called Up Share Capital": "1146",
    "Other Reserves": "6",
    "Profit And Loss Account": "1376",
    "Current Assets": {
      "Inventories": 671,
      "Debtors: Amounts falling due after more than one year": 21,
      "Debtors: Amounts falling due within one year": 957,
      "Pension asset": 388,
      "Creditors: Amounts falling due within one year": -1078,
      "Net Current Assets": 959
    },
    "Total Assets Less Current Liabilities": 1602,
    "Provisions For Liabilities": {
      "Deferred tax": -58,
      "Other provisions": -22
    },
    "Pension liability": -158,
    "Capital And Reserves": {
      "Called up share capital": 573,
      "Other reserves": 3,
      "Profit and loss account": 688
    },
    "Net assets": "1264"
  },
  "2018": {
    "Fixed Assets Intangible Assets": "26",
    "Fixed Assets Tangible Assets": "1332",
    "Fixed Assets Investments": "664",
    "Current Assets Inventories": "1444",
    "Current Assets Debtors Amounts Falling Due After More Than One Year": "40",
    "Current Assets Debtors Amounts Falling Due Within One Year": "2328",
    "Creditors Amounts Falling Due Within One Year": "-2640",
    "Net Current Assets": "1846",
    "Total Assets Less Current Liabilities": "3886",
    "Creditors Amounts Falling Due After More Than One Year": "-200",
    "Deferred Tax": "-94",
    "Other Provisions": "-54",
    "Pension Liability": "-386",
    "Net Assets": "3152",
    "Called Up Share Capital": "1906",
    "Other Reserves": "6",
    "Profit And Loss Account": "1240",
    "Current Assets": {
      "Inventories": 722,
      "Debtors: Amounts falling due after more than one year": 20,
      "Debtors: Amounts falling due within one year": 1164,
      "Pension asset": 337
    },
    "Total assets less current liabilities": "1943",
    "Provisions for liabilities": {
      "Deferred tax": "-47",
      "Other provisions": "-27"
    },
    "Pension liability": "-193",
    "Capital and reserves": {
      "Called up share capital": 953,
      "Other reserves": 3,
      "Profit and loss account": 620
    },
    "Net assets": "1576"
  }
}
2025-01-16 13:36:47,981 - INFO - [SUCCESS] Processed chunk 2014-2018 for balance_sheet
2025-01-16 13:36:59,359 - INFO - Raw response for balance_sheet chunk ['2019', '2020', '2021', '2022', '2023']:
2025-01-16 13:36:59,359 - INFO - Response before cleaning: ```json
{
  "2019": {
    "Fixed Assets Intangible Assets": 8,
    "Fixed Assets Tangible Assets": 1624,
    "Fixed Assets Investments": 662,
    "Current Assets Inventories": 1602,
    "Debtors Amounts Falling Due After More Than One Year": 1326,
    "Debtors Amounts Falling Due Within One Year": 3641,
    "Pension Asset": 476,
    "Creditors Amounts Falling Due Within One Year": -2682,
    "Total Assets Less Current Liabilities": 4342,
    "Creditors Amounts Falling Due After More Than One Year": -200,
    "Deferred Tax": -24,
    "Other Provisions": -50,
    "Pension Liability": -502,
    "Net Assets": 3566,
    "Called Up Share Capital": 2206,
    "Other Reserves": 6,
    "Profit And Loss Account": 1354,
    "Net Current Assets": 1024,
    "Provisions For Liabilities Deferred Tax": -12,
    "Capital And Reserves Called Up Share Capital": 1103,
    "Capital And Reserves Profit And Loss Account": 677
  },
  "2020": {
    "Fixed Assets Intangible Assets": 965,
    "Fixed Assets Tangible Assets": 1289,
    "Fixed Assets Investments": 1627,
    "Current Assets Inventories": 1274,
    "Debtors Amounts Falling Due After More Than One Year": 1100,
    "Debtors Amounts Falling Due Within One Year": 2383,
    "Pension Asset": 1196,
    "Creditors Amounts Falling Due Within One Year": -2594,
    "Total Assets Less Current Liabilities": 4668,
    "Creditors Amounts Falling Due After More Than One Year": -204,
    "Deferred Tax": -128,
    "Other Provisions": -138,
    "Pension Liability": -650,
    "Net Assets": 3558,
    "Called Up Share Capital": 2206,
    "Other Reserves": 676,
    "Profit And Loss Account": 2452,
    "Net Current Assets": 2076,
    "Provisions For Liabilities Deferred Tax": -59,
    "Capital And Reserves Called Up Share Capital": 1103,
    "Capital And Reserves Profit And Loss Account": 673
  },
  "2021": {
    "Fixed Assets Intangible Assets": 1952,
    "Fixed Assets Tangible Assets": 662,
    "Fixed Assets Investments": 2626,
    "Current Assets Inventories": 1598,
    "Debtors Amounts Falling Due After More Than One Year": 40,
    "Debtors Amounts Falling Due Within One Year": 2840,
    "Pension Asset": 1350,
    "Creditors Amounts Falling Due Within One Year": -2778,
    "Total Assets Less Current Liabilities": 5676,
    "Creditors Amounts Falling Due After More Than One Year": -195,
    "Deferred Tax": -143,
    "Other Provisions": -124,
    "Pension Liability": -358,
    "Net Assets": 4568,
    "Called Up Share Capital": 2706,
    "Other Reserves": 1859,
    "Profit And Loss Account": 3212,
    "Net Current Assets": 3050,
    "Provisions For Liabilities": -102,
    "Total Equity": 2284
  },
  "2022": {
    "Fixed Assets Intangible Assets": 90,
    "Fixed Assets Tangible Assets": 3530,
    "Fixed Assets Investments": 448,
    "Current Assets Inventories": 1940,
    "Debtors Amounts Falling Due After More Than One Year": 30,
    "Debtors Amounts Falling Due Within One Year": 4752,
    "Pension Asset": 1090,
    "Creditors Amounts Falling Due Within One Year": -3368,
    "Total Assets Less Current Liabilities": 7212,
    "Creditors Amounts Falling Due After More Than One Year": -204,
    "Deferred Tax": -26,
    "Other Provisions": -204,
    "Pension Liability": -329,
    "Net Assets": 6350,
    "Called Up Share Capital": 3066,
    "Other Reserves": 6,
    "Profit And Loss Account": 3278,
    "Net Current Assets": 4444,
    "Provisions For Liabilities": -288,
    "Total Equity": 6350
  },
  "2023": {
    "Fixed Assets Intangible Assets": 51,
    "Fixed Assets Tangible Assets": 1775,
    "Fixed Assets Investments": 224,
    "Current Assets Inventories": 922,
    "Debtors Amounts Falling Due After More Than One Year": 30,
    "Debtors Amounts Falling Due Within One Year": 1961,
    "Pension Asset": 626,
    "Creditors Amounts Falling Due Within One Year": -1709,
    "Total Assets Less Current Liabilities": 3498,
    "Creditors Amounts Falling Due After More Than One Year": -101,
    "Deferred Tax": -13,
    "Provisions For Liabilities": -176,
    "Pension Liability": -233,
    "Net Assets": 2988,
    "Called Up Share Capital": 1533,
    "Other Reserves": 3,
    "Profit And Loss Account": 1452,
    "Net Current Assets": 1830,
    "Total Equity": 2988
  }
}
```
2025-01-16 13:36:59,360 - INFO - Response after cleaning: 
{
  "2019": {
    "Fixed Assets Intangible Assets": 8,
    "Fixed Assets Tangible Assets": 1624,
    "Fixed Assets Investments": 662,
    "Current Assets Inventories": 1602,
    "Debtors Amounts Falling Due After More Than One Year": 1326,
    "Debtors Amounts Falling Due Within One Year": 3641,
    "Pension Asset": 476,
    "Creditors Amounts Falling Due Within One Year": -2682,
    "Total Assets Less Current Liabilities": 4342,
    "Creditors Amounts Falling Due After More Than One Year": -200,
    "Deferred Tax": -24,
    "Other Provisions": -50,
    "Pension Liability": -502,
    "Net Assets": 3566,
    "Called Up Share Capital": 2206,
    "Other Reserves": 6,
    "Profit And Loss Account": 1354,
    "Net Current Assets": 1024,
    "Provisions For Liabilities Deferred Tax": -12,
    "Capital And Reserves Called Up Share Capital": 1103,
    "Capital And Reserves Profit And Loss Account": 677
  },
  "2020": {
    "Fixed Assets Intangible Assets": 965,
    "Fixed Assets Tangible Assets": 1289,
    "Fixed Assets Investments": 1627,
    "Current Assets Inventories": 1274,
    "Debtors Amounts Falling Due After More Than One Year": 1100,
    "Debtors Amounts Falling Due Within One Year": 2383,
    "Pension Asset": 1196,
    "Creditors Amounts Falling Due Within One Year": -2594,
    "Total Assets Less Current Liabilities": 4668,
    "Creditors Amounts Falling Due After More Than One Year": -204,
    "Deferred Tax": -128,
    "Other Provisions": -138,
    "Pension Liability": -650,
    "Net Assets": 3558,
    "Called Up Share Capital": 2206,
    "Other Reserves": 676,
    "Profit And Loss Account": 2452,
    "Net Current Assets": 2076,
    "Provisions For Liabilities Deferred Tax": -59,
    "Capital And Reserves Called Up Share Capital": 1103,
    "Capital And Reserves Profit And Loss Account": 673
  },
  "2021": {
    "Fixed Assets Intangible Assets": 1952,
    "Fixed Assets Tangible Assets": 662,
    "Fixed Assets Investments": 2626,
    "Current Assets Inventories": 1598,
    "Debtors Amounts Falling Due After More Than One Year": 40,
    "Debtors Amounts Falling Due Within One Year": 2840,
    "Pension Asset": 1350,
    "Creditors Amounts Falling Due Within One Year": -2778,
    "Total Assets Less Current Liabilities": 5676,
    "Creditors Amounts Falling Due After More Than One Year": -195,
    "Deferred Tax": -143,
    "Other Provisions": -124,
    "Pension Liability": -358,
    "Net Assets": 4568,
    "Called Up Share Capital": 2706,
    "Other Reserves": 1859,
    "Profit And Loss Account": 3212,
    "Net Current Assets": 3050,
    "Provisions For Liabilities": -102,
    "Total Equity": 2284
  },
  "2022": {
    "Fixed Assets Intangible Assets": 90,
    "Fixed Assets Tangible Assets": 3530,
    "Fixed Assets Investments": 448,
    "Current Assets Inventories": 1940,
    "Debtors Amounts Falling Due After More Than One Year": 30,
    "Debtors Amounts Falling Due Within One Year": 4752,
    "Pension Asset": 1090,
    "Creditors Amounts Falling Due Within One Year": -3368,
    "Total Assets Less Current Liabilities": 7212,
    "Creditors Amounts Falling Due After More Than One Year": -204,
    "Deferred Tax": -26,
    "Other Provisions": -204,
    "Pension Liability": -329,
    "Net Assets": 6350,
    "Called Up Share Capital": 3066,
    "Other Reserves": 6,
    "Profit And Loss Account": 3278,
    "Net Current Assets": 4444,
    "Provisions For Liabilities": -288,
    "Total Equity": 6350
  },
  "2023": {
    "Fixed Assets Intangible Assets": 51,
    "Fixed Assets Tangible Assets": 1775,
    "Fixed Assets Investments": 224,
    "Current Assets Inventories": 922,
    "Debtors Amounts Falling Due After More Than One Year": 30,
    "Debtors Amounts Falling Due Within One Year": 1961,
    "Pension Asset": 626,
    "Creditors Amounts Falling Due Within One Year": -1709,
    "Total Assets Less Current Liabilities": 3498,
    "Creditors Amounts Falling Due After More Than One Year": -101,
    "Deferred Tax": -13,
    "Provisions For Liabilities": -176,
    "Pension Liability": -233,
    "Net Assets": 2988,
    "Called Up Share Capital": 1533,
    "Other Reserves": 3,
    "Profit And Loss Account": 1452,
    "Net Current Assets": 1830,
    "Total Equity": 2988
  }
}

2025-01-16 13:36:59,361 - INFO - Extracted JSON string: {
  "2019": {
    "Fixed Assets Intangible Assets": 8,
    "Fixed Assets Tangible Assets": 1624,
    "Fixed Assets Investments": 662,
    "Current Assets Inventories": 1602,
    "Debtors Amounts Falling Due After More Than One Year": 1326,
    "Debtors Amounts Falling Due Within One Year": 3641,
    "Pension Asset": 476,
    "Creditors Amounts Falling Due Within One Year": -2682,
    "Total Assets Less Current Liabilities": 4342,
    "Creditors Amounts Falling Due After More Than One Year": -200,
    "Deferred Tax": -24,
    "Other Provisions": -50,
    "Pension Liability": -502,
    "Net Assets": 3566,
    "Called Up Share Capital": 2206,
    "Other Reserves": 6,
    "Profit And Loss Account": 1354,
    "Net Current Assets": 1024,
    "Provisions For Liabilities Deferred Tax": -12,
    "Capital And Reserves Called Up Share Capital": 1103,
    "Capital And Reserves Profit And Loss Account": 677
  },
  "2020": {
    "Fixed Assets Intangible Assets": 965,
    "Fixed Assets Tangible Assets": 1289,
    "Fixed Assets Investments": 1627,
    "Current Assets Inventories": 1274,
    "Debtors Amounts Falling Due After More Than One Year": 1100,
    "Debtors Amounts Falling Due Within One Year": 2383,
    "Pension Asset": 1196,
    "Creditors Amounts Falling Due Within One Year": -2594,
    "Total Assets Less Current Liabilities": 4668,
    "Creditors Amounts Falling Due After More Than One Year": -204,
    "Deferred Tax": -128,
    "Other Provisions": -138,
    "Pension Liability": -650,
    "Net Assets": 3558,
    "Called Up Share Capital": 2206,
    "Other Reserves": 676,
    "Profit And Loss Account": 2452,
    "Net Current Assets": 2076,
    "Provisions For Liabilities Deferred Tax": -59,
    "Capital And Reserves Called Up Share Capital": 1103,
    "Capital And Reserves Profit And Loss Account": 673
  },
  "2021": {
    "Fixed Assets Intangible Assets": 1952,
    "Fixed Assets Tangible Assets": 662,
    "Fixed Assets Investments": 2626,
    "Current Assets Inventories": 1598,
    "Debtors Amounts Falling Due After More Than One Year": 40,
    "Debtors Amounts Falling Due Within One Year": 2840,
    "Pension Asset": 1350,
    "Creditors Amounts Falling Due Within One Year": -2778,
    "Total Assets Less Current Liabilities": 5676,
    "Creditors Amounts Falling Due After More Than One Year": -195,
    "Deferred Tax": -143,
    "Other Provisions": -124,
    "Pension Liability": -358,
    "Net Assets": 4568,
    "Called Up Share Capital": 2706,
    "Other Reserves": 1859,
    "Profit And Loss Account": 3212,
    "Net Current Assets": 3050,
    "Provisions For Liabilities": -102,
    "Total Equity": 2284
  },
  "2022": {
    "Fixed Assets Intangible Assets": 90,
    "Fixed Assets Tangible Assets": 3530,
    "Fixed Assets Investments": 448,
    "Current Assets Inventories": 1940,
    "Debtors Amounts Falling Due After More Than One Year": 30,
    "Debtors Amounts Falling Due Within One Year": 4752,
    "Pension Asset": 1090,
    "Creditors Amounts Falling Due Within One Year": -3368,
    "Total Assets Less Current Liabilities": 7212,
    "Creditors Amounts Falling Due After More Than One Year": -204,
    "Deferred Tax": -26,
    "Other Provisions": -204,
    "Pension Liability": -329,
    "Net Assets": 6350,
    "Called Up Share Capital": 3066,
    "Other Reserves": 6,
    "Profit And Loss Account": 3278,
    "Net Current Assets": 4444,
    "Provisions For Liabilities": -288,
    "Total Equity": 6350
  },
  "2023": {
    "Fixed Assets Intangible Assets": 51,
    "Fixed Assets Tangible Assets": 1775,
    "Fixed Assets Investments": 224,
    "Current Assets Inventories": 922,
    "Debtors Amounts Falling Due After More Than One Year": 30,
    "Debtors Amounts Falling Due Within One Year": 1961,
    "Pension Asset": 626,
    "Creditors Amounts Falling Due Within One Year": -1709,
    "Total Assets Less Current Liabilities": 3498,
    "Creditors Amounts Falling Due After More Than One Year": -101,
    "Deferred Tax": -13,
    "Provisions For Liabilities": -176,
    "Pension Liability": -233,
    "Net Assets": 2988,
    "Called Up Share Capital": 1533,
    "Other Reserves": 3,
    "Profit And Loss Account": 1452,
    "Net Current Assets": 1830,
    "Total Equity": 2988
  }
}
2025-01-16 13:36:59,361 - INFO - [SUCCESS] Processed chunk 2019-2023 for balance_sheet
2025-01-16 13:39:04,530 - INFO - Starting FinState Analyzer
2025-01-16 13:39:04,541 - INFO - Processing file: company_00026538_accounts_2010.pdf with mime type: application/pdf
2025-01-16 13:39:04,541 - INFO - 
==================================================
2025-01-16 13:39:04,542 - INFO - Processing: company_00026538_accounts_2010.pdf
2025-01-16 13:39:04,542 - INFO - ==================================================
2025-01-16 13:39:07,729 - INFO - [SUCCESS] File uploaded successfully
2025-01-16 13:39:20,955 - INFO - [SUCCESS] Successfully parsed JSON response
2025-01-16 13:39:20,955 - INFO - [SUCCESS] Added to consolidation queue (Total: 1)
2025-01-16 13:39:21,547 - INFO - [SUCCESS] Cleaned up uploaded file
2025-01-16 13:39:21,548 - INFO - Processing file: company_00026538_accounts_2011.pdf with mime type: application/pdf
2025-01-16 13:39:21,548 - INFO - 
==================================================
2025-01-16 13:39:21,548 - INFO - Processing: company_00026538_accounts_2011.pdf
2025-01-16 13:39:21,548 - INFO - ==================================================
2025-01-16 13:39:22,933 - INFO - [SUCCESS] File uploaded successfully
2025-01-16 13:39:35,556 - INFO - [SUCCESS] Successfully parsed JSON response
2025-01-16 13:39:35,557 - INFO - [SUCCESS] Added to consolidation queue (Total: 2)
2025-01-16 13:39:36,006 - INFO - [SUCCESS] Cleaned up uploaded file
2025-01-16 13:39:36,006 - INFO - Processing file: company_00026538_accounts_2012.pdf with mime type: application/pdf
2025-01-16 13:39:36,008 - INFO - 
==================================================
2025-01-16 13:39:36,008 - INFO - Processing: company_00026538_accounts_2012.pdf
2025-01-16 13:39:36,008 - INFO - ==================================================
2025-01-16 13:39:37,487 - INFO - [SUCCESS] File uploaded successfully
2025-01-16 13:39:50,748 - INFO - [SUCCESS] Successfully parsed JSON response
2025-01-16 13:39:50,749 - INFO - [SUCCESS] Added to consolidation queue (Total: 3)
2025-01-16 13:39:51,479 - INFO - [SUCCESS] Cleaned up uploaded file
2025-01-16 13:39:51,481 - INFO - Processing file: company_00026538_accounts_2013.pdf with mime type: application/pdf
2025-01-16 13:39:51,481 - INFO - 
==================================================
2025-01-16 13:39:51,481 - INFO - Processing: company_00026538_accounts_2013.pdf
2025-01-16 13:39:51,482 - INFO - ==================================================
2025-01-16 13:39:53,126 - INFO - [SUCCESS] File uploaded successfully
2025-01-16 13:40:05,652 - INFO - [SUCCESS] Successfully parsed JSON response
2025-01-16 13:40:05,653 - INFO - [SUCCESS] Added to consolidation queue (Total: 4)
2025-01-16 13:40:06,262 - INFO - [SUCCESS] Cleaned up uploaded file
2025-01-16 13:40:06,263 - INFO - Processing file: company_00026538_accounts_2014.pdf with mime type: application/pdf
2025-01-16 13:40:06,264 - INFO - 
==================================================
2025-01-16 13:40:06,264 - INFO - Processing: company_00026538_accounts_2014.pdf
2025-01-16 13:40:06,265 - INFO - ==================================================
2025-01-16 13:40:07,814 - INFO - [SUCCESS] File uploaded successfully
2025-01-16 13:40:21,747 - INFO - [SUCCESS] Successfully parsed JSON response
2025-01-16 13:40:21,747 - INFO - [SUCCESS] Added to consolidation queue (Total: 5)
2025-01-16 13:40:22,333 - INFO - [SUCCESS] Cleaned up uploaded file
2025-01-16 13:40:22,335 - INFO - Processing file: company_00026538_accounts_2015.pdf with mime type: application/pdf
2025-01-16 13:40:22,336 - INFO - 
==================================================
2025-01-16 13:40:22,336 - INFO - Processing: company_00026538_accounts_2015.pdf
2025-01-16 13:40:22,336 - INFO - ==================================================
2025-01-16 13:40:23,897 - INFO - [SUCCESS] File uploaded successfully
2025-01-16 13:40:39,112 - INFO - [SUCCESS] Successfully parsed JSON response
2025-01-16 13:40:39,112 - INFO - [SUCCESS] Added to consolidation queue (Total: 6)
2025-01-16 13:40:39,500 - INFO - [SUCCESS] Cleaned up uploaded file
2025-01-16 13:40:39,501 - INFO - Processing file: company_00026538_accounts_2016.pdf with mime type: application/pdf
2025-01-16 13:40:39,502 - INFO - 
==================================================
2025-01-16 13:40:39,502 - INFO - Processing: company_00026538_accounts_2016.pdf
2025-01-16 13:40:39,502 - INFO - ==================================================
2025-01-16 13:40:41,279 - INFO - [SUCCESS] File uploaded successfully
2025-01-16 13:41:03,251 - INFO - [SUCCESS] Successfully parsed JSON response
2025-01-16 13:41:03,252 - INFO - [SUCCESS] Added to consolidation queue (Total: 7)
2025-01-16 13:41:03,908 - INFO - [SUCCESS] Cleaned up uploaded file
2025-01-16 13:41:03,909 - INFO - Processing file: company_00026538_accounts_2017.pdf with mime type: application/pdf
2025-01-16 13:41:03,909 - INFO - 
==================================================
2025-01-16 13:41:03,909 - INFO - Processing: company_00026538_accounts_2017.pdf
2025-01-16 13:41:03,909 - INFO - ==================================================
2025-01-16 13:41:05,701 - INFO - [SUCCESS] File uploaded successfully
2025-01-16 13:41:19,567 - INFO - [SUCCESS] Successfully parsed JSON response
2025-01-16 13:41:19,568 - INFO - [SUCCESS] Added to consolidation queue (Total: 8)
2025-01-16 13:41:20,103 - INFO - [SUCCESS] Cleaned up uploaded file
2025-01-16 13:41:20,105 - INFO - Processing file: company_00026538_accounts_2018.pdf with mime type: application/pdf
2025-01-16 13:41:20,105 - INFO - 
==================================================
2025-01-16 13:41:20,105 - INFO - Processing: company_00026538_accounts_2018.pdf
2025-01-16 13:41:20,105 - INFO - ==================================================
2025-01-16 13:41:21,668 - INFO - [SUCCESS] File uploaded successfully
2025-01-16 13:41:34,572 - INFO - [SUCCESS] Successfully parsed JSON response
2025-01-16 13:41:34,572 - INFO - [SUCCESS] Added to consolidation queue (Total: 9)
2025-01-16 13:41:35,193 - INFO - [SUCCESS] Cleaned up uploaded file
2025-01-16 13:41:35,196 - INFO - Processing file: company_00026538_accounts_2019.pdf with mime type: application/pdf
2025-01-16 13:41:35,196 - INFO - 
==================================================
2025-01-16 13:41:35,196 - INFO - Processing: company_00026538_accounts_2019.pdf
2025-01-16 13:41:35,197 - INFO - ==================================================
2025-01-16 13:41:37,478 - INFO - [SUCCESS] File uploaded successfully
2025-01-16 13:41:57,965 - INFO - [SUCCESS] Successfully parsed JSON response
2025-01-16 13:41:57,966 - INFO - [SUCCESS] Added to consolidation queue (Total: 10)
2025-01-16 13:41:58,582 - INFO - [SUCCESS] Cleaned up uploaded file
2025-01-16 13:41:58,583 - INFO - Processing file: company_00026538_accounts_2020.pdf with mime type: application/pdf
2025-01-16 13:41:58,584 - INFO - 
==================================================
2025-01-16 13:41:58,584 - INFO - Processing: company_00026538_accounts_2020.pdf
2025-01-16 13:41:58,585 - INFO - ==================================================
2025-01-16 13:42:01,137 - INFO - [SUCCESS] File uploaded successfully
2025-01-16 13:42:22,089 - INFO - [SUCCESS] Successfully parsed JSON response
2025-01-16 13:42:22,090 - INFO - [SUCCESS] Added to consolidation queue (Total: 11)
2025-01-16 13:42:22,736 - INFO - [SUCCESS] Cleaned up uploaded file
2025-01-16 13:42:22,739 - INFO - Processing file: company_00026538_accounts_2021.pdf with mime type: application/pdf
2025-01-16 13:42:22,739 - INFO - 
==================================================
2025-01-16 13:42:22,740 - INFO - Processing: company_00026538_accounts_2021.pdf
2025-01-16 13:42:22,740 - INFO - ==================================================
2025-01-16 13:42:24,758 - INFO - [SUCCESS] File uploaded successfully
2025-01-16 13:42:43,246 - INFO - [SUCCESS] Successfully parsed JSON response
2025-01-16 13:42:43,246 - INFO - [SUCCESS] Added to consolidation queue (Total: 12)
2025-01-16 13:42:43,730 - INFO - [SUCCESS] Cleaned up uploaded file
2025-01-16 13:42:43,731 - INFO - Processing file: company_00026538_accounts_2022.pdf with mime type: application/pdf
2025-01-16 13:42:43,732 - INFO - 
==================================================
2025-01-16 13:42:43,732 - INFO - Processing: company_00026538_accounts_2022.pdf
2025-01-16 13:42:43,732 - INFO - ==================================================
2025-01-16 13:42:45,824 - INFO - [SUCCESS] File uploaded successfully
2025-01-16 13:43:10,795 - INFO - [SUCCESS] Successfully parsed JSON response
2025-01-16 13:43:10,795 - INFO - [SUCCESS] Added to consolidation queue (Total: 13)
2025-01-16 13:43:11,301 - INFO - [SUCCESS] Cleaned up uploaded file
2025-01-16 13:43:11,302 - INFO - Processing file: company_00026538_accounts_2023.pdf with mime type: application/pdf
2025-01-16 13:43:11,302 - INFO - 
==================================================
2025-01-16 13:43:11,303 - INFO - Processing: company_00026538_accounts_2023.pdf
2025-01-16 13:43:11,303 - INFO - ==================================================
2025-01-16 13:43:13,733 - INFO - [SUCCESS] File uploaded successfully
2025-01-16 13:43:36,339 - INFO - [SUCCESS] Successfully parsed JSON response
2025-01-16 13:43:36,340 - INFO - [SUCCESS] Added to consolidation queue (Total: 14)
2025-01-16 13:43:37,104 - INFO - [SUCCESS] Cleaned up uploaded file
2025-01-16 13:43:45,491 - INFO - [SUCCESS] Created standardized mapping for 71 profit_and_loss line items
2025-01-16 13:43:54,875 - INFO - Raw response for profit_and_loss chunk ['2009', '2010', '2011', '2012', '2013']:
2025-01-16 13:43:54,878 - INFO - Response before cleaning: ```json
{
  "2009": {
    "Turnover": 6803.0,
    "Cost Of Sales": -6198.0,
    "Gross Profit": 605.0,
    "Distribution Costs": -284.0,
    "Administrative Expenses": -17.0,
    "Operating Profit": 304.0,
    "Net Profit On Sale Of Tangible Fixed Assets": 2.0,
    "Profit Before Interest": 306.0,
    "Income From Other Fixed Asset Investments": 3.0,
    "Interest Receivable And Similar Income": 6.0,
    "Interest Payable And Similar Charges": -11.0,
    "Other Finance Charges": -1.0,
    "Profit Before Tax": 303.0,
    "Tax On Profit": -85.0,
    "Profit": 218.0
  },
  "2010": {
    "Turnover": 17394.0,
    "Cost Of Sales": -16220.0,
    "Gross Profit": 1174.0,
    "Distribution Costs": -598.0,
    "Administrative Expenses": -44.0,
    "Operating Profit": 532.0,
    "Net Profit On Sale Of Tangible Fixed Assets": 6.0,
    "Profit Before Interest": 538.0,
    "Income From Fixed Asset Investments": 10.0,
    "Income From Other Fixed Asset Investments": 10.0,
    "Interest Receivable And Similar Income": 10.0,
    "Interest Payable And Similar Charges": -14.0,
    "Other Finance Income Charges": -6.0,
    "Other Finance Charges": -6.0,
    "Profit Before Tax": 542.0,
    "Tax On Profit": -150.0,
    "Profit": 392.0
  },
  "2011": {
    "Turnover": 22620.0,
    "Cost Of Sales": -21954.0,
    "Gross Profit": 666.0,
    "Distribution Costs": -526.0,
    "Administrative Expenses": -18.0,
    "Operating Profit": 122.0,
    "Net Profit On Sale Of Tangible Fixed Assets": 8.0,
    "Profit Before Interest": 138.0,
    "Income From Fixed Asset Investments": 2.0,
    "Income From Other Fixed Asset Investments": 2.0,
    "Interest Receivable And Similar Income": 8.0,
    "Interest Payable And Similar Charges": -6.0,
    "Other Finance Income Charges": 5.0,
    "Other Finance Charge Income": 5.0,
    "Profit Before Tax": 154.0,
    "Tax On Profit": -110.0,
    "Profit": 44.0
  },
  "2012": {
    "Turnover": 22527.0,
    "Cost Of Sales": -21647.0,
    "Gross Profit": 880.0,
    "Distribution Costs": -452.0,
    "Administrative Expenses": -34.0,
    "Operating Profit": 394.0,
    "Net Profit On Sale Of Tangible Fixed Assets": 8.0,
    "Profit On Disposal Of Subsidiary": 110.0,
    "Profit Before Interest": 504.0,
    "Income From Other Fixed Asset Investments": 6.0,
    "Interest Receivable And Similar Income": 6.0,
    "Interest Payable And Similar Charges": -6.0,
    "Other Finance Charge Income": -32.0,
    "Profit Before Tax": 478.0,
    "Tax On Profit": -112.0,
    "Profit": 366.0
  },
  "2013": {
    "Turnover": 20212.0,
    "Cost Of Sales": -19780.0,
    "Gross Profit": 432.0,
    "Distribution Costs": -442.0,
    "Administrative Expenses": -66.0,
    "Operating Profit": -76.0,
    "Operating Loss": -38.0,
    "Net Profit On Sale Of Tangible Fixed Assets": 28.0,
    "Profit Before Interest": -48.0,
    "Loss Before Interest": -24.0,
    "Income From Other Fixed Asset Investments": 36.0,
    "Interest Receivable And Similar Income": 6.0,
    "Interest Payable And Similar Charges": -4.0,
    "Other Finance Income": 8.0,
    "Other Finance Charge Income": 8.0,
    "Profit Before Tax": 6.0,
    "Loss Before Tax": 3.0,
    "Tax On Profit": 8.0,
    "Tax On Loss": 4.0,
    "Profit": 14.0,
    "Loss": 7.0
  }
}
```

2025-01-16 13:43:54,880 - INFO - Response after cleaning: 
{
  "2009": {
    "Turnover": 6803.0,
    "Cost Of Sales": -6198.0,
    "Gross Profit": 605.0,
    "Distribution Costs": -284.0,
    "Administrative Expenses": -17.0,
    "Operating Profit": 304.0,
    "Net Profit On Sale Of Tangible Fixed Assets": 2.0,
    "Profit Before Interest": 306.0,
    "Income From Other Fixed Asset Investments": 3.0,
    "Interest Receivable And Similar Income": 6.0,
    "Interest Payable And Similar Charges": -11.0,
    "Other Finance Charges": -1.0,
    "Profit Before Tax": 303.0,
    "Tax On Profit": -85.0,
    "Profit": 218.0
  },
  "2010": {
    "Turnover": 17394.0,
    "Cost Of Sales": -16220.0,
    "Gross Profit": 1174.0,
    "Distribution Costs": -598.0,
    "Administrative Expenses": -44.0,
    "Operating Profit": 532.0,
    "Net Profit On Sale Of Tangible Fixed Assets": 6.0,
    "Profit Before Interest": 538.0,
    "Income From Fixed Asset Investments": 10.0,
    "Income From Other Fixed Asset Investments": 10.0,
    "Interest Receivable And Similar Income": 10.0,
    "Interest Payable And Similar Charges": -14.0,
    "Other Finance Income Charges": -6.0,
    "Other Finance Charges": -6.0,
    "Profit Before Tax": 542.0,
    "Tax On Profit": -150.0,
    "Profit": 392.0
  },
  "2011": {
    "Turnover": 22620.0,
    "Cost Of Sales": -21954.0,
    "Gross Profit": 666.0,
    "Distribution Costs": -526.0,
    "Administrative Expenses": -18.0,
    "Operating Profit": 122.0,
    "Net Profit On Sale Of Tangible Fixed Assets": 8.0,
    "Profit Before Interest": 138.0,
    "Income From Fixed Asset Investments": 2.0,
    "Income From Other Fixed Asset Investments": 2.0,
    "Interest Receivable And Similar Income": 8.0,
    "Interest Payable And Similar Charges": -6.0,
    "Other Finance Income Charges": 5.0,
    "Other Finance Charge Income": 5.0,
    "Profit Before Tax": 154.0,
    "Tax On Profit": -110.0,
    "Profit": 44.0
  },
  "2012": {
    "Turnover": 22527.0,
    "Cost Of Sales": -21647.0,
    "Gross Profit": 880.0,
    "Distribution Costs": -452.0,
    "Administrative Expenses": -34.0,
    "Operating Profit": 394.0,
    "Net Profit On Sale Of Tangible Fixed Assets": 8.0,
    "Profit On Disposal Of Subsidiary": 110.0,
    "Profit Before Interest": 504.0,
    "Income From Other Fixed Asset Investments": 6.0,
    "Interest Receivable And Similar Income": 6.0,
    "Interest Payable And Similar Charges": -6.0,
    "Other Finance Charge Income": -32.0,
    "Profit Before Tax": 478.0,
    "Tax On Profit": -112.0,
    "Profit": 366.0
  },
  "2013": {
    "Turnover": 20212.0,
    "Cost Of Sales": -19780.0,
    "Gross Profit": 432.0,
    "Distribution Costs": -442.0,
    "Administrative Expenses": -66.0,
    "Operating Profit": -76.0,
    "Operating Loss": -38.0,
    "Net Profit On Sale Of Tangible Fixed Assets": 28.0,
    "Profit Before Interest": -48.0,
    "Loss Before Interest": -24.0,
    "Income From Other Fixed Asset Investments": 36.0,
    "Interest Receivable And Similar Income": 6.0,
    "Interest Payable And Similar Charges": -4.0,
    "Other Finance Income": 8.0,
    "Other Finance Charge Income": 8.0,
    "Profit Before Tax": 6.0,
    "Loss Before Tax": 3.0,
    "Tax On Profit": 8.0,
    "Tax On Loss": 4.0,
    "Profit": 14.0,
    "Loss": 7.0
  }
}

2025-01-16 13:43:54,881 - INFO - Extracted JSON string: {
  "2009": {
    "Turnover": 6803.0,
    "Cost Of Sales": -6198.0,
    "Gross Profit": 605.0,
    "Distribution Costs": -284.0,
    "Administrative Expenses": -17.0,
    "Operating Profit": 304.0,
    "Net Profit On Sale Of Tangible Fixed Assets": 2.0,
    "Profit Before Interest": 306.0,
    "Income From Other Fixed Asset Investments": 3.0,
    "Interest Receivable And Similar Income": 6.0,
    "Interest Payable And Similar Charges": -11.0,
    "Other Finance Charges": -1.0,
    "Profit Before Tax": 303.0,
    "Tax On Profit": -85.0,
    "Profit": 218.0
  },
  "2010": {
    "Turnover": 17394.0,
    "Cost Of Sales": -16220.0,
    "Gross Profit": 1174.0,
    "Distribution Costs": -598.0,
    "Administrative Expenses": -44.0,
    "Operating Profit": 532.0,
    "Net Profit On Sale Of Tangible Fixed Assets": 6.0,
    "Profit Before Interest": 538.0,
    "Income From Fixed Asset Investments": 10.0,
    "Income From Other Fixed Asset Investments": 10.0,
    "Interest Receivable And Similar Income": 10.0,
    "Interest Payable And Similar Charges": -14.0,
    "Other Finance Income Charges": -6.0,
    "Other Finance Charges": -6.0,
    "Profit Before Tax": 542.0,
    "Tax On Profit": -150.0,
    "Profit": 392.0
  },
  "2011": {
    "Turnover": 22620.0,
    "Cost Of Sales": -21954.0,
    "Gross Profit": 666.0,
    "Distribution Costs": -526.0,
    "Administrative Expenses": -18.0,
    "Operating Profit": 122.0,
    "Net Profit On Sale Of Tangible Fixed Assets": 8.0,
    "Profit Before Interest": 138.0,
    "Income From Fixed Asset Investments": 2.0,
    "Income From Other Fixed Asset Investments": 2.0,
    "Interest Receivable And Similar Income": 8.0,
    "Interest Payable And Similar Charges": -6.0,
    "Other Finance Income Charges": 5.0,
    "Other Finance Charge Income": 5.0,
    "Profit Before Tax": 154.0,
    "Tax On Profit": -110.0,
    "Profit": 44.0
  },
  "2012": {
    "Turnover": 22527.0,
    "Cost Of Sales": -21647.0,
    "Gross Profit": 880.0,
    "Distribution Costs": -452.0,
    "Administrative Expenses": -34.0,
    "Operating Profit": 394.0,
    "Net Profit On Sale Of Tangible Fixed Assets": 8.0,
    "Profit On Disposal Of Subsidiary": 110.0,
    "Profit Before Interest": 504.0,
    "Income From Other Fixed Asset Investments": 6.0,
    "Interest Receivable And Similar Income": 6.0,
    "Interest Payable And Similar Charges": -6.0,
    "Other Finance Charge Income": -32.0,
    "Profit Before Tax": 478.0,
    "Tax On Profit": -112.0,
    "Profit": 366.0
  },
  "2013": {
    "Turnover": 20212.0,
    "Cost Of Sales": -19780.0,
    "Gross Profit": 432.0,
    "Distribution Costs": -442.0,
    "Administrative Expenses": -66.0,
    "Operating Profit": -76.0,
    "Operating Loss": -38.0,
    "Net Profit On Sale Of Tangible Fixed Assets": 28.0,
    "Profit Before Interest": -48.0,
    "Loss Before Interest": -24.0,
    "Income From Other Fixed Asset Investments": 36.0,
    "Interest Receivable And Similar Income": 6.0,
    "Interest Payable And Similar Charges": -4.0,
    "Other Finance Income": 8.0,
    "Other Finance Charge Income": 8.0,
    "Profit Before Tax": 6.0,
    "Loss Before Tax": 3.0,
    "Tax On Profit": 8.0,
    "Tax On Loss": 4.0,
    "Profit": 14.0,
    "Loss": 7.0
  }
}
2025-01-16 13:43:54,882 - INFO - [SUCCESS] Processed chunk 2009-2013 for profit_and_loss
2025-01-16 13:44:06,396 - INFO - Raw response for profit_and_loss chunk ['2014', '2015', '2016', '2017', '2018']:
2025-01-16 13:44:06,396 - INFO - Response before cleaning: ```json
{
  "2014": {
    "Turnover": 17563.0,
    "Cost Of Sales": -17583.0,
    "Gross Profit": -20.0,
    "Distribution Costs": -390.0,
    "Administrative Expenses": -69.0,
    "Operating Profit": -458.0,
    "Net Profit On Sale Of Tangible Fixed Assets": 5.0,
    "Loss Before Interest": -235.0,
    "Income From Other Fixed Asset Investments": 3.0,
    "Income From Fixed Asset Investments": 3.0,
    "Interest Receivable And Similar Income": 18.0,
    "Interest Payable And Similar Charges": -1.0,
    "Interest Payable And Expenses": -2.0,
    "Other Finance Income": 18.0,
    "Other Finance Costs": -11.0,
    "Loss Before Tax": -443.0,
    "Tax On Loss": 90.0,
    "Loss": -353.0,
    "Actuarial Gains On Defined Benefit Pension Scheme": 138.0,
    "Movement Of Deferred Tax Relating To Pension Deficit": -28.0,
    "Other Comprehensive Income": 110.0,
    "Total Comprehensive Income": -71.0,
    "Other Operating Income": 13.0,
    "Other Non Operating Income": 8.0
  },
  "2015": {
    "Turnover": 11074.0,
    "Cost Of Sales": -10430.0,
    "Gross Profit": 644.0,
    "Distribution Costs": -344.0,
    "Administrative Expenses": -28.0,
    "Other Operating Income": 444.0,
    "Other Non Operating Income": 28.0,
    "Operating Profit": 738.0,
    "Income From Fixed Asset Investments": 4.0,
    "Interest Receivable And Similar Income": 4.0,
    "Interest Payable And Similar Expenses": -2.0,
    "Other Finance Costs": -10.0,
    "Profit Before Tax": 734.0,
    "Tax On Profit": -38.0,
    "Profit": 696.0,
    "Actuarial Gains On Defined Benefit Pension Scheme": 2.0,
    "Movement Of Deferred Tax Relating To Pension Deficit": 0.0,
    "Movement Of Deferred Tax Relating To Pension Liability": 0.0,
    "Other Comprehensive Income": 2.0,
    "Total Comprehensive Income": 698.0
  },
  "2016": {
    "Turnover": 9764.0,
    "Cost Of Sales": -9074.0,
    "Gross Profit": 690.0,
    "Distribution Costs": -230.0,
    "Administrative Expenses": -60.0,
    "Other Operating Income": 42.0,
    "Other Non Operating Income": 0.0,
    "Operating Profit": 442.0,
    "Income From Fixed Asset Investments": 4.0,
    "Income From Disposal Of Fixed Asset Investments": 2.0,
    "Interest Receivable And Similar Income": 4.0,
    "Interest Payable And Similar Expenses": -2.0,
    "Other Finance Costs": -10.0,
    "Profit Before Tax": 442.0,
    "Tax On Profit": -84.0,
    "Profit": 358.0,
    "Actuarial Gains On Defined Benefit Pension Scheme": 22.0,
    "Movement Of Deferred Tax Relating To Pension Liability": -2.0,
    "Movement Of Deferred Tax Relating To Pension Surplus": -2.0,
    "Other Comprehensive Income": 20.0,
    "Total Comprehensive Income": 378.0
  },
  "2017": {
    "Turnover": 12766.0,
    "Cost Of Sales": -11916.0,
    "Gross Profit": 850.0,
    "Distribution Costs": -288.0,
    "Administrative Expenses": -82.0,
    "Other Operating Income": 66.0,
    "Operating Profit": 546.0,
    "Income From Fixed Asset Investments": 48.0,
    "Income From Disposal Of Fixed Asset Investments": 4.0,
    "Interest Receivable And Similar Income": 2.0,
    "Interest Payable And Similar Expenses": -2.0,
    "Other Finance Costs": -10.0,
    "Other Finance Income Expenses": -5.0,
    "Profit Before Tax": 584.0,
    "Tax On Profit": -66.0,
    "Profit": 518.0,
    "Actuarial Gains On Defined Benefit Pension Scheme": 908.0,
    "Movement Of Deferred Tax Relating To Pension Surplus": -172.0,
    "Other Comprehensive Income": 736.0,
    "Total Comprehensive Income Expense": 1254.0
  },
  "2018": {
    "Turnover": 15662.0,
    "Cost Of Sales": -15506.0,
    "Gross Profit": 156.0,
    "Distribution Costs": -282.0,
    "Administrative Expenses": -118.0,
    "Other Operating Income": 4.0,
    "Operating Profit": -240.0,
    "Income From Fixed Asset Investments": 4.0,
    "Interest Receivable And Similar Income": 2.0,
    "Interest Payable And Similar Expenses": -2.0,
    "Other Finance Income Expenses": 5.0,
    "Other Finance Income": 5.0,
    "Profit Before Tax": -226.0,
    "Tax On Profit": 74.0,
    "Profit": -152.0,
    "Actuarial Gains Losses On Defined Benefit Pension Scheme": 18.0,
    "Movement Of Deferred Tax Relating To Pension Surplus Deficit": -2.0,
    "Other Comprehensive Income Expense": 16.0,
    "Total Comprehensive Income Expense": -136.0
  }
}
```
2025-01-16 13:44:06,397 - INFO - Response after cleaning: 
{
  "2014": {
    "Turnover": 17563.0,
    "Cost Of Sales": -17583.0,
    "Gross Profit": -20.0,
    "Distribution Costs": -390.0,
    "Administrative Expenses": -69.0,
    "Operating Profit": -458.0,
    "Net Profit On Sale Of Tangible Fixed Assets": 5.0,
    "Loss Before Interest": -235.0,
    "Income From Other Fixed Asset Investments": 3.0,
    "Income From Fixed Asset Investments": 3.0,
    "Interest Receivable And Similar Income": 18.0,
    "Interest Payable And Similar Charges": -1.0,
    "Interest Payable And Expenses": -2.0,
    "Other Finance Income": 18.0,
    "Other Finance Costs": -11.0,
    "Loss Before Tax": -443.0,
    "Tax On Loss": 90.0,
    "Loss": -353.0,
    "Actuarial Gains On Defined Benefit Pension Scheme": 138.0,
    "Movement Of Deferred Tax Relating To Pension Deficit": -28.0,
    "Other Comprehensive Income": 110.0,
    "Total Comprehensive Income": -71.0,
    "Other Operating Income": 13.0,
    "Other Non Operating Income": 8.0
  },
  "2015": {
    "Turnover": 11074.0,
    "Cost Of Sales": -10430.0,
    "Gross Profit": 644.0,
    "Distribution Costs": -344.0,
    "Administrative Expenses": -28.0,
    "Other Operating Income": 444.0,
    "Other Non Operating Income": 28.0,
    "Operating Profit": 738.0,
    "Income From Fixed Asset Investments": 4.0,
    "Interest Receivable And Similar Income": 4.0,
    "Interest Payable And Similar Expenses": -2.0,
    "Other Finance Costs": -10.0,
    "Profit Before Tax": 734.0,
    "Tax On Profit": -38.0,
    "Profit": 696.0,
    "Actuarial Gains On Defined Benefit Pension Scheme": 2.0,
    "Movement Of Deferred Tax Relating To Pension Deficit": 0.0,
    "Movement Of Deferred Tax Relating To Pension Liability": 0.0,
    "Other Comprehensive Income": 2.0,
    "Total Comprehensive Income": 698.0
  },
  "2016": {
    "Turnover": 9764.0,
    "Cost Of Sales": -9074.0,
    "Gross Profit": 690.0,
    "Distribution Costs": -230.0,
    "Administrative Expenses": -60.0,
    "Other Operating Income": 42.0,
    "Other Non Operating Income": 0.0,
    "Operating Profit": 442.0,
    "Income From Fixed Asset Investments": 4.0,
    "Income From Disposal Of Fixed Asset Investments": 2.0,
    "Interest Receivable And Similar Income": 4.0,
    "Interest Payable And Similar Expenses": -2.0,
    "Other Finance Costs": -10.0,
    "Profit Before Tax": 442.0,
    "Tax On Profit": -84.0,
    "Profit": 358.0,
    "Actuarial Gains On Defined Benefit Pension Scheme": 22.0,
    "Movement Of Deferred Tax Relating To Pension Liability": -2.0,
    "Movement Of Deferred Tax Relating To Pension Surplus": -2.0,
    "Other Comprehensive Income": 20.0,
    "Total Comprehensive Income": 378.0
  },
  "2017": {
    "Turnover": 12766.0,
    "Cost Of Sales": -11916.0,
    "Gross Profit": 850.0,
    "Distribution Costs": -288.0,
    "Administrative Expenses": -82.0,
    "Other Operating Income": 66.0,
    "Operating Profit": 546.0,
    "Income From Fixed Asset Investments": 48.0,
    "Income From Disposal Of Fixed Asset Investments": 4.0,
    "Interest Receivable And Similar Income": 2.0,
    "Interest Payable And Similar Expenses": -2.0,
    "Other Finance Costs": -10.0,
    "Other Finance Income Expenses": -5.0,
    "Profit Before Tax": 584.0,
    "Tax On Profit": -66.0,
    "Profit": 518.0,
    "Actuarial Gains On Defined Benefit Pension Scheme": 908.0,
    "Movement Of Deferred Tax Relating To Pension Surplus": -172.0,
    "Other Comprehensive Income": 736.0,
    "Total Comprehensive Income Expense": 1254.0
  },
  "2018": {
    "Turnover": 15662.0,
    "Cost Of Sales": -15506.0,
    "Gross Profit": 156.0,
    "Distribution Costs": -282.0,
    "Administrative Expenses": -118.0,
    "Other Operating Income": 4.0,
    "Operating Profit": -240.0,
    "Income From Fixed Asset Investments": 4.0,
    "Interest Receivable And Similar Income": 2.0,
    "Interest Payable And Similar Expenses": -2.0,
    "Other Finance Income Expenses": 5.0,
    "Other Finance Income": 5.0,
    "Profit Before Tax": -226.0,
    "Tax On Profit": 74.0,
    "Profit": -152.0,
    "Actuarial Gains Losses On Defined Benefit Pension Scheme": 18.0,
    "Movement Of Deferred Tax Relating To Pension Surplus Deficit": -2.0,
    "Other Comprehensive Income Expense": 16.0,
    "Total Comprehensive Income Expense": -136.0
  }
}

2025-01-16 13:44:06,398 - INFO - Extracted JSON string: {
  "2014": {
    "Turnover": 17563.0,
    "Cost Of Sales": -17583.0,
    "Gross Profit": -20.0,
    "Distribution Costs": -390.0,
    "Administrative Expenses": -69.0,
    "Operating Profit": -458.0,
    "Net Profit On Sale Of Tangible Fixed Assets": 5.0,
    "Loss Before Interest": -235.0,
    "Income From Other Fixed Asset Investments": 3.0,
    "Income From Fixed Asset Investments": 3.0,
    "Interest Receivable And Similar Income": 18.0,
    "Interest Payable And Similar Charges": -1.0,
    "Interest Payable And Expenses": -2.0,
    "Other Finance Income": 18.0,
    "Other Finance Costs": -11.0,
    "Loss Before Tax": -443.0,
    "Tax On Loss": 90.0,
    "Loss": -353.0,
    "Actuarial Gains On Defined Benefit Pension Scheme": 138.0,
    "Movement Of Deferred Tax Relating To Pension Deficit": -28.0,
    "Other Comprehensive Income": 110.0,
    "Total Comprehensive Income": -71.0,
    "Other Operating Income": 13.0,
    "Other Non Operating Income": 8.0
  },
  "2015": {
    "Turnover": 11074.0,
    "Cost Of Sales": -10430.0,
    "Gross Profit": 644.0,
    "Distribution Costs": -344.0,
    "Administrative Expenses": -28.0,
    "Other Operating Income": 444.0,
    "Other Non Operating Income": 28.0,
    "Operating Profit": 738.0,
    "Income From Fixed Asset Investments": 4.0,
    "Interest Receivable And Similar Income": 4.0,
    "Interest Payable And Similar Expenses": -2.0,
    "Other Finance Costs": -10.0,
    "Profit Before Tax": 734.0,
    "Tax On Profit": -38.0,
    "Profit": 696.0,
    "Actuarial Gains On Defined Benefit Pension Scheme": 2.0,
    "Movement Of Deferred Tax Relating To Pension Deficit": 0.0,
    "Movement Of Deferred Tax Relating To Pension Liability": 0.0,
    "Other Comprehensive Income": 2.0,
    "Total Comprehensive Income": 698.0
  },
  "2016": {
    "Turnover": 9764.0,
    "Cost Of Sales": -9074.0,
    "Gross Profit": 690.0,
    "Distribution Costs": -230.0,
    "Administrative Expenses": -60.0,
    "Other Operating Income": 42.0,
    "Other Non Operating Income": 0.0,
    "Operating Profit": 442.0,
    "Income From Fixed Asset Investments": 4.0,
    "Income From Disposal Of Fixed Asset Investments": 2.0,
    "Interest Receivable And Similar Income": 4.0,
    "Interest Payable And Similar Expenses": -2.0,
    "Other Finance Costs": -10.0,
    "Profit Before Tax": 442.0,
    "Tax On Profit": -84.0,
    "Profit": 358.0,
    "Actuarial Gains On Defined Benefit Pension Scheme": 22.0,
    "Movement Of Deferred Tax Relating To Pension Liability": -2.0,
    "Movement Of Deferred Tax Relating To Pension Surplus": -2.0,
    "Other Comprehensive Income": 20.0,
    "Total Comprehensive Income": 378.0
  },
  "2017": {
    "Turnover": 12766.0,
    "Cost Of Sales": -11916.0,
    "Gross Profit": 850.0,
    "Distribution Costs": -288.0,
    "Administrative Expenses": -82.0,
    "Other Operating Income": 66.0,
    "Operating Profit": 546.0,
    "Income From Fixed Asset Investments": 48.0,
    "Income From Disposal Of Fixed Asset Investments": 4.0,
    "Interest Receivable And Similar Income": 2.0,
    "Interest Payable And Similar Expenses": -2.0,
    "Other Finance Costs": -10.0,
    "Other Finance Income Expenses": -5.0,
    "Profit Before Tax": 584.0,
    "Tax On Profit": -66.0,
    "Profit": 518.0,
    "Actuarial Gains On Defined Benefit Pension Scheme": 908.0,
    "Movement Of Deferred Tax Relating To Pension Surplus": -172.0,
    "Other Comprehensive Income": 736.0,
    "Total Comprehensive Income Expense": 1254.0
  },
  "2018": {
    "Turnover": 15662.0,
    "Cost Of Sales": -15506.0,
    "Gross Profit": 156.0,
    "Distribution Costs": -282.0,
    "Administrative Expenses": -118.0,
    "Other Operating Income": 4.0,
    "Operating Profit": -240.0,
    "Income From Fixed Asset Investments": 4.0,
    "Interest Receivable And Similar Income": 2.0,
    "Interest Payable And Similar Expenses": -2.0,
    "Other Finance Income Expenses": 5.0,
    "Other Finance Income": 5.0,
    "Profit Before Tax": -226.0,
    "Tax On Profit": 74.0,
    "Profit": -152.0,
    "Actuarial Gains Losses On Defined Benefit Pension Scheme": 18.0,
    "Movement Of Deferred Tax Relating To Pension Surplus Deficit": -2.0,
    "Other Comprehensive Income Expense": 16.0,
    "Total Comprehensive Income Expense": -136.0
  }
}
2025-01-16 13:44:06,399 - INFO - [SUCCESS] Processed chunk 2014-2018 for profit_and_loss
2025-01-16 13:44:17,275 - INFO - Raw response for profit_and_loss chunk ['2019', '2020', '2021', '2022', '2023']:
2025-01-16 13:44:17,275 - INFO - Response before cleaning: ```json
{
  "2019": {
    "Turnover": 14936.0,
    "Cost Of Sales": -14194.0,
    "Gross Profit": 742.0,
    "Distribution Costs": -296.0,
    "Administrative Expenses": -170.0,
    "Other Operating Income": 8.0,
    "Operating Profit": 284.0,
    "Income From Fixed Asset Investments": 6.0,
    "Interest Receivable And Similar Income": 4.0,
    "Interest Payable And Similar Expenses": -2.0,
    "Other Finance Income": 6.0,
    "Profit Before Tax": 298.0,
    "Tax On Profit": -52.0,
    "Profit": 246.0,
    "Actuarial Gains Losses On Defined Benefit Pension Scheme": -170.0,
    "Movement Of Deferred Tax Relating To Pension Surplus Deficit": 38.0,
    "Other Comprehensive Income Expense": -132.0,
    "Total Comprehensive Income Expense": 114.0
  },
  "2020": {
    "Turnover": 8452.0,
    "Cost Of Sales": -8800.0,
    "Gross Profit": -348.0,
    "Distribution Costs": -318.0,
    "Administrative Expenses": -170.0,
    "Other Operating Income": 30.0,
    "Operating Profit": -806.0,
    "Income From Fixed Asset Investments": 46.0,
    "Interest Receivable And Similar Income": 4.0,
    "Interest Payable And Similar Expenses": -1.0,
    "Other Finance Income Expenses": -2.0,
    "Profit Before Tax": -758.0,
    "Tax On Profit": 148.0,
    "Profit": -610.0,
    "Actuarial Gains On Defined Benefit Pension Scheme": 736.0,
    "Movement Of Deferred Tax Relating To Pension Deficit Surplus": -134.0,
    "Other Comprehensive Income": 602.0,
    "Total Comprehensive Income Expense": -8.0
  },
  "2021": {
    "Turnover": 12536.0,
    "Cost Of Sales": -11892.0,
    "Gross Profit": 644.0,
    "Distribution Costs": -154.0,
    "Administrative Expenses": -223.0,
    "Other Operating Income": 22.0,
    "Operating Profit": 289.0,
    "Income From Fixed Asset Investments": 6.0,
    "Impairment Of Fixed Asset Investments": 0.0,
    "Interest Receivable And Similar Income": 0.0,
    "Interest Payable And Similar Expenses": -2.0,
    "Other Finance Income": 8.0,
    "Profit Before Tax": 301.0,
    "Tax On Profit": -70.0,
    "Profit": 231.0,
    "Actuarial Gains On Defined Benefit Pension Scheme": 327.0,
    "Pension Surplus Not Recognised": 10.0,
    "Movement Of Deferred Tax Relating To Pension Deficit": -58.0,
    "Other Comprehensive Income": 279.0,
    "Total Comprehensive Income": 510.0
  },
  "2022": {
    "Turnover": 27376.0,
    "Cost Of Sales": -25166.0,
    "Gross Profit": 2210.0,
    "Distribution Costs": -152.0,
    "Administrative Expenses": -174.0,
    "Other Operating Income": 4.0,
    "Operating Profit": 1888.0,
    "Income From Fixed Asset Investments": 20.0,
    "Impairment Of Fixed Asset Investments": -214.0,
    "Interest Receivable And Similar Income": 24.0,
    "Interest Payable And Similar Expenses": -2.0,
    "Other Finance Income": 12.0,
    "Profit Before Tax": 1728.0,
    "Tax On Profit": -392.0,
    "Profit": 1336.0,
    "Actuarial Gains On Defined Benefit Pension Scheme": 108.0,
    "Pension Surplus Not Recognised": 4.0,
    "Movement Of Deferred Tax Relating To Pension Deficit": -28.0,
    "Other Comprehensive Income": 84.0,
    "Total Comprehensive Income": 1420.0
  },
  "2023": {
    "Turnover": 11207.0,
    "Cost Of Sales": -10801.0,
    "Gross Profit": 406.0,
    "Distribution Costs": -77.0,
    "Administrative Expenses": -77.0,
    "Other Operating Income": 1.0,
    "Operating Profit": 253.0,
    "Income From Fixed Asset Investments": 11.0,
    "Impairment Of Fixed Asset Investments": 0.0,
    "Interest Receivable And Similar Income": 52.0,
    "Interest Payable And Similar Expenses": -4.0,
    "Other Finance Income": 16.0,
    "Profit Before Tax": 328.0,
    "Tax On Profit": -73.0,
    "Profit": 255.0,
    "Actuarial Gains On Defined Benefit Pension Scheme": 70.0,
    "Pension Surplus Not Recognised": 5.0,
    "Movement Of Deferred Tax Relating To Pension Deficit": -17.0,
    "Other Comprehensive Income": 58.0,
    "Total Comprehensive Income": 313.0
  }
}
```
2025-01-16 13:44:17,276 - INFO - Response after cleaning: 
{
  "2019": {
    "Turnover": 14936.0,
    "Cost Of Sales": -14194.0,
    "Gross Profit": 742.0,
    "Distribution Costs": -296.0,
    "Administrative Expenses": -170.0,
    "Other Operating Income": 8.0,
    "Operating Profit": 284.0,
    "Income From Fixed Asset Investments": 6.0,
    "Interest Receivable And Similar Income": 4.0,
    "Interest Payable And Similar Expenses": -2.0,
    "Other Finance Income": 6.0,
    "Profit Before Tax": 298.0,
    "Tax On Profit": -52.0,
    "Profit": 246.0,
    "Actuarial Gains Losses On Defined Benefit Pension Scheme": -170.0,
    "Movement Of Deferred Tax Relating To Pension Surplus Deficit": 38.0,
    "Other Comprehensive Income Expense": -132.0,
    "Total Comprehensive Income Expense": 114.0
  },
  "2020": {
    "Turnover": 8452.0,
    "Cost Of Sales": -8800.0,
    "Gross Profit": -348.0,
    "Distribution Costs": -318.0,
    "Administrative Expenses": -170.0,
    "Other Operating Income": 30.0,
    "Operating Profit": -806.0,
    "Income From Fixed Asset Investments": 46.0,
    "Interest Receivable And Similar Income": 4.0,
    "Interest Payable And Similar Expenses": -1.0,
    "Other Finance Income Expenses": -2.0,
    "Profit Before Tax": -758.0,
    "Tax On Profit": 148.0,
    "Profit": -610.0,
    "Actuarial Gains On Defined Benefit Pension Scheme": 736.0,
    "Movement Of Deferred Tax Relating To Pension Deficit Surplus": -134.0,
    "Other Comprehensive Income": 602.0,
    "Total Comprehensive Income Expense": -8.0
  },
  "2021": {
    "Turnover": 12536.0,
    "Cost Of Sales": -11892.0,
    "Gross Profit": 644.0,
    "Distribution Costs": -154.0,
    "Administrative Expenses": -223.0,
    "Other Operating Income": 22.0,
    "Operating Profit": 289.0,
    "Income From Fixed Asset Investments": 6.0,
    "Impairment Of Fixed Asset Investments": 0.0,
    "Interest Receivable And Similar Income": 0.0,
    "Interest Payable And Similar Expenses": -2.0,
    "Other Finance Income": 8.0,
    "Profit Before Tax": 301.0,
    "Tax On Profit": -70.0,
    "Profit": 231.0,
    "Actuarial Gains On Defined Benefit Pension Scheme": 327.0,
    "Pension Surplus Not Recognised": 10.0,
    "Movement Of Deferred Tax Relating To Pension Deficit": -58.0,
    "Other Comprehensive Income": 279.0,
    "Total Comprehensive Income": 510.0
  },
  "2022": {
    "Turnover": 27376.0,
    "Cost Of Sales": -25166.0,
    "Gross Profit": 2210.0,
    "Distribution Costs": -152.0,
    "Administrative Expenses": -174.0,
    "Other Operating Income": 4.0,
    "Operating Profit": 1888.0,
    "Income From Fixed Asset Investments": 20.0,
    "Impairment Of Fixed Asset Investments": -214.0,
    "Interest Receivable And Similar Income": 24.0,
    "Interest Payable And Similar Expenses": -2.0,
    "Other Finance Income": 12.0,
    "Profit Before Tax": 1728.0,
    "Tax On Profit": -392.0,
    "Profit": 1336.0,
    "Actuarial Gains On Defined Benefit Pension Scheme": 108.0,
    "Pension Surplus Not Recognised": 4.0,
    "Movement Of Deferred Tax Relating To Pension Deficit": -28.0,
    "Other Comprehensive Income": 84.0,
    "Total Comprehensive Income": 1420.0
  },
  "2023": {
    "Turnover": 11207.0,
    "Cost Of Sales": -10801.0,
    "Gross Profit": 406.0,
    "Distribution Costs": -77.0,
    "Administrative Expenses": -77.0,
    "Other Operating Income": 1.0,
    "Operating Profit": 253.0,
    "Income From Fixed Asset Investments": 11.0,
    "Impairment Of Fixed Asset Investments": 0.0,
    "Interest Receivable And Similar Income": 52.0,
    "Interest Payable And Similar Expenses": -4.0,
    "Other Finance Income": 16.0,
    "Profit Before Tax": 328.0,
    "Tax On Profit": -73.0,
    "Profit": 255.0,
    "Actuarial Gains On Defined Benefit Pension Scheme": 70.0,
    "Pension Surplus Not Recognised": 5.0,
    "Movement Of Deferred Tax Relating To Pension Deficit": -17.0,
    "Other Comprehensive Income": 58.0,
    "Total Comprehensive Income": 313.0
  }
}

2025-01-16 13:44:17,276 - INFO - Extracted JSON string: {
  "2019": {
    "Turnover": 14936.0,
    "Cost Of Sales": -14194.0,
    "Gross Profit": 742.0,
    "Distribution Costs": -296.0,
    "Administrative Expenses": -170.0,
    "Other Operating Income": 8.0,
    "Operating Profit": 284.0,
    "Income From Fixed Asset Investments": 6.0,
    "Interest Receivable And Similar Income": 4.0,
    "Interest Payable And Similar Expenses": -2.0,
    "Other Finance Income": 6.0,
    "Profit Before Tax": 298.0,
    "Tax On Profit": -52.0,
    "Profit": 246.0,
    "Actuarial Gains Losses On Defined Benefit Pension Scheme": -170.0,
    "Movement Of Deferred Tax Relating To Pension Surplus Deficit": 38.0,
    "Other Comprehensive Income Expense": -132.0,
    "Total Comprehensive Income Expense": 114.0
  },
  "2020": {
    "Turnover": 8452.0,
    "Cost Of Sales": -8800.0,
    "Gross Profit": -348.0,
    "Distribution Costs": -318.0,
    "Administrative Expenses": -170.0,
    "Other Operating Income": 30.0,
    "Operating Profit": -806.0,
    "Income From Fixed Asset Investments": 46.0,
    "Interest Receivable And Similar Income": 4.0,
    "Interest Payable And Similar Expenses": -1.0,
    "Other Finance Income Expenses": -2.0,
    "Profit Before Tax": -758.0,
    "Tax On Profit": 148.0,
    "Profit": -610.0,
    "Actuarial Gains On Defined Benefit Pension Scheme": 736.0,
    "Movement Of Deferred Tax Relating To Pension Deficit Surplus": -134.0,
    "Other Comprehensive Income": 602.0,
    "Total Comprehensive Income Expense": -8.0
  },
  "2021": {
    "Turnover": 12536.0,
    "Cost Of Sales": -11892.0,
    "Gross Profit": 644.0,
    "Distribution Costs": -154.0,
    "Administrative Expenses": -223.0,
    "Other Operating Income": 22.0,
    "Operating Profit": 289.0,
    "Income From Fixed Asset Investments": 6.0,
    "Impairment Of Fixed Asset Investments": 0.0,
    "Interest Receivable And Similar Income": 0.0,
    "Interest Payable And Similar Expenses": -2.0,
    "Other Finance Income": 8.0,
    "Profit Before Tax": 301.0,
    "Tax On Profit": -70.0,
    "Profit": 231.0,
    "Actuarial Gains On Defined Benefit Pension Scheme": 327.0,
    "Pension Surplus Not Recognised": 10.0,
    "Movement Of Deferred Tax Relating To Pension Deficit": -58.0,
    "Other Comprehensive Income": 279.0,
    "Total Comprehensive Income": 510.0
  },
  "2022": {
    "Turnover": 27376.0,
    "Cost Of Sales": -25166.0,
    "Gross Profit": 2210.0,
    "Distribution Costs": -152.0,
    "Administrative Expenses": -174.0,
    "Other Operating Income": 4.0,
    "Operating Profit": 1888.0,
    "Income From Fixed Asset Investments": 20.0,
    "Impairment Of Fixed Asset Investments": -214.0,
    "Interest Receivable And Similar Income": 24.0,
    "Interest Payable And Similar Expenses": -2.0,
    "Other Finance Income": 12.0,
    "Profit Before Tax": 1728.0,
    "Tax On Profit": -392.0,
    "Profit": 1336.0,
    "Actuarial Gains On Defined Benefit Pension Scheme": 108.0,
    "Pension Surplus Not Recognised": 4.0,
    "Movement Of Deferred Tax Relating To Pension Deficit": -28.0,
    "Other Comprehensive Income": 84.0,
    "Total Comprehensive Income": 1420.0
  },
  "2023": {
    "Turnover": 11207.0,
    "Cost Of Sales": -10801.0,
    "Gross Profit": 406.0,
    "Distribution Costs": -77.0,
    "Administrative Expenses": -77.0,
    "Other Operating Income": 1.0,
    "Operating Profit": 253.0,
    "Income From Fixed Asset Investments": 11.0,
    "Impairment Of Fixed Asset Investments": 0.0,
    "Interest Receivable And Similar Income": 52.0,
    "Interest Payable And Similar Expenses": -4.0,
    "Other Finance Income": 16.0,
    "Profit Before Tax": 328.0,
    "Tax On Profit": -73.0,
    "Profit": 255.0,
    "Actuarial Gains On Defined Benefit Pension Scheme": 70.0,
    "Pension Surplus Not Recognised": 5.0,
    "Movement Of Deferred Tax Relating To Pension Deficit": -17.0,
    "Other Comprehensive Income": 58.0,
    "Total Comprehensive Income": 313.0
  }
}
2025-01-16 13:44:17,277 - INFO - [SUCCESS] Processed chunk 2019-2023 for profit_and_loss
2025-01-16 13:44:23,993 - INFO - [SUCCESS] Created standardized mapping for 53 balance_sheet line items
2025-01-16 13:44:40,188 - INFO - Raw response for balance_sheet chunk ['2009', '2010', '2011', '2012', '2013']:
2025-01-16 13:44:40,188 - INFO - Response before cleaning: ```json
{
  "2009": {
    "Intangible Assets": 2.0,
    "Tangible Assets": 1429.0,
    "Investments": 10.0,
    "Total Fixed Assets": 1441.0,
    "Stocks": 570.0,
    "Accounts Receivable": 1244.0,
    "Cash At Bank": 5.0,
    "Total Current Assets": 1819.0,
    "Accounts Payable Due Within One Year": -1233.0,
    "Net Current Assets": 586.0,
    "Total Assets Less Current Liabilities": 2027.0,
    "Accounts Payable Due After More Than One Year": -318.0,
    "Deferred Tax": -61.0,
    "Other Provisions": -1.0,
    "Total Provisions For Liabilities": -62.0,
    "Net Assets Excluding Pension Scheme Assets Liabilities": 1647.0,
    "Defined Benefit Pension Scheme Liability": -482.0,
    "Net Assets Including Pension Scheme Assets Liabilities": 1165.0,
    "Called Up Share Capital": 573.0,
    "Revaluation Reserve": 424.0,
    "Capital Reserves": 3.0,
    "Profit And Loss Account": 165.0,
    "Shareholders Funds": 1165.0
  },
  "2010": {
    "Intangible Assets": 6.0,
    "Tangible Assets": 2864.0,
    "Investments": 20.0,
    "Total Fixed Assets": 1445.0,
    "Stocks": 1418.0,
    "Accounts Receivable": 2084.0,
    "Cash At Bank": 2.0,
    "Total Current Assets": 1752.0,
    "Accounts Payable Due Within One Year": -2028.0,
    "Net Current Assets": 1476.0,
    "Total Assets Less Current Liabilities": 2183.0,
    "Accounts Payable Due After More Than One Year": -634.0,
    "Deferred Tax": -106.0,
    "Other Provisions": -8.0,
    "Total Provisions For Liabilities": -57.0,
    "Net Assets Excluding Pension Scheme Assets Liabilities": 3618.0,
    "Defined Benefit Pension Scheme Liability": -672.0,
    "Net Assets Including Pension Scheme Assets Liabilities": 2946.0,
    "Called Up Share Capital": 1146.0,
    "Revaluation Reserve": 838.0,
    "Capital Reserves": 6.0,
    "Profit And Loss Account": 956.0,
    "Shareholders Funds": 2946.0,
    "Net Assets Excluding Pension Scheme Assets/Liabilities": 1809.0,
    "Net Assets Including Pension Scheme Assets/Liabilities": 1473.0
  },
  "2011": {
    "Intangible Assets": 2.0,
    "Tangible Assets": 2870.0,
    "Investments": 20.0,
    "Stocks": 1530.0,
    "Accounts Receivable": 2110.0,
    "Cash At Bank": 0.0,
    "Accounts Payable Due Within One Year": -2622.0,
    "Net Current Assets": 1018.0,
    "Total Assets Less Current Liabilities": 3910.0,
    "Accounts Payable Due After More Than One Year": -634.0,
    "Deferred Tax": -136.0,
    "Other Provisions": -16.0,
    "Net Assets Excluding Pension Scheme Assets/Liabilities": 3124.0,
    "Defined Benefit Pension Scheme Liability": -858.0,
    "Net Assets Including Pension Scheme Assets/Liabilities": 2266.0,
    "Called Up Share Capital": 1146.0,
    "Revaluation Reserve": 826.0,
    "Capital Reserves": 6.0,
    "Profit And Loss Account": 288.0,
    "Shareholders Funds": 2266.0,
    "Net Assets Excluding Pension Scheme Liabilities": 1562.0,
    "Net Assets Including Pension Scheme Liabilities": 1133.0,
    "Other ProvisIONS": -8.0
  },
  "2012": {
    "Intangible Assets": 2.0,
    "Tangible Assets": 2714.0,
    "Investments": 0.0,
    "Stocks": 1688.0,
    "Accounts Receivable": 2048.0,
    "Accounts Payable Due Within One Year": -2608.0,
    "Net Current Assets": 1128.0,
    "Total Assets Less Current Liabilities": 3844.0,
    "Accounts Payable Due After More Than One Year": -634.0,
    "Deferred Tax": -120.0,
    "Other Provisions": -20.0,
    "Net Assets Excluding Pension Scheme Liabilities": 3070.0,
    "Defined Benefit Pension Scheme Liability": -660.0,
    "Net Assets Including Pension Scheme Liabilities": 2410.0,
    "Called Up Share Capital": 1146.0,
    "Revaluation Reserve": 724.0,
    "Capital Reserves": 6.0,
    "Profit And Loss Account": 534.0,
    "Shareholders Funds": 2410.0,
    "Other ProvisIONS": -10.0
  },
  "2013": {
    "Intangible Assets": 4.0,
    "Tangible Assets": 2588.0,
    "Investments": 0.0,
    "Stocks": 1834.0,
    "Accounts Receivable": 1508.0,
    "Accounts Payable Due Within One Year": -2496.0,
    "Net Current Assets": 846.0,
    "Total Assets Less Current Liabilities": 3438.0,
    "Accounts Payable Due After More Than One Year": -230.0,
    "Deferred Tax": -90.0,
    "Other Provisions": -14.0,
    "Net Assets Excluding Pension Scheme Liabilities": 3104.0,
    "Defined Benefit Pension Scheme Liability": -412.0,
    "Net Assets Including Pension Scheme Liabilities": 2692.0,
    "Called Up Share Capital": 1146.0,
    "Revaluation Reserve": 728.0,
    "Capital Reserves": 6.0,
    "Profit And Loss Account": 812.0,
    "Shareholders Funds": 2692.0,
    "Net Assets Excluding Pension Scheme Liability": 1552.0,
    "Net Assets Including Pension Scheme Liability": 1346.0
  }
}
```

2025-01-16 13:44:40,189 - INFO - Response after cleaning: 
{
  "2009": {
    "Intangible Assets": 2.0,
    "Tangible Assets": 1429.0,
    "Investments": 10.0,
    "Total Fixed Assets": 1441.0,
    "Stocks": 570.0,
    "Accounts Receivable": 1244.0,
    "Cash At Bank": 5.0,
    "Total Current Assets": 1819.0,
    "Accounts Payable Due Within One Year": -1233.0,
    "Net Current Assets": 586.0,
    "Total Assets Less Current Liabilities": 2027.0,
    "Accounts Payable Due After More Than One Year": -318.0,
    "Deferred Tax": -61.0,
    "Other Provisions": -1.0,
    "Total Provisions For Liabilities": -62.0,
    "Net Assets Excluding Pension Scheme Assets Liabilities": 1647.0,
    "Defined Benefit Pension Scheme Liability": -482.0,
    "Net Assets Including Pension Scheme Assets Liabilities": 1165.0,
    "Called Up Share Capital": 573.0,
    "Revaluation Reserve": 424.0,
    "Capital Reserves": 3.0,
    "Profit And Loss Account": 165.0,
    "Shareholders Funds": 1165.0
  },
  "2010": {
    "Intangible Assets": 6.0,
    "Tangible Assets": 2864.0,
    "Investments": 20.0,
    "Total Fixed Assets": 1445.0,
    "Stocks": 1418.0,
    "Accounts Receivable": 2084.0,
    "Cash At Bank": 2.0,
    "Total Current Assets": 1752.0,
    "Accounts Payable Due Within One Year": -2028.0,
    "Net Current Assets": 1476.0,
    "Total Assets Less Current Liabilities": 2183.0,
    "Accounts Payable Due After More Than One Year": -634.0,
    "Deferred Tax": -106.0,
    "Other Provisions": -8.0,
    "Total Provisions For Liabilities": -57.0,
    "Net Assets Excluding Pension Scheme Assets Liabilities": 3618.0,
    "Defined Benefit Pension Scheme Liability": -672.0,
    "Net Assets Including Pension Scheme Assets Liabilities": 2946.0,
    "Called Up Share Capital": 1146.0,
    "Revaluation Reserve": 838.0,
    "Capital Reserves": 6.0,
    "Profit And Loss Account": 956.0,
    "Shareholders Funds": 2946.0,
    "Net Assets Excluding Pension Scheme Assets/Liabilities": 1809.0,
    "Net Assets Including Pension Scheme Assets/Liabilities": 1473.0
  },
  "2011": {
    "Intangible Assets": 2.0,
    "Tangible Assets": 2870.0,
    "Investments": 20.0,
    "Stocks": 1530.0,
    "Accounts Receivable": 2110.0,
    "Cash At Bank": 0.0,
    "Accounts Payable Due Within One Year": -2622.0,
    "Net Current Assets": 1018.0,
    "Total Assets Less Current Liabilities": 3910.0,
    "Accounts Payable Due After More Than One Year": -634.0,
    "Deferred Tax": -136.0,
    "Other Provisions": -16.0,
    "Net Assets Excluding Pension Scheme Assets/Liabilities": 3124.0,
    "Defined Benefit Pension Scheme Liability": -858.0,
    "Net Assets Including Pension Scheme Assets/Liabilities": 2266.0,
    "Called Up Share Capital": 1146.0,
    "Revaluation Reserve": 826.0,
    "Capital Reserves": 6.0,
    "Profit And Loss Account": 288.0,
    "Shareholders Funds": 2266.0,
    "Net Assets Excluding Pension Scheme Liabilities": 1562.0,
    "Net Assets Including Pension Scheme Liabilities": 1133.0,
    "Other ProvisIONS": -8.0
  },
  "2012": {
    "Intangible Assets": 2.0,
    "Tangible Assets": 2714.0,
    "Investments": 0.0,
    "Stocks": 1688.0,
    "Accounts Receivable": 2048.0,
    "Accounts Payable Due Within One Year": -2608.0,
    "Net Current Assets": 1128.0,
    "Total Assets Less Current Liabilities": 3844.0,
    "Accounts Payable Due After More Than One Year": -634.0,
    "Deferred Tax": -120.0,
    "Other Provisions": -20.0,
    "Net Assets Excluding Pension Scheme Liabilities": 3070.0,
    "Defined Benefit Pension Scheme Liability": -660.0,
    "Net Assets Including Pension Scheme Liabilities": 2410.0,
    "Called Up Share Capital": 1146.0,
    "Revaluation Reserve": 724.0,
    "Capital Reserves": 6.0,
    "Profit And Loss Account": 534.0,
    "Shareholders Funds": 2410.0,
    "Other ProvisIONS": -10.0
  },
  "2013": {
    "Intangible Assets": 4.0,
    "Tangible Assets": 2588.0,
    "Investments": 0.0,
    "Stocks": 1834.0,
    "Accounts Receivable": 1508.0,
    "Accounts Payable Due Within One Year": -2496.0,
    "Net Current Assets": 846.0,
    "Total Assets Less Current Liabilities": 3438.0,
    "Accounts Payable Due After More Than One Year": -230.0,
    "Deferred Tax": -90.0,
    "Other Provisions": -14.0,
    "Net Assets Excluding Pension Scheme Liabilities": 3104.0,
    "Defined Benefit Pension Scheme Liability": -412.0,
    "Net Assets Including Pension Scheme Liabilities": 2692.0,
    "Called Up Share Capital": 1146.0,
    "Revaluation Reserve": 728.0,
    "Capital Reserves": 6.0,
    "Profit And Loss Account": 812.0,
    "Shareholders Funds": 2692.0,
    "Net Assets Excluding Pension Scheme Liability": 1552.0,
    "Net Assets Including Pension Scheme Liability": 1346.0
  }
}

2025-01-16 13:44:40,190 - INFO - Extracted JSON string: {
  "2009": {
    "Intangible Assets": 2.0,
    "Tangible Assets": 1429.0,
    "Investments": 10.0,
    "Total Fixed Assets": 1441.0,
    "Stocks": 570.0,
    "Accounts Receivable": 1244.0,
    "Cash At Bank": 5.0,
    "Total Current Assets": 1819.0,
    "Accounts Payable Due Within One Year": -1233.0,
    "Net Current Assets": 586.0,
    "Total Assets Less Current Liabilities": 2027.0,
    "Accounts Payable Due After More Than One Year": -318.0,
    "Deferred Tax": -61.0,
    "Other Provisions": -1.0,
    "Total Provisions For Liabilities": -62.0,
    "Net Assets Excluding Pension Scheme Assets Liabilities": 1647.0,
    "Defined Benefit Pension Scheme Liability": -482.0,
    "Net Assets Including Pension Scheme Assets Liabilities": 1165.0,
    "Called Up Share Capital": 573.0,
    "Revaluation Reserve": 424.0,
    "Capital Reserves": 3.0,
    "Profit And Loss Account": 165.0,
    "Shareholders Funds": 1165.0
  },
  "2010": {
    "Intangible Assets": 6.0,
    "Tangible Assets": 2864.0,
    "Investments": 20.0,
    "Total Fixed Assets": 1445.0,
    "Stocks": 1418.0,
    "Accounts Receivable": 2084.0,
    "Cash At Bank": 2.0,
    "Total Current Assets": 1752.0,
    "Accounts Payable Due Within One Year": -2028.0,
    "Net Current Assets": 1476.0,
    "Total Assets Less Current Liabilities": 2183.0,
    "Accounts Payable Due After More Than One Year": -634.0,
    "Deferred Tax": -106.0,
    "Other Provisions": -8.0,
    "Total Provisions For Liabilities": -57.0,
    "Net Assets Excluding Pension Scheme Assets Liabilities": 3618.0,
    "Defined Benefit Pension Scheme Liability": -672.0,
    "Net Assets Including Pension Scheme Assets Liabilities": 2946.0,
    "Called Up Share Capital": 1146.0,
    "Revaluation Reserve": 838.0,
    "Capital Reserves": 6.0,
    "Profit And Loss Account": 956.0,
    "Shareholders Funds": 2946.0,
    "Net Assets Excluding Pension Scheme Assets/Liabilities": 1809.0,
    "Net Assets Including Pension Scheme Assets/Liabilities": 1473.0
  },
  "2011": {
    "Intangible Assets": 2.0,
    "Tangible Assets": 2870.0,
    "Investments": 20.0,
    "Stocks": 1530.0,
    "Accounts Receivable": 2110.0,
    "Cash At Bank": 0.0,
    "Accounts Payable Due Within One Year": -2622.0,
    "Net Current Assets": 1018.0,
    "Total Assets Less Current Liabilities": 3910.0,
    "Accounts Payable Due After More Than One Year": -634.0,
    "Deferred Tax": -136.0,
    "Other Provisions": -16.0,
    "Net Assets Excluding Pension Scheme Assets/Liabilities": 3124.0,
    "Defined Benefit Pension Scheme Liability": -858.0,
    "Net Assets Including Pension Scheme Assets/Liabilities": 2266.0,
    "Called Up Share Capital": 1146.0,
    "Revaluation Reserve": 826.0,
    "Capital Reserves": 6.0,
    "Profit And Loss Account": 288.0,
    "Shareholders Funds": 2266.0,
    "Net Assets Excluding Pension Scheme Liabilities": 1562.0,
    "Net Assets Including Pension Scheme Liabilities": 1133.0,
    "Other ProvisIONS": -8.0
  },
  "2012": {
    "Intangible Assets": 2.0,
    "Tangible Assets": 2714.0,
    "Investments": 0.0,
    "Stocks": 1688.0,
    "Accounts Receivable": 2048.0,
    "Accounts Payable Due Within One Year": -2608.0,
    "Net Current Assets": 1128.0,
    "Total Assets Less Current Liabilities": 3844.0,
    "Accounts Payable Due After More Than One Year": -634.0,
    "Deferred Tax": -120.0,
    "Other Provisions": -20.0,
    "Net Assets Excluding Pension Scheme Liabilities": 3070.0,
    "Defined Benefit Pension Scheme Liability": -660.0,
    "Net Assets Including Pension Scheme Liabilities": 2410.0,
    "Called Up Share Capital": 1146.0,
    "Revaluation Reserve": 724.0,
    "Capital Reserves": 6.0,
    "Profit And Loss Account": 534.0,
    "Shareholders Funds": 2410.0,
    "Other ProvisIONS": -10.0
  },
  "2013": {
    "Intangible Assets": 4.0,
    "Tangible Assets": 2588.0,
    "Investments": 0.0,
    "Stocks": 1834.0,
    "Accounts Receivable": 1508.0,
    "Accounts Payable Due Within One Year": -2496.0,
    "Net Current Assets": 846.0,
    "Total Assets Less Current Liabilities": 3438.0,
    "Accounts Payable Due After More Than One Year": -230.0,
    "Deferred Tax": -90.0,
    "Other Provisions": -14.0,
    "Net Assets Excluding Pension Scheme Liabilities": 3104.0,
    "Defined Benefit Pension Scheme Liability": -412.0,
    "Net Assets Including Pension Scheme Liabilities": 2692.0,
    "Called Up Share Capital": 1146.0,
    "Revaluation Reserve": 728.0,
    "Capital Reserves": 6.0,
    "Profit And Loss Account": 812.0,
    "Shareholders Funds": 2692.0,
    "Net Assets Excluding Pension Scheme Liability": 1552.0,
    "Net Assets Including Pension Scheme Liability": 1346.0
  }
}
2025-01-16 13:44:40,191 - INFO - [SUCCESS] Processed chunk 2009-2013 for balance_sheet
2025-01-16 13:44:53,270 - INFO - Raw response for balance_sheet chunk ['2014', '2015', '2016', '2017', '2018']:
2025-01-16 13:44:53,271 - INFO - Response before cleaning: ```json
{
  "2014": {
    "Intangible Assets": 12.0,
    "Tangible Assets": 2130.0,
    "Investments": 0.0,
    "Inventories": 1052.0,
    "Accounts Receivable": 1366.0,
    "Accounts Payable Due Within One Year": -1741.0,
    "Net Current Assets": 689.0,
    "Total Assets Less Current Liabilities": 2831.0,
    "Accounts Payable Due After More Than One Year": -226.0,
    "Deferred Tax": -83.0,
    "Other Provisions": -14.0,
    "Net Assets Excluding Pension Scheme Liability": 1491.0,
    "Defined Benefit Pension Scheme Liability": -118.0,
    "Net Assets Including Pension Scheme Liability": 1373.0,
    "Called Up Share Capital": 1146.0,
    "Revaluation Reserve": 462.0,
    "Capital Reserves": 3.0,
    "Profit And Loss Account": 658.0,
    "Shareholders Funds": 1373.0,
    "Fixed Assets": 840.0,
    "Accounts Receivable Due After More Than One Year": 12.0,
    "Accounts Receivable Due Within One Year": 676.0,
    "Current Assets": 1214.0,
    "Provisions For Liabilities": -47.0,
    "Pension Liability": -118.0,
    "Net Assets": 899.0,
    "Other Reserves": 3.0
  },
  "2015": {
    "Intangible Assets": 14.0,
    "Tangible Assets": 668.0,
    "Fixed Assets": 682.0,
    "Inventories": 1028.0,
    "Accounts Receivable Due After More Than One Year": 26.0,
    "Accounts Receivable Due Within One Year": 1742.0,
    "Current Assets": 1398.0,
    "Accounts Payable Due Within One Year": -1698.0,
    "Net Current Assets": 1098.0,
    "Total Assets Less Current Liabilities": 2462.0,
    "Accounts Payable Due After More Than One Year": -220.0,
    "Deferred Tax": -74.0,
    "Other Provisions": -26.0,
    "Provisions For Liabilities": -50.0,
    "Pension Liability": -246.0,
    "Net Assets": 1896.0,
    "Called Up Share Capital": 1146.0,
    "Other Reserves": 6.0,
    "Profit And Loss Account": 744.0,
    "Intangible Fixed Assets": 14.0,
    "Tangible Fixed Assets": 668.0
  },
  "2016": {
    "Intangible Fixed Assets": 22.0,
    "Tangible Fixed Assets": 1296.0,
    "Inventories": 1254.0,
    "Accounts Receivable Due After More Than One Year": 34.0,
    "Accounts Receivable Due Within One Year": 2262.0,
    "Accounts Payable Due Within One Year": -1996.0,
    "Net Current Assets": 1554.0,
    "Total Assets Less Current Liabilities": 2872.0,
    "Accounts Payable Due After More Than One Year": -216.0,
    "Deferred Tax": -31.0,
    "Other Provisions": -38.0,
    "Pension Liability": -313.0,
    "Net Assets": 2274.0,
    "Called Up Share Capital": 1146.0,
    "Other Reserves": 6.0,
    "Profit And Loss Account": 1122.0,
    "I Angible Fixed Assets": 648.0,
    "Fixed Assets": 659.0,
    "Pension Asset": 0.0,
    "Current Assets": 1777.0,
    "Provisions For Liabilities": -19.0
  },
  "2017": {
    "Intangible Fixed Assets": 26.0,
    "Tangible Fixed Assets": 1260.0,
    "Investments": 0.0,
    "Inventories": 1342.0,
    "Accounts Receivable Due After More Than One Year": 42.0,
    "Accounts Receivable Due Within One Year": 1914.0,
    "Pension Asset": 776.0,
    "Current Assets": 2037.0,
    "Accounts Payable Due Within One Year": -2156.0,
    "Net Current Assets": 1918.0,
    "Total Assets Less Current Liabilities": 3204.0,
    "Accounts Payable Due After More Than One Year": -200.0,
    "Deferred Tax": -116.0,
    "Other Provisions": -44.0,
    "Provisions For Liabilities": -80.0,
    "Pension Liability": -316.0,
    "Net Assets": 2528.0,
    "Called Up Share Capital": 1146.0,
    "Other Reserves": 6.0,
    "Profit And Loss Account": 1376.0,
    "I Angible Fixed Assets": 630.0,
    "Fixed Assets": 643.0
  },
  "2018": {
    "Intangible Fixed Assets": 44.0,
    "Tangible Fixed Assets": 1332.0,
    "Fixed Asset Investments": 332.0,
    "Inventories": 1444.0,
    "Accounts Receivable Due After More Than One Year": 40.0,
    "Accounts Receivable Due Within One Year": 2328.0,
    "Pension Asset": 674.0,
    "Accounts Payable Due Within One Year": -2640.0,
    "Net Current Assets": 1846.0,
    "Total Assets Less Current Liabilities": 3886.0,
    "Accounts Payable Due After More Than One Year": -200.0,
    "Deferred Tax": -94.0,
    "Other Provisions": -54.0,
    "Pension Liability": -386.0,
    "Net Assets": 3152.0,
    "Called Up Share Capital": 1906.0,
    "Other Reserves": 6.0,
    "Profit And Loss Account": 1240.0,
    "Investments": 332.0
  }
}
```
2025-01-16 13:44:53,271 - INFO - Response after cleaning: 
{
  "2014": {
    "Intangible Assets": 12.0,
    "Tangible Assets": 2130.0,
    "Investments": 0.0,
    "Inventories": 1052.0,
    "Accounts Receivable": 1366.0,
    "Accounts Payable Due Within One Year": -1741.0,
    "Net Current Assets": 689.0,
    "Total Assets Less Current Liabilities": 2831.0,
    "Accounts Payable Due After More Than One Year": -226.0,
    "Deferred Tax": -83.0,
    "Other Provisions": -14.0,
    "Net Assets Excluding Pension Scheme Liability": 1491.0,
    "Defined Benefit Pension Scheme Liability": -118.0,
    "Net Assets Including Pension Scheme Liability": 1373.0,
    "Called Up Share Capital": 1146.0,
    "Revaluation Reserve": 462.0,
    "Capital Reserves": 3.0,
    "Profit And Loss Account": 658.0,
    "Shareholders Funds": 1373.0,
    "Fixed Assets": 840.0,
    "Accounts Receivable Due After More Than One Year": 12.0,
    "Accounts Receivable Due Within One Year": 676.0,
    "Current Assets": 1214.0,
    "Provisions For Liabilities": -47.0,
    "Pension Liability": -118.0,
    "Net Assets": 899.0,
    "Other Reserves": 3.0
  },
  "2015": {
    "Intangible Assets": 14.0,
    "Tangible Assets": 668.0,
    "Fixed Assets": 682.0,
    "Inventories": 1028.0,
    "Accounts Receivable Due After More Than One Year": 26.0,
    "Accounts Receivable Due Within One Year": 1742.0,
    "Current Assets": 1398.0,
    "Accounts Payable Due Within One Year": -1698.0,
    "Net Current Assets": 1098.0,
    "Total Assets Less Current Liabilities": 2462.0,
    "Accounts Payable Due After More Than One Year": -220.0,
    "Deferred Tax": -74.0,
    "Other Provisions": -26.0,
    "Provisions For Liabilities": -50.0,
    "Pension Liability": -246.0,
    "Net Assets": 1896.0,
    "Called Up Share Capital": 1146.0,
    "Other Reserves": 6.0,
    "Profit And Loss Account": 744.0,
    "Intangible Fixed Assets": 14.0,
    "Tangible Fixed Assets": 668.0
  },
  "2016": {
    "Intangible Fixed Assets": 22.0,
    "Tangible Fixed Assets": 1296.0,
    "Inventories": 1254.0,
    "Accounts Receivable Due After More Than One Year": 34.0,
    "Accounts Receivable Due Within One Year": 2262.0,
    "Accounts Payable Due Within One Year": -1996.0,
    "Net Current Assets": 1554.0,
    "Total Assets Less Current Liabilities": 2872.0,
    "Accounts Payable Due After More Than One Year": -216.0,
    "Deferred Tax": -31.0,
    "Other Provisions": -38.0,
    "Pension Liability": -313.0,
    "Net Assets": 2274.0,
    "Called Up Share Capital": 1146.0,
    "Other Reserves": 6.0,
    "Profit And Loss Account": 1122.0,
    "I Angible Fixed Assets": 648.0,
    "Fixed Assets": 659.0,
    "Pension Asset": 0.0,
    "Current Assets": 1777.0,
    "Provisions For Liabilities": -19.0
  },
  "2017": {
    "Intangible Fixed Assets": 26.0,
    "Tangible Fixed Assets": 1260.0,
    "Investments": 0.0,
    "Inventories": 1342.0,
    "Accounts Receivable Due After More Than One Year": 42.0,
    "Accounts Receivable Due Within One Year": 1914.0,
    "Pension Asset": 776.0,
    "Current Assets": 2037.0,
    "Accounts Payable Due Within One Year": -2156.0,
    "Net Current Assets": 1918.0,
    "Total Assets Less Current Liabilities": 3204.0,
    "Accounts Payable Due After More Than One Year": -200.0,
    "Deferred Tax": -116.0,
    "Other Provisions": -44.0,
    "Provisions For Liabilities": -80.0,
    "Pension Liability": -316.0,
    "Net Assets": 2528.0,
    "Called Up Share Capital": 1146.0,
    "Other Reserves": 6.0,
    "Profit And Loss Account": 1376.0,
    "I Angible Fixed Assets": 630.0,
    "Fixed Assets": 643.0
  },
  "2018": {
    "Intangible Fixed Assets": 44.0,
    "Tangible Fixed Assets": 1332.0,
    "Fixed Asset Investments": 332.0,
    "Inventories": 1444.0,
    "Accounts Receivable Due After More Than One Year": 40.0,
    "Accounts Receivable Due Within One Year": 2328.0,
    "Pension Asset": 674.0,
    "Accounts Payable Due Within One Year": -2640.0,
    "Net Current Assets": 1846.0,
    "Total Assets Less Current Liabilities": 3886.0,
    "Accounts Payable Due After More Than One Year": -200.0,
    "Deferred Tax": -94.0,
    "Other Provisions": -54.0,
    "Pension Liability": -386.0,
    "Net Assets": 3152.0,
    "Called Up Share Capital": 1906.0,
    "Other Reserves": 6.0,
    "Profit And Loss Account": 1240.0,
    "Investments": 332.0
  }
}

2025-01-16 13:44:53,272 - INFO - Extracted JSON string: {
  "2014": {
    "Intangible Assets": 12.0,
    "Tangible Assets": 2130.0,
    "Investments": 0.0,
    "Inventories": 1052.0,
    "Accounts Receivable": 1366.0,
    "Accounts Payable Due Within One Year": -1741.0,
    "Net Current Assets": 689.0,
    "Total Assets Less Current Liabilities": 2831.0,
    "Accounts Payable Due After More Than One Year": -226.0,
    "Deferred Tax": -83.0,
    "Other Provisions": -14.0,
    "Net Assets Excluding Pension Scheme Liability": 1491.0,
    "Defined Benefit Pension Scheme Liability": -118.0,
    "Net Assets Including Pension Scheme Liability": 1373.0,
    "Called Up Share Capital": 1146.0,
    "Revaluation Reserve": 462.0,
    "Capital Reserves": 3.0,
    "Profit And Loss Account": 658.0,
    "Shareholders Funds": 1373.0,
    "Fixed Assets": 840.0,
    "Accounts Receivable Due After More Than One Year": 12.0,
    "Accounts Receivable Due Within One Year": 676.0,
    "Current Assets": 1214.0,
    "Provisions For Liabilities": -47.0,
    "Pension Liability": -118.0,
    "Net Assets": 899.0,
    "Other Reserves": 3.0
  },
  "2015": {
    "Intangible Assets": 14.0,
    "Tangible Assets": 668.0,
    "Fixed Assets": 682.0,
    "Inventories": 1028.0,
    "Accounts Receivable Due After More Than One Year": 26.0,
    "Accounts Receivable Due Within One Year": 1742.0,
    "Current Assets": 1398.0,
    "Accounts Payable Due Within One Year": -1698.0,
    "Net Current Assets": 1098.0,
    "Total Assets Less Current Liabilities": 2462.0,
    "Accounts Payable Due After More Than One Year": -220.0,
    "Deferred Tax": -74.0,
    "Other Provisions": -26.0,
    "Provisions For Liabilities": -50.0,
    "Pension Liability": -246.0,
    "Net Assets": 1896.0,
    "Called Up Share Capital": 1146.0,
    "Other Reserves": 6.0,
    "Profit And Loss Account": 744.0,
    "Intangible Fixed Assets": 14.0,
    "Tangible Fixed Assets": 668.0
  },
  "2016": {
    "Intangible Fixed Assets": 22.0,
    "Tangible Fixed Assets": 1296.0,
    "Inventories": 1254.0,
    "Accounts Receivable Due After More Than One Year": 34.0,
    "Accounts Receivable Due Within One Year": 2262.0,
    "Accounts Payable Due Within One Year": -1996.0,
    "Net Current Assets": 1554.0,
    "Total Assets Less Current Liabilities": 2872.0,
    "Accounts Payable Due After More Than One Year": -216.0,
    "Deferred Tax": -31.0,
    "Other Provisions": -38.0,
    "Pension Liability": -313.0,
    "Net Assets": 2274.0,
    "Called Up Share Capital": 1146.0,
    "Other Reserves": 6.0,
    "Profit And Loss Account": 1122.0,
    "I Angible Fixed Assets": 648.0,
    "Fixed Assets": 659.0,
    "Pension Asset": 0.0,
    "Current Assets": 1777.0,
    "Provisions For Liabilities": -19.0
  },
  "2017": {
    "Intangible Fixed Assets": 26.0,
    "Tangible Fixed Assets": 1260.0,
    "Investments": 0.0,
    "Inventories": 1342.0,
    "Accounts Receivable Due After More Than One Year": 42.0,
    "Accounts Receivable Due Within One Year": 1914.0,
    "Pension Asset": 776.0,
    "Current Assets": 2037.0,
    "Accounts Payable Due Within One Year": -2156.0,
    "Net Current Assets": 1918.0,
    "Total Assets Less Current Liabilities": 3204.0,
    "Accounts Payable Due After More Than One Year": -200.0,
    "Deferred Tax": -116.0,
    "Other Provisions": -44.0,
    "Provisions For Liabilities": -80.0,
    "Pension Liability": -316.0,
    "Net Assets": 2528.0,
    "Called Up Share Capital": 1146.0,
    "Other Reserves": 6.0,
    "Profit And Loss Account": 1376.0,
    "I Angible Fixed Assets": 630.0,
    "Fixed Assets": 643.0
  },
  "2018": {
    "Intangible Fixed Assets": 44.0,
    "Tangible Fixed Assets": 1332.0,
    "Fixed Asset Investments": 332.0,
    "Inventories": 1444.0,
    "Accounts Receivable Due After More Than One Year": 40.0,
    "Accounts Receivable Due Within One Year": 2328.0,
    "Pension Asset": 674.0,
    "Accounts Payable Due Within One Year": -2640.0,
    "Net Current Assets": 1846.0,
    "Total Assets Less Current Liabilities": 3886.0,
    "Accounts Payable Due After More Than One Year": -200.0,
    "Deferred Tax": -94.0,
    "Other Provisions": -54.0,
    "Pension Liability": -386.0,
    "Net Assets": 3152.0,
    "Called Up Share Capital": 1906.0,
    "Other Reserves": 6.0,
    "Profit And Loss Account": 1240.0,
    "Investments": 332.0
  }
}
2025-01-16 13:44:53,273 - INFO - [SUCCESS] Processed chunk 2014-2018 for balance_sheet
2025-01-16 13:45:06,117 - INFO - Raw response for balance_sheet chunk ['2019', '2020', '2021', '2022', '2023']:
2025-01-16 13:45:06,117 - INFO - Response before cleaning: ```json
{
  "2019": {
    "Intangible Fixed Assets": 8.0,
    "Tangible Fixed Assets": 1624.0,
    "Fixed Asset Investments": 662.0,
    "Inventories": 1602.0,
    "Accounts Receivable Due After More Than One Year": 40.0,
    "Accounts Receivable Due Within One Year": 2612.0,
    "Pension Asset": 476.0,
    "Accounts Payable Due Within One Year": -2682.0,
    "Net Current Assets": 2048.0,
    "Total Assets Less Current Liabilities": 4342.0,
    "Accounts Payable Due After More Than One Year": -200.0,
    "Deferred Tax": -24.0,
    "Other Provisions": -50.0,
    "Total Provisions For Liabilities": -37.0,
    "Pension Liability": -502.0,
    "Net Assets": 3566.0,
    "Called Up Share Capital": 2206.0,
    "Other Reserves": 6.0,
    "Profit And Loss Account": 1354.0,
    "Total Current Assets": 4730.0,
    "Capital And Reserves Total": 1783.0
  },
  "2020": {
    "Intangible Fixed Assets": 14.0,
    "Tangible Fixed Assets": 1916.0,
    "Fixed Asset Investments": 662.0,
    "Total Fixed Assets": 2592.0,
    "Inventories": 1274.0,
    "Accounts Receivable Due After More Than One Year": 26.0,
    "Accounts Receivable Due Within One Year": 2174.0,
    "Pension Asset": 1196.0,
    "Total Current Assets": 4670.0,
    "Accounts Payable Due Within One Year": -2594.0,
    "Net Current Assets": 2076.0,
    "Total Assets Less Current Liabilities": 4668.0,
    "Accounts Payable Due After More Than One Year": -204.0,
    "Deferred Tax": -118.0,
    "Other Provisions": -138.0,
    "Total Provisions For Liabilities": -128.0,
    "Pension Liability": -650.0,
    "Net Assets": 3558.0,
    "Called Up Share Capital": 2206.0,
    "Other Reserves": 6.0,
    "Profit And Loss Account": 1346.0,
    "Capital And Reserves Total": 1779.0
  },
  "2021": {
    "Intangible Fixed Assets": 12.0,
    "Tangible Fixed Assets": 1952.0,
    "Fixed Asset Investments": 662.0,
    "Inventories": 1598.0,
    "Accounts Receivable Due After More Than One Year": 40.0,
    "Accounts Receivable Due Within One Year": 2840.0,
    "Pension Asset": 1350.0,
    "Accounts Payable Due Within One Year": -2778.0,
    "Net Current Assets": 3050.0,
    "Total Assets Less Current Liabilities": 5676.0,
    "Accounts Payable Due After More Than One Year": -204.0,
    "Deferred Tax": -187.0,
    "Other Provisions": -62.0,
    "Pension Liability": -655.0,
    "Net Assets": 4568.0,
    "Called Up Share Capital": 2706.0,
    "Other Reserves": 6.0,
    "Profit And Loss Account": 1856.0,
    "Total Equity": 2284.0
  },
  "2022": {
    "Intangible Fixed Assets": 12.0,
    "Tangible Fixed Assets": 2308.0,
    "Fixed Asset Investments": 448.0,
    "Inventories": 1940.0,
    "Accounts Receivable Due After More Than One Year": 30.0,
    "Accounts Receivable Due Within One Year": 4752.0,
    "Pension Asset": 1090.0,
    "Accounts Payable Due Within One Year": -3368.0,
    "Net Current Assets": 4444.0,
    "Total Assets Less Current Liabilities": 7212.0,
    "Accounts Payable Due After More Than One Year": -204.0,
    "Provisions For Liabilities": 0.0,
    "Deferred Tax": -224.0,
    "Other Provisions": -26.0,
    "Pension Liability": -408.0,
    "Net Assets": 6350.0,
    "Called Up Share Capital": 3066.0,
    "Other Reserves": 6.0,
    "Profit And Loss Account": 3278.0,
    "Total Equity": 6350.0
  },
  "2023": {
    "Intangible Fixed Assets": 22.0,
    "Tangible Fixed Assets": 1422.0,
    "Fixed Asset Investments": 224.0,
    "Inventories": 922.0,
    "Accounts Receivable Due After More Than One Year": 30.0,
    "Accounts Receivable Due Within One Year": 1961.0,
    "Pension Asset": 626.0,
    "Accounts Payable Due Within One Year": -1709.0,
    "Net Current Assets": 1830.0,
    "Total Assets Less Current Liabilities": 3498.0,
    "Accounts Payable Due After More Than One Year": -101.0,
    "Provisions For Liabilities": 0.0,
    "Deferred Tax": -176.0,
    "Other Provisions": 0.0,
    "Pension Liability": -233.0,
    "Net Assets": 2988.0,
    "Called Up Share Capital": 1533.0,
    "Other Reserves": 3.0,
    "Profit And Loss Account": 1452.0,
    "Total Equity": 2988.0
  }
}
```

2025-01-16 13:45:06,119 - INFO - Response after cleaning: 
{
  "2019": {
    "Intangible Fixed Assets": 8.0,
    "Tangible Fixed Assets": 1624.0,
    "Fixed Asset Investments": 662.0,
    "Inventories": 1602.0,
    "Accounts Receivable Due After More Than One Year": 40.0,
    "Accounts Receivable Due Within One Year": 2612.0,
    "Pension Asset": 476.0,
    "Accounts Payable Due Within One Year": -2682.0,
    "Net Current Assets": 2048.0,
    "Total Assets Less Current Liabilities": 4342.0,
    "Accounts Payable Due After More Than One Year": -200.0,
    "Deferred Tax": -24.0,
    "Other Provisions": -50.0,
    "Total Provisions For Liabilities": -37.0,
    "Pension Liability": -502.0,
    "Net Assets": 3566.0,
    "Called Up Share Capital": 2206.0,
    "Other Reserves": 6.0,
    "Profit And Loss Account": 1354.0,
    "Total Current Assets": 4730.0,
    "Capital And Reserves Total": 1783.0
  },
  "2020": {
    "Intangible Fixed Assets": 14.0,
    "Tangible Fixed Assets": 1916.0,
    "Fixed Asset Investments": 662.0,
    "Total Fixed Assets": 2592.0,
    "Inventories": 1274.0,
    "Accounts Receivable Due After More Than One Year": 26.0,
    "Accounts Receivable Due Within One Year": 2174.0,
    "Pension Asset": 1196.0,
    "Total Current Assets": 4670.0,
    "Accounts Payable Due Within One Year": -2594.0,
    "Net Current Assets": 2076.0,
    "Total Assets Less Current Liabilities": 4668.0,
    "Accounts Payable Due After More Than One Year": -204.0,
    "Deferred Tax": -118.0,
    "Other Provisions": -138.0,
    "Total Provisions For Liabilities": -128.0,
    "Pension Liability": -650.0,
    "Net Assets": 3558.0,
    "Called Up Share Capital": 2206.0,
    "Other Reserves": 6.0,
    "Profit And Loss Account": 1346.0,
    "Capital And Reserves Total": 1779.0
  },
  "2021": {
    "Intangible Fixed Assets": 12.0,
    "Tangible Fixed Assets": 1952.0,
    "Fixed Asset Investments": 662.0,
    "Inventories": 1598.0,
    "Accounts Receivable Due After More Than One Year": 40.0,
    "Accounts Receivable Due Within One Year": 2840.0,
    "Pension Asset": 1350.0,
    "Accounts Payable Due Within One Year": -2778.0,
    "Net Current Assets": 3050.0,
    "Total Assets Less Current Liabilities": 5676.0,
    "Accounts Payable Due After More Than One Year": -204.0,
    "Deferred Tax": -187.0,
    "Other Provisions": -62.0,
    "Pension Liability": -655.0,
    "Net Assets": 4568.0,
    "Called Up Share Capital": 2706.0,
    "Other Reserves": 6.0,
    "Profit And Loss Account": 1856.0,
    "Total Equity": 2284.0
  },
  "2022": {
    "Intangible Fixed Assets": 12.0,
    "Tangible Fixed Assets": 2308.0,
    "Fixed Asset Investments": 448.0,
    "Inventories": 1940.0,
    "Accounts Receivable Due After More Than One Year": 30.0,
    "Accounts Receivable Due Within One Year": 4752.0,
    "Pension Asset": 1090.0,
    "Accounts Payable Due Within One Year": -3368.0,
    "Net Current Assets": 4444.0,
    "Total Assets Less Current Liabilities": 7212.0,
    "Accounts Payable Due After More Than One Year": -204.0,
    "Provisions For Liabilities": 0.0,
    "Deferred Tax": -224.0,
    "Other Provisions": -26.0,
    "Pension Liability": -408.0,
    "Net Assets": 6350.0,
    "Called Up Share Capital": 3066.0,
    "Other Reserves": 6.0,
    "Profit And Loss Account": 3278.0,
    "Total Equity": 6350.0
  },
  "2023": {
    "Intangible Fixed Assets": 22.0,
    "Tangible Fixed Assets": 1422.0,
    "Fixed Asset Investments": 224.0,
    "Inventories": 922.0,
    "Accounts Receivable Due After More Than One Year": 30.0,
    "Accounts Receivable Due Within One Year": 1961.0,
    "Pension Asset": 626.0,
    "Accounts Payable Due Within One Year": -1709.0,
    "Net Current Assets": 1830.0,
    "Total Assets Less Current Liabilities": 3498.0,
    "Accounts Payable Due After More Than One Year": -101.0,
    "Provisions For Liabilities": 0.0,
    "Deferred Tax": -176.0,
    "Other Provisions": 0.0,
    "Pension Liability": -233.0,
    "Net Assets": 2988.0,
    "Called Up Share Capital": 1533.0,
    "Other Reserves": 3.0,
    "Profit And Loss Account": 1452.0,
    "Total Equity": 2988.0
  }
}

2025-01-16 13:45:06,120 - INFO - Extracted JSON string: {
  "2019": {
    "Intangible Fixed Assets": 8.0,
    "Tangible Fixed Assets": 1624.0,
    "Fixed Asset Investments": 662.0,
    "Inventories": 1602.0,
    "Accounts Receivable Due After More Than One Year": 40.0,
    "Accounts Receivable Due Within One Year": 2612.0,
    "Pension Asset": 476.0,
    "Accounts Payable Due Within One Year": -2682.0,
    "Net Current Assets": 2048.0,
    "Total Assets Less Current Liabilities": 4342.0,
    "Accounts Payable Due After More Than One Year": -200.0,
    "Deferred Tax": -24.0,
    "Other Provisions": -50.0,
    "Total Provisions For Liabilities": -37.0,
    "Pension Liability": -502.0,
    "Net Assets": 3566.0,
    "Called Up Share Capital": 2206.0,
    "Other Reserves": 6.0,
    "Profit And Loss Account": 1354.0,
    "Total Current Assets": 4730.0,
    "Capital And Reserves Total": 1783.0
  },
  "2020": {
    "Intangible Fixed Assets": 14.0,
    "Tangible Fixed Assets": 1916.0,
    "Fixed Asset Investments": 662.0,
    "Total Fixed Assets": 2592.0,
    "Inventories": 1274.0,
    "Accounts Receivable Due After More Than One Year": 26.0,
    "Accounts Receivable Due Within One Year": 2174.0,
    "Pension Asset": 1196.0,
    "Total Current Assets": 4670.0,
    "Accounts Payable Due Within One Year": -2594.0,
    "Net Current Assets": 2076.0,
    "Total Assets Less Current Liabilities": 4668.0,
    "Accounts Payable Due After More Than One Year": -204.0,
    "Deferred Tax": -118.0,
    "Other Provisions": -138.0,
    "Total Provisions For Liabilities": -128.0,
    "Pension Liability": -650.0,
    "Net Assets": 3558.0,
    "Called Up Share Capital": 2206.0,
    "Other Reserves": 6.0,
    "Profit And Loss Account": 1346.0,
    "Capital And Reserves Total": 1779.0
  },
  "2021": {
    "Intangible Fixed Assets": 12.0,
    "Tangible Fixed Assets": 1952.0,
    "Fixed Asset Investments": 662.0,
    "Inventories": 1598.0,
    "Accounts Receivable Due After More Than One Year": 40.0,
    "Accounts Receivable Due Within One Year": 2840.0,
    "Pension Asset": 1350.0,
    "Accounts Payable Due Within One Year": -2778.0,
    "Net Current Assets": 3050.0,
    "Total Assets Less Current Liabilities": 5676.0,
    "Accounts Payable Due After More Than One Year": -204.0,
    "Deferred Tax": -187.0,
    "Other Provisions": -62.0,
    "Pension Liability": -655.0,
    "Net Assets": 4568.0,
    "Called Up Share Capital": 2706.0,
    "Other Reserves": 6.0,
    "Profit And Loss Account": 1856.0,
    "Total Equity": 2284.0
  },
  "2022": {
    "Intangible Fixed Assets": 12.0,
    "Tangible Fixed Assets": 2308.0,
    "Fixed Asset Investments": 448.0,
    "Inventories": 1940.0,
    "Accounts Receivable Due After More Than One Year": 30.0,
    "Accounts Receivable Due Within One Year": 4752.0,
    "Pension Asset": 1090.0,
    "Accounts Payable Due Within One Year": -3368.0,
    "Net Current Assets": 4444.0,
    "Total Assets Less Current Liabilities": 7212.0,
    "Accounts Payable Due After More Than One Year": -204.0,
    "Provisions For Liabilities": 0.0,
    "Deferred Tax": -224.0,
    "Other Provisions": -26.0,
    "Pension Liability": -408.0,
    "Net Assets": 6350.0,
    "Called Up Share Capital": 3066.0,
    "Other Reserves": 6.0,
    "Profit And Loss Account": 3278.0,
    "Total Equity": 6350.0
  },
  "2023": {
    "Intangible Fixed Assets": 22.0,
    "Tangible Fixed Assets": 1422.0,
    "Fixed Asset Investments": 224.0,
    "Inventories": 922.0,
    "Accounts Receivable Due After More Than One Year": 30.0,
    "Accounts Receivable Due Within One Year": 1961.0,
    "Pension Asset": 626.0,
    "Accounts Payable Due Within One Year": -1709.0,
    "Net Current Assets": 1830.0,
    "Total Assets Less Current Liabilities": 3498.0,
    "Accounts Payable Due After More Than One Year": -101.0,
    "Provisions For Liabilities": 0.0,
    "Deferred Tax": -176.0,
    "Other Provisions": 0.0,
    "Pension Liability": -233.0,
    "Net Assets": 2988.0,
    "Called Up Share Capital": 1533.0,
    "Other Reserves": 3.0,
    "Profit And Loss Account": 1452.0,
    "Total Equity": 2988.0
  }
}
2025-01-16 13:45:06,121 - INFO - [SUCCESS] Processed chunk 2019-2023 for balance_sheet
2025-01-16 13:47:23,681 - INFO - Starting FinState Analyzer
2025-01-16 13:47:23,690 - INFO - Processing file: company_00026538_accounts_2010.pdf with mime type: application/pdf
2025-01-16 13:47:23,691 - INFO - 
==================================================
2025-01-16 13:47:23,691 - INFO - Processing: company_00026538_accounts_2010.pdf
2025-01-16 13:47:23,692 - INFO - ==================================================
2025-01-16 13:47:26,866 - INFO - [SUCCESS] File uploaded successfully
2025-01-16 13:47:27,176 - INFO - Starting FinState Analyzer
2025-01-16 13:47:27,184 - INFO - Processing file: company_00026538_accounts_2010.pdf with mime type: application/pdf
2025-01-16 13:47:27,185 - INFO - 
==================================================
2025-01-16 13:47:27,185 - INFO - Processing: company_00026538_accounts_2010.pdf
2025-01-16 13:47:27,185 - INFO - ==================================================
2025-01-16 13:47:27,517 - INFO - Starting FinState Analyzer
2025-01-16 13:47:27,524 - INFO - Processing file: company_00026538_accounts_2010.pdf with mime type: application/pdf
2025-01-16 13:47:27,524 - INFO - 
==================================================
2025-01-16 13:47:27,524 - INFO - Processing: company_00026538_accounts_2010.pdf
2025-01-16 13:47:27,525 - INFO - ==================================================
2025-01-16 13:47:27,525 - INFO - Starting FinState Analyzer
2025-01-16 13:47:27,558 - INFO - Processing file: company_00026538_accounts_2010.pdf with mime type: application/pdf
2025-01-16 13:47:27,558 - INFO - 
==================================================
2025-01-16 13:47:27,558 - INFO - Processing: company_00026538_accounts_2010.pdf
2025-01-16 13:47:27,558 - INFO - ==================================================
2025-01-16 13:47:27,895 - INFO - Starting FinState Analyzer
2025-01-16 13:47:27,903 - INFO - Processing file: company_00026538_accounts_2010.pdf with mime type: application/pdf
2025-01-16 13:47:27,903 - INFO - 
==================================================
2025-01-16 13:47:27,903 - INFO - Processing: company_00026538_accounts_2010.pdf
2025-01-16 13:47:27,903 - INFO - ==================================================
2025-01-16 13:47:27,904 - INFO - Starting FinState Analyzer
2025-01-16 13:47:27,913 - INFO - Processing file: company_00026538_accounts_2010.pdf with mime type: application/pdf
2025-01-16 13:47:27,913 - INFO - 
==================================================
2025-01-16 13:47:27,913 - INFO - Processing: company_00026538_accounts_2010.pdf
2025-01-16 13:47:27,913 - INFO - ==================================================
2025-01-16 13:47:28,237 - INFO - Starting FinState Analyzer
2025-01-16 13:47:28,244 - INFO - Processing file: company_00026538_accounts_2010.pdf with mime type: application/pdf
2025-01-16 13:47:28,245 - INFO - 
==================================================
2025-01-16 13:47:28,245 - INFO - Processing: company_00026538_accounts_2010.pdf
2025-01-16 13:47:28,245 - INFO - ==================================================
2025-01-16 13:47:28,246 - INFO - Starting FinState Analyzer
2025-01-16 13:47:28,275 - INFO - Processing file: company_00026538_accounts_2010.pdf with mime type: application/pdf
2025-01-16 13:47:28,279 - INFO - 
==================================================
2025-01-16 13:47:28,282 - INFO - Processing: company_00026538_accounts_2010.pdf
2025-01-16 13:47:28,282 - INFO - ==================================================
2025-01-16 13:47:28,452 - INFO - Starting FinState Analyzer
2025-01-16 13:47:28,458 - INFO - Processing file: company_00026538_accounts_2010.pdf with mime type: application/pdf
2025-01-16 13:47:28,459 - INFO - 
==================================================
2025-01-16 13:47:28,459 - INFO - Processing: company_00026538_accounts_2010.pdf
2025-01-16 13:47:28,459 - INFO - ==================================================
2025-01-16 13:47:28,789 - INFO - Starting FinState Analyzer
2025-01-16 13:47:28,796 - INFO - Processing file: company_00026538_accounts_2010.pdf with mime type: application/pdf
2025-01-16 13:47:28,796 - INFO - Starting FinState Analyzer
2025-01-16 13:47:28,797 - INFO - 
==================================================
2025-01-16 13:47:28,806 - INFO - Processing: company_00026538_accounts_2010.pdf
2025-01-16 13:47:28,806 - INFO - ==================================================
2025-01-16 13:47:28,809 - INFO - Processing file: company_00026538_accounts_2010.pdf with mime type: application/pdf
2025-01-16 13:47:28,809 - INFO - 
==================================================
2025-01-16 13:47:28,809 - INFO - Processing: company_00026538_accounts_2010.pdf
2025-01-16 13:47:28,815 - INFO - ==================================================
2025-01-16 13:47:29,140 - INFO - Starting FinState Analyzer
2025-01-16 13:47:29,144 - INFO - Processing file: company_00026538_accounts_2010.pdf with mime type: application/pdf
2025-01-16 13:47:29,144 - INFO - 
==================================================
2025-01-16 13:47:29,146 - INFO - Processing: company_00026538_accounts_2010.pdf
2025-01-16 13:47:29,149 - INFO - ==================================================
2025-01-16 13:47:29,150 - INFO - Starting FinState Analyzer
2025-01-16 13:47:29,161 - INFO - Processing file: company_00026538_accounts_2010.pdf with mime type: application/pdf
2025-01-16 13:47:29,162 - INFO - 
==================================================
2025-01-16 13:47:29,162 - INFO - Processing: company_00026538_accounts_2010.pdf
2025-01-16 13:47:29,162 - INFO - ==================================================
2025-01-16 13:47:29,501 - INFO - Starting FinState Analyzer
2025-01-16 13:47:29,505 - INFO - Processing file: company_00026538_accounts_2010.pdf with mime type: application/pdf
2025-01-16 13:47:29,506 - INFO - Starting FinState Analyzer
2025-01-16 13:47:29,507 - INFO - 
==================================================
2025-01-16 13:47:29,573 - INFO - Processing: company_00026538_accounts_2010.pdf
2025-01-16 13:47:29,577 - INFO - ==================================================
2025-01-16 13:47:30,805 - INFO - [SUCCESS] File uploaded successfully
2025-01-16 13:47:31,920 - INFO - [SUCCESS] File uploaded successfully
2025-01-16 13:47:32,192 - INFO - [SUCCESS] File uploaded successfully
2025-01-16 13:47:32,954 - INFO - [SUCCESS] File uploaded successfully
2025-01-16 13:47:33,634 - INFO - Starting FinState Analyzer
2025-01-16 13:47:34,204 - INFO - [SUCCESS] File uploaded successfully
2025-01-16 13:47:34,229 - INFO - [SUCCESS] File uploaded successfully
2025-01-16 13:47:34,419 - INFO - [SUCCESS] File uploaded successfully
2025-01-16 13:47:34,432 - INFO - [SUCCESS] File uploaded successfully
2025-01-16 13:47:34,496 - INFO - [SUCCESS] File uploaded successfully
2025-01-16 13:47:34,642 - INFO - [SUCCESS] File uploaded successfully
2025-01-16 13:47:34,672 - INFO - [SUCCESS] File uploaded successfully
2025-01-16 13:47:34,672 - INFO - [SUCCESS] File uploaded successfully
2025-01-16 13:47:34,764 - INFO - [SUCCESS] File uploaded successfully
2025-01-16 13:47:34,946 - ERROR - [ERROR] API quota exceeded: 429 Resource has been exhausted (e.g. check quota).
2025-01-16 13:47:35,030 - ERROR - [ERROR] API quota exceeded: 429 Resource has been exhausted (e.g. check quota).
2025-01-16 13:47:35,405 - INFO - [SUCCESS] Cleaned up uploaded file
2025-01-16 13:47:35,405 - WARNING - Failed to process company_00026538_accounts_2010.pdf
2025-01-16 13:47:35,995 - INFO - [SUCCESS] Cleaned up uploaded file
2025-01-16 13:47:35,996 - WARNING - Failed to process company_00026538_accounts_2010.pdf
2025-01-16 13:47:36,927 - INFO - Starting FinState Analyzer
2025-01-16 13:47:40,234 - INFO - [SUCCESS] Successfully parsed JSON response
2025-01-16 13:47:40,234 - INFO - [SUCCESS] Added to consolidation queue (Total: 1)
2025-01-16 13:47:40,729 - INFO - [SUCCESS] Cleaned up uploaded file
2025-01-16 13:47:43,480 - INFO - [SUCCESS] Successfully parsed JSON response
2025-01-16 13:47:43,480 - INFO - [SUCCESS] Added to consolidation queue (Total: 1)
2025-01-16 13:47:43,760 - INFO - [SUCCESS] Successfully parsed JSON response
2025-01-16 13:47:43,760 - INFO - [SUCCESS] Added to consolidation queue (Total: 1)
2025-01-16 13:47:44,059 - INFO - [SUCCESS] Cleaned up uploaded file
2025-01-16 13:47:44,297 - INFO - [SUCCESS] Cleaned up uploaded file
2025-01-16 13:47:44,821 - INFO - [SUCCESS] Successfully parsed JSON response
2025-01-16 13:47:44,822 - INFO - [SUCCESS] Added to consolidation queue (Total: 1)
2025-01-16 13:47:45,423 - INFO - [SUCCESS] Successfully parsed JSON response
2025-01-16 13:47:45,423 - INFO - [SUCCESS] Added to consolidation queue (Total: 1)
2025-01-16 13:47:45,449 - INFO - [SUCCESS] Cleaned up uploaded file
2025-01-16 13:47:45,836 - INFO - [SUCCESS] Cleaned up uploaded file
2025-01-16 13:47:46,295 - INFO - [SUCCESS] Successfully parsed JSON response
2025-01-16 13:47:46,295 - INFO - [SUCCESS] Added to consolidation queue (Total: 1)
2025-01-16 13:47:46,902 - INFO - [SUCCESS] Successfully parsed JSON response
2025-01-16 13:47:46,902 - INFO - [SUCCESS] Added to consolidation queue (Total: 1)
2025-01-16 13:47:46,959 - INFO - [SUCCESS] Cleaned up uploaded file
2025-01-16 13:47:47,069 - INFO - [SUCCESS] Successfully parsed JSON response
2025-01-16 13:47:47,069 - INFO - [SUCCESS] Added to consolidation queue (Total: 1)
2025-01-16 13:47:47,458 - INFO - [SUCCESS] Successfully parsed JSON response
2025-01-16 13:47:47,458 - INFO - [SUCCESS] Added to consolidation queue (Total: 1)
2025-01-16 13:47:47,518 - INFO - [SUCCESS] Successfully parsed JSON response
2025-01-16 13:47:47,518 - INFO - [SUCCESS] Added to consolidation queue (Total: 1)
2025-01-16 13:47:47,542 - INFO - [SUCCESS] Cleaned up uploaded file
2025-01-16 13:47:47,644 - INFO - [SUCCESS] Cleaned up uploaded file
2025-01-16 13:47:47,694 - INFO - [SUCCESS] Successfully parsed JSON response
2025-01-16 13:47:47,694 - INFO - [SUCCESS] Successfully parsed JSON response
2025-01-16 13:47:47,695 - INFO - [SUCCESS] Added to consolidation queue (Total: 1)
2025-01-16 13:47:47,695 - INFO - [SUCCESS] Added to consolidation queue (Total: 1)
2025-01-16 13:47:47,905 - INFO - [SUCCESS] Cleaned up uploaded file
2025-01-16 13:47:47,997 - INFO - [SUCCESS] Cleaned up uploaded file
2025-01-16 13:47:48,340 - INFO - [SUCCESS] Cleaned up uploaded file
2025-01-16 13:47:48,408 - INFO - [SUCCESS] Cleaned up uploaded file
2025-01-16 13:47:55,248 - INFO - Starting FinState Analyzer
2025-01-16 13:47:55,764 - INFO - Starting FinState Analyzer
2025-01-16 13:47:56,218 - INFO - Starting download process for company 00026538
2025-01-16 13:47:56,218 - INFO - Processing page 1...
2025-01-16 13:47:56,657 - INFO - Downloading accounts for year 2023...
2025-01-16 13:47:57,345 - INFO - Successfully downloaded company_00026538_accounts_2023.pdf
2025-01-16 13:47:59,346 - INFO - Downloading accounts for year 2022...
2025-01-16 13:47:59,870 - INFO - Successfully downloaded company_00026538_accounts_2022.pdf
2025-01-16 13:48:01,870 - INFO - Downloading accounts for year 2021...
2025-01-16 13:48:02,282 - INFO - Successfully downloaded company_00026538_accounts_2021.pdf
2025-01-16 13:48:04,284 - INFO - Downloading accounts for year 2020...
2025-01-16 13:48:04,797 - INFO - Successfully downloaded company_00026538_accounts_2020.pdf
2025-01-16 13:48:06,798 - INFO - Downloading accounts for year 2019...
2025-01-16 13:48:07,382 - INFO - Successfully downloaded company_00026538_accounts_2019.pdf
2025-01-16 13:48:11,405 - INFO - Processing page 2...
2025-01-16 13:48:11,699 - INFO - Downloading accounts for year 2018...
2025-01-16 13:48:12,084 - INFO - Successfully downloaded company_00026538_accounts_2018.pdf
2025-01-16 13:48:14,085 - INFO - Downloading accounts for year 2017...
2025-01-16 13:48:14,857 - INFO - Successfully downloaded company_00026538_accounts_2017.pdf
2025-01-16 13:48:16,859 - INFO - Downloading accounts for year 2016...
2025-01-16 13:48:17,226 - INFO - Successfully downloaded company_00026538_accounts_2016.pdf
2025-01-16 13:48:19,228 - INFO - Downloading accounts for year 2015...
2025-01-16 13:48:19,693 - INFO - Successfully downloaded company_00026538_accounts_2015.pdf
2025-01-16 13:48:23,715 - INFO - Processing page 3...
2025-01-16 13:48:23,949 - INFO - Downloading accounts for year 2014...
2025-01-16 13:48:24,267 - INFO - Successfully downloaded company_00026538_accounts_2014.pdf
2025-01-16 13:48:26,268 - INFO - Downloading accounts for year 2013...
2025-01-16 13:48:26,679 - INFO - Successfully downloaded company_00026538_accounts_2013.pdf
2025-01-16 13:48:28,679 - INFO - Downloading accounts for year 2012...
2025-01-16 13:48:28,954 - INFO - Successfully downloaded company_00026538_accounts_2012.pdf
2025-01-16 13:48:32,976 - INFO - Processing page 4...
2025-01-16 13:48:33,253 - INFO - Downloading accounts for year 2011...
2025-01-16 13:48:33,660 - INFO - Successfully downloaded company_00026538_accounts_2011.pdf
2025-01-16 13:48:35,661 - INFO - Downloading accounts for year 2010...
2025-01-16 13:48:36,006 - INFO - Successfully downloaded company_00026538_accounts_2010.pdf
2025-01-16 13:48:38,007 - INFO - Downloading accounts for year 2009...
2025-01-16 13:48:38,432 - INFO - Successfully downloaded company_00026538_accounts_2009.pdf
2025-01-16 13:48:40,433 - INFO - Downloading accounts for year 2008...
2025-01-16 13:48:40,775 - INFO - Successfully downloaded company_00026538_accounts_2008.pdf
2025-01-16 13:48:42,776 - INFO - Downloading accounts for year 2007...
2025-01-16 13:48:43,149 - INFO - Successfully downloaded company_00026538_accounts_2007.pdf
2025-01-16 13:48:47,168 - INFO - Processing page 5...
2025-01-16 13:48:47,408 - INFO - Downloading accounts for year 2006...
2025-01-16 13:48:47,725 - INFO - Successfully downloaded company_00026538_accounts_2006.pdf
2025-01-16 13:48:49,725 - INFO - Downloading accounts for year 2005...
2025-01-16 13:48:50,082 - INFO - Successfully downloaded company_00026538_accounts_2005.pdf
2025-01-16 13:48:52,083 - INFO - Downloading accounts for year 2004...
2025-01-16 13:48:52,374 - INFO - Successfully downloaded company_00026538_accounts_2004.pdf
2025-01-16 13:48:54,375 - INFO - Downloading accounts for year 2003...
2025-01-16 13:48:54,751 - INFO - Successfully downloaded company_00026538_accounts_2003.pdf
2025-01-16 13:48:58,772 - INFO - Processing page 6...
2025-01-16 13:48:59,101 - INFO - Downloading accounts for year 2002...
2025-01-16 13:48:59,496 - INFO - Successfully downloaded company_00026538_accounts_2002.pdf
2025-01-16 13:49:01,498 - INFO - Downloading accounts for year 2001...
2025-01-16 13:49:01,750 - INFO - Successfully downloaded company_00026538_accounts_2001.pdf
2025-01-16 13:49:05,772 - INFO - Processing page 7...
2025-01-16 13:49:08,088 - INFO - Processing page 8...
2025-01-16 13:49:08,399 - INFO - Downloading accounts for year 1993...
2025-01-16 13:49:08,825 - INFO - Successfully downloaded company_00026538_accounts_1993.pdf
2025-01-16 13:49:10,827 - INFO - Downloading accounts for year 1992...
2025-01-16 13:49:11,279 - INFO - Successfully downloaded company_00026538_accounts_1992.pdf
2025-01-16 13:49:15,315 - INFO - Processing page 9...
2025-01-16 13:49:15,624 - INFO - Downloading accounts for year 1990...
2025-01-16 13:49:16,136 - INFO - Successfully downloaded company_00026538_accounts_1990.pdf
2025-01-16 13:49:20,158 - INFO - Processing page 10...
2025-01-16 13:49:20,394 - INFO - Download process complete. Downloaded 26 files.
2025-01-16 13:49:20,396 - INFO - Processing file: company_00026538_accounts_2023.pdf with mime type: application/pdf
2025-01-16 13:49:20,396 - INFO - 
==================================================
2025-01-16 13:49:20,396 - INFO - Processing: company_00026538_accounts_2023.pdf
2025-01-16 13:49:20,398 - INFO - ==================================================
2025-01-16 13:49:24,019 - INFO - [SUCCESS] File uploaded successfully
2025-01-16 13:49:44,655 - INFO - [SUCCESS] Successfully parsed JSON response
2025-01-16 13:49:44,655 - INFO - [SUCCESS] Added to consolidation queue (Total: 1)
2025-01-16 13:49:45,094 - INFO - [SUCCESS] Cleaned up uploaded file
2025-01-16 13:49:45,095 - INFO - Processing file: company_00026538_accounts_2022.pdf with mime type: application/pdf
2025-01-16 13:49:45,095 - INFO - 
==================================================
2025-01-16 13:49:45,095 - INFO - Processing: company_00026538_accounts_2022.pdf
2025-01-16 13:49:45,095 - INFO - ==================================================
2025-01-16 13:49:47,471 - INFO - [SUCCESS] File uploaded successfully
2025-01-16 13:50:09,327 - INFO - [SUCCESS] Successfully parsed JSON response
2025-01-16 13:50:09,327 - INFO - [SUCCESS] Added to consolidation queue (Total: 2)
2025-01-16 13:50:09,811 - INFO - [SUCCESS] Cleaned up uploaded file
2025-01-16 13:50:09,812 - INFO - Processing file: company_00026538_accounts_2021.pdf with mime type: application/pdf
2025-01-16 13:50:09,813 - INFO - 
==================================================
2025-01-16 13:50:09,813 - INFO - Processing: company_00026538_accounts_2021.pdf
2025-01-16 13:50:09,813 - INFO - ==================================================
2025-01-16 13:50:12,206 - INFO - [SUCCESS] File uploaded successfully
2025-01-16 13:50:34,514 - INFO - [SUCCESS] Successfully parsed JSON response
2025-01-16 13:50:34,514 - INFO - [SUCCESS] Added to consolidation queue (Total: 3)
2025-01-16 13:50:35,183 - INFO - [SUCCESS] Cleaned up uploaded file
2025-01-16 13:50:35,184 - INFO - Processing file: company_00026538_accounts_2020.pdf with mime type: application/pdf
2025-01-16 13:50:35,184 - INFO - 
==================================================
2025-01-16 13:50:35,184 - INFO - Processing: company_00026538_accounts_2020.pdf
2025-01-16 13:50:35,185 - INFO - ==================================================
2025-01-16 13:50:37,580 - INFO - [SUCCESS] File uploaded successfully
2025-01-16 13:50:58,635 - INFO - [SUCCESS] Successfully parsed JSON response
2025-01-16 13:50:58,635 - INFO - [SUCCESS] Added to consolidation queue (Total: 4)
2025-01-16 13:50:59,296 - INFO - [SUCCESS] Cleaned up uploaded file
2025-01-16 13:50:59,297 - INFO - Processing file: company_00026538_accounts_2019.pdf with mime type: application/pdf
2025-01-16 13:50:59,297 - INFO - 
==================================================
2025-01-16 13:50:59,298 - INFO - Processing: company_00026538_accounts_2019.pdf
2025-01-16 13:50:59,298 - INFO - ==================================================
2025-01-16 13:51:04,856 - INFO - [SUCCESS] File uploaded successfully
2025-01-16 13:51:25,278 - INFO - [SUCCESS] Successfully parsed JSON response
2025-01-16 13:51:25,278 - INFO - [SUCCESS] Added to consolidation queue (Total: 5)
2025-01-16 13:51:25,704 - INFO - [SUCCESS] Cleaned up uploaded file
2025-01-16 13:51:25,705 - INFO - Processing file: company_00026538_accounts_2018.pdf with mime type: application/pdf
2025-01-16 13:51:25,705 - INFO - 
==================================================
2025-01-16 13:51:25,705 - INFO - Processing: company_00026538_accounts_2018.pdf
2025-01-16 13:51:25,705 - INFO - ==================================================
2025-01-16 13:51:27,703 - INFO - [SUCCESS] File uploaded successfully
2025-01-16 13:51:42,146 - INFO - [SUCCESS] Successfully parsed JSON response
2025-01-16 13:51:42,146 - INFO - [SUCCESS] Added to consolidation queue (Total: 6)
2025-01-16 13:51:42,591 - INFO - [SUCCESS] Cleaned up uploaded file
2025-01-16 13:51:42,592 - INFO - Processing file: company_00026538_accounts_2017.pdf with mime type: application/pdf
2025-01-16 13:51:42,592 - INFO - 
==================================================
2025-01-16 13:51:42,593 - INFO - Processing: company_00026538_accounts_2017.pdf
2025-01-16 13:51:42,593 - INFO - ==================================================
2025-01-16 13:51:44,741 - INFO - [SUCCESS] File uploaded successfully
2025-01-16 13:52:00,569 - INFO - [SUCCESS] Successfully parsed JSON response
2025-01-16 13:52:00,569 - INFO - [SUCCESS] Added to consolidation queue (Total: 7)
2025-01-16 13:52:01,240 - INFO - [SUCCESS] Cleaned up uploaded file
2025-01-16 13:52:01,241 - INFO - Processing file: company_00026538_accounts_2016.pdf with mime type: application/pdf
2025-01-16 13:52:01,241 - INFO - 
==================================================
2025-01-16 13:52:01,241 - INFO - Processing: company_00026538_accounts_2016.pdf
2025-01-16 13:52:01,241 - INFO - ==================================================
2025-01-16 13:52:03,027 - INFO - [SUCCESS] File uploaded successfully
2025-01-16 13:52:15,443 - INFO - [SUCCESS] Successfully parsed JSON response
2025-01-16 13:52:15,443 - INFO - [SUCCESS] Added to consolidation queue (Total: 8)
2025-01-16 13:52:15,831 - INFO - [SUCCESS] Cleaned up uploaded file
2025-01-16 13:52:15,834 - INFO - Processing file: company_00026538_accounts_2015.pdf with mime type: application/pdf
2025-01-16 13:52:15,835 - INFO - 
==================================================
2025-01-16 13:52:15,835 - INFO - Processing: company_00026538_accounts_2015.pdf
2025-01-16 13:52:15,836 - INFO - ==================================================
2025-01-16 13:52:17,889 - INFO - [SUCCESS] File uploaded successfully
2025-01-16 13:52:31,443 - INFO - [SUCCESS] Successfully parsed JSON response
2025-01-16 13:52:31,444 - INFO - [SUCCESS] Added to consolidation queue (Total: 9)
2025-01-16 13:52:32,102 - INFO - [SUCCESS] Cleaned up uploaded file
2025-01-16 13:52:32,103 - INFO - Processing file: company_00026538_accounts_2014.pdf with mime type: application/pdf
2025-01-16 13:52:32,103 - INFO - 
==================================================
2025-01-16 13:52:32,103 - INFO - Processing: company_00026538_accounts_2014.pdf
2025-01-16 13:52:32,103 - INFO - ==================================================
2025-01-16 13:52:34,103 - INFO - [SUCCESS] File uploaded successfully
2025-01-16 13:52:48,406 - INFO - [SUCCESS] Successfully parsed JSON response
2025-01-16 13:52:48,406 - INFO - [SUCCESS] Added to consolidation queue (Total: 10)
2025-01-16 13:52:49,197 - INFO - [SUCCESS] Cleaned up uploaded file
2025-01-16 13:52:49,201 - INFO - Processing file: company_00026538_accounts_2013.pdf with mime type: application/pdf
2025-01-16 13:52:49,202 - INFO - 
==================================================
2025-01-16 13:52:49,203 - INFO - Processing: company_00026538_accounts_2013.pdf
2025-01-16 13:52:49,204 - INFO - ==================================================
2025-01-16 13:52:51,093 - INFO - [SUCCESS] File uploaded successfully
2025-01-16 13:53:02,987 - INFO - [SUCCESS] Successfully parsed JSON response
2025-01-16 13:53:02,987 - INFO - [SUCCESS] Added to consolidation queue (Total: 11)
2025-01-16 13:53:03,791 - INFO - [SUCCESS] Cleaned up uploaded file
2025-01-16 13:53:03,792 - INFO - Processing file: company_00026538_accounts_2012.pdf with mime type: application/pdf
2025-01-16 13:53:03,792 - INFO - 
==================================================
2025-01-16 13:53:03,793 - INFO - Processing: company_00026538_accounts_2012.pdf
2025-01-16 13:53:03,793 - INFO - ==================================================
2025-01-16 13:53:05,546 - INFO - [SUCCESS] File uploaded successfully
2025-01-16 13:53:17,081 - INFO - [SUCCESS] Successfully parsed JSON response
2025-01-16 13:53:17,081 - INFO - [SUCCESS] Added to consolidation queue (Total: 12)
2025-01-16 13:53:17,703 - INFO - [SUCCESS] Cleaned up uploaded file
2025-01-16 13:53:17,705 - INFO - Processing file: company_00026538_accounts_2011.pdf with mime type: application/pdf
2025-01-16 13:53:17,706 - INFO - 
==================================================
2025-01-16 13:53:17,706 - INFO - Processing: company_00026538_accounts_2011.pdf
2025-01-16 13:53:17,706 - INFO - ==================================================
2025-01-16 13:53:20,073 - INFO - [SUCCESS] File uploaded successfully
2025-01-16 13:53:32,086 - INFO - [SUCCESS] Successfully parsed JSON response
2025-01-16 13:53:32,087 - INFO - [SUCCESS] Added to consolidation queue (Total: 13)
2025-01-16 13:53:32,868 - INFO - [SUCCESS] Cleaned up uploaded file
2025-01-16 13:53:32,869 - INFO - Processing file: company_00026538_accounts_2010.pdf with mime type: application/pdf
2025-01-16 13:53:32,870 - INFO - 
==================================================
2025-01-16 13:53:32,870 - INFO - Processing: company_00026538_accounts_2010.pdf
2025-01-16 13:53:32,870 - INFO - ==================================================
2025-01-16 13:53:34,593 - INFO - [SUCCESS] File uploaded successfully
2025-01-16 13:53:47,316 - INFO - [SUCCESS] Successfully parsed JSON response
2025-01-16 13:53:47,316 - INFO - [SUCCESS] Added to consolidation queue (Total: 14)
2025-01-16 13:53:48,035 - INFO - [SUCCESS] Cleaned up uploaded file
2025-01-16 13:53:48,036 - INFO - Processing file: company_00026538_accounts_2009.pdf with mime type: application/pdf
2025-01-16 13:53:48,037 - INFO - 
==================================================
2025-01-16 13:53:48,037 - INFO - Processing: company_00026538_accounts_2009.pdf
2025-01-16 13:53:48,037 - INFO - ==================================================
2025-01-16 13:53:49,883 - INFO - [SUCCESS] File uploaded successfully
2025-01-16 13:54:03,088 - INFO - [SUCCESS] Successfully parsed JSON response
2025-01-16 13:54:03,088 - INFO - [SUCCESS] Added to consolidation queue (Total: 15)
2025-01-16 13:54:03,781 - INFO - [SUCCESS] Cleaned up uploaded file
2025-01-16 13:54:03,782 - INFO - Processing file: company_00026538_accounts_2008.pdf with mime type: application/pdf
2025-01-16 13:54:03,782 - INFO - 
==================================================
2025-01-16 13:54:03,782 - INFO - Processing: company_00026538_accounts_2008.pdf
2025-01-16 13:54:03,783 - INFO - ==================================================
2025-01-16 13:54:05,557 - INFO - [SUCCESS] File uploaded successfully
2025-01-16 13:54:19,047 - INFO - [SUCCESS] Successfully parsed JSON response
2025-01-16 13:54:19,047 - INFO - [SUCCESS] Added to consolidation queue (Total: 16)
2025-01-16 13:54:19,837 - INFO - [SUCCESS] Cleaned up uploaded file
2025-01-16 13:54:19,838 - INFO - Processing file: company_00026538_accounts_2007.pdf with mime type: application/pdf
2025-01-16 13:54:19,839 - INFO - 
==================================================
2025-01-16 13:54:19,839 - INFO - Processing: company_00026538_accounts_2007.pdf
2025-01-16 13:54:19,839 - INFO - ==================================================
2025-01-16 13:54:22,124 - INFO - [SUCCESS] File uploaded successfully
2025-01-16 13:54:37,029 - INFO - [SUCCESS] Successfully parsed JSON response
2025-01-16 13:54:37,030 - INFO - [SUCCESS] Added to consolidation queue (Total: 17)
2025-01-16 13:54:37,506 - INFO - [SUCCESS] Cleaned up uploaded file
2025-01-16 13:54:37,507 - INFO - Processing file: company_00026538_accounts_2006.pdf with mime type: application/pdf
2025-01-16 13:54:37,508 - INFO - 
==================================================
2025-01-16 13:54:37,508 - INFO - Processing: company_00026538_accounts_2006.pdf
2025-01-16 13:54:37,508 - INFO - ==================================================
2025-01-16 13:54:39,134 - INFO - [SUCCESS] File uploaded successfully
2025-01-16 13:54:52,293 - INFO - [SUCCESS] Successfully parsed JSON response
2025-01-16 13:54:52,293 - INFO - [SUCCESS] Added to consolidation queue (Total: 18)
2025-01-16 13:54:52,739 - INFO - [SUCCESS] Cleaned up uploaded file
2025-01-16 13:54:52,740 - INFO - Processing file: company_00026538_accounts_2005.pdf with mime type: application/pdf
2025-01-16 13:54:52,740 - INFO - 
==================================================
2025-01-16 13:54:52,740 - INFO - Processing: company_00026538_accounts_2005.pdf
2025-01-16 13:54:52,741 - INFO - ==================================================
2025-01-16 13:54:54,593 - INFO - [SUCCESS] File uploaded successfully
2025-01-16 13:55:07,670 - INFO - [SUCCESS] Successfully parsed JSON response
2025-01-16 13:55:07,671 - INFO - [SUCCESS] Added to consolidation queue (Total: 19)
2025-01-16 13:55:08,437 - INFO - [SUCCESS] Cleaned up uploaded file
2025-01-16 13:55:08,438 - INFO - Processing file: company_00026538_accounts_2004.pdf with mime type: application/pdf
2025-01-16 13:55:08,438 - INFO - 
==================================================
2025-01-16 13:55:08,439 - INFO - Processing: company_00026538_accounts_2004.pdf
2025-01-16 13:55:08,439 - INFO - ==================================================
2025-01-16 13:55:10,243 - INFO - [SUCCESS] File uploaded successfully
2025-01-16 13:55:26,234 - INFO - [SUCCESS] Successfully parsed JSON response
2025-01-16 13:55:26,234 - INFO - [SUCCESS] Added to consolidation queue (Total: 20)
2025-01-16 13:55:27,036 - INFO - [SUCCESS] Cleaned up uploaded file
2025-01-16 13:55:27,038 - INFO - Processing file: company_00026538_accounts_2003.pdf with mime type: application/pdf
2025-01-16 13:55:27,038 - INFO - 
==================================================
2025-01-16 13:55:27,039 - INFO - Processing: company_00026538_accounts_2003.pdf
2025-01-16 13:55:27,039 - INFO - ==================================================
2025-01-16 13:55:28,723 - INFO - [SUCCESS] File uploaded successfully
2025-01-16 13:55:41,302 - INFO - [SUCCESS] Successfully parsed JSON response
2025-01-16 13:55:41,302 - INFO - [SUCCESS] Added to consolidation queue (Total: 21)
2025-01-16 13:55:42,010 - INFO - [SUCCESS] Cleaned up uploaded file
2025-01-16 13:55:42,011 - INFO - Processing file: company_00026538_accounts_2002.pdf with mime type: application/pdf
2025-01-16 13:55:42,011 - INFO - 
==================================================
2025-01-16 13:55:42,011 - INFO - Processing: company_00026538_accounts_2002.pdf
2025-01-16 13:55:42,011 - INFO - ==================================================
2025-01-16 13:55:43,632 - INFO - [SUCCESS] File uploaded successfully
2025-01-16 13:55:55,273 - INFO - [SUCCESS] Successfully parsed JSON response
2025-01-16 13:55:55,273 - INFO - [SUCCESS] Added to consolidation queue (Total: 22)
2025-01-16 13:55:55,778 - INFO - [SUCCESS] Cleaned up uploaded file
2025-01-16 13:55:55,780 - INFO - Processing file: company_00026538_accounts_2001.pdf with mime type: application/pdf
2025-01-16 13:55:55,780 - INFO - 
==================================================
2025-01-16 13:55:55,780 - INFO - Processing: company_00026538_accounts_2001.pdf
2025-01-16 13:55:55,780 - INFO - ==================================================
2025-01-16 13:55:57,434 - INFO - [SUCCESS] File uploaded successfully
2025-01-16 13:56:10,184 - INFO - [SUCCESS] Successfully parsed JSON response
2025-01-16 13:56:10,184 - INFO - [SUCCESS] Added to consolidation queue (Total: 23)
2025-01-16 13:56:10,791 - INFO - [SUCCESS] Cleaned up uploaded file
2025-01-16 13:56:10,793 - INFO - Processing file: company_00026538_accounts_1993.pdf with mime type: application/pdf
2025-01-16 13:56:10,793 - INFO - 
==================================================
2025-01-16 13:56:10,793 - INFO - Processing: company_00026538_accounts_1993.pdf
2025-01-16 13:56:10,793 - INFO - ==================================================
2025-01-16 13:56:12,865 - INFO - [SUCCESS] File uploaded successfully
2025-01-16 13:56:25,505 - INFO - [SUCCESS] Successfully parsed JSON response
2025-01-16 13:56:25,506 - INFO - [SUCCESS] Added to consolidation queue (Total: 24)
2025-01-16 13:56:26,153 - INFO - [SUCCESS] Cleaned up uploaded file
2025-01-16 13:56:26,155 - INFO - Processing file: company_00026538_accounts_1992.pdf with mime type: application/pdf
2025-01-16 13:56:26,155 - INFO - 
==================================================
2025-01-16 13:56:26,155 - INFO - Processing: company_00026538_accounts_1992.pdf
2025-01-16 13:56:26,155 - INFO - ==================================================
2025-01-16 13:56:27,803 - INFO - [SUCCESS] File uploaded successfully
2025-01-16 13:56:39,866 - INFO - [SUCCESS] Successfully parsed JSON response
2025-01-16 13:56:39,866 - INFO - [SUCCESS] Added to consolidation queue (Total: 25)
2025-01-16 13:56:40,780 - INFO - [SUCCESS] Cleaned up uploaded file
2025-01-16 13:56:40,781 - INFO - Processing file: company_00026538_accounts_1990.pdf with mime type: application/pdf
2025-01-16 13:56:40,782 - INFO - 
==================================================
2025-01-16 13:56:40,782 - INFO - Processing: company_00026538_accounts_1990.pdf
2025-01-16 13:56:40,782 - INFO - ==================================================
2025-01-16 13:56:43,278 - INFO - [SUCCESS] File uploaded successfully
2025-01-16 13:56:58,637 - INFO - [SUCCESS] Successfully parsed JSON response
2025-01-16 13:56:58,637 - INFO - [SUCCESS] Added to consolidation queue (Total: 26)
2025-01-16 13:56:59,437 - INFO - [SUCCESS] Cleaned up uploaded file
2025-01-16 13:57:12,008 - INFO - [SUCCESS] Created standardized mapping for 108 profit_and_loss line items
2025-01-16 13:57:21,937 - INFO - Raw response for profit_and_loss chunk ['1989', '1990', '1991', '1992', '1993']:
2025-01-16 13:57:21,937 - INFO - Response before cleaning: ```json
{
  "1989": {
    "Gross Turnover": 4466.3,
    "Excise Duties And Vat": -1994.9,
    "Net Turnover": 2471.4,
    "Cost Of Sales": -1967.2,
    "Gross Profit": 504.2,
    "Distribution Costs": -300.6,
    "Administrative Expenses": -24.7,
    "Interest Receivable": 10.7,
    "Interest Payable": -88.1,
    "Profit Before Taxation": 101.5,
    "Tax On Profit": -6.4,
    "Profit After Taxation": 95.1,
    "Minority Interest": -2.1,
    "Profit": 93.0,
    "Amounts Added To Reserves": -79.0,
    "Dividends Paid": 14.0
  },
  "1990": {
    "Gross Turnover": 4765.1,
    "Excise Duties And Vat": -2173.8,
    "Net Turnover": 2591.3,
    "Cost Of Sales": -2019.5,
    "Gross Profit": 571.8,
    "Distribution Costs": -307.7,
    "Administrative Expenses": -32.7,
    "Interest Receivable": 21.0,
    "Interest Payable": -133.8,
    "Profit Before Taxation": 118.6,
    "Tax On Profit": -3.5,
    "Profit After Taxation": 115.1,
    "Minority Interest": -2.4,
    "Profit": 112.7,
    "Amounts Added To Reserves": -112.7,
    "Dividends Paid": 0.0
  },
  "1991": {
    "Gross Turnover": 5042.7,
    "Excise Duties And Vat": -2555.7,
    "Net Turnover": 2487.0,
    "Cost Of Sales": -1943.5,
    "Gross Profit": 543.5,
    "Distribution Costs": -376.8,
    "Administrative Expenses": -36.9,
    "Operating Profit": 129.8,
    "Income From Shares In Group Undertakings": 0.0,
    "Amounts Written Off Investments": 0.0,
    "Interest Receivable": 30.9,
    "Interest Payable": -124.9,
    "Profit Before Taxation": 35.8,
    "Tax On Profit": -6.3,
    "Profit After Taxation": 29.5,
    "Minority Interest": -3.5,
    "Profit Attributable To Shareholders": 26.0,
    "Amounts Transferred From Added To Reserves": -16.0,
    "Dividends Paid": 10.0
  },
  "1992": {
    "Gross Turnover Continuing Operations": 5054.0,
    "Excise Duties And Vat": -2647.5,
    "Net Turnover": 2406.5,
    "Cost Of Sales": -1908.1,
    "Gross Profit": 996.8,
    "Distribution Costs": -689.8,
    "Administrative Expenses": -76.0,
    "Operating Profit Continuing Operations": 115.5,
    "Operating Profit": 115.5,
    "Income From Shares In Group Undertakings": 0.0,
    "Amounts Written Off Fixed Asset Investments": 0.0,
    "Amounts Written Off Investments": 0.0,
    "Interest Receivable": 34.4,
    "Interest Payable": -200.2,
    "Profit Before Taxation": 65.2,
    "Tax On Profit": -12.0,
    "Profit After Taxation": 53.2,
    "Minority Interest": -5.2,
    "Profit Attributable To Shareholders": 48.0,
    "Amounts Transferred From Added To Reserves": 4.0,
    "Dividends Paid": 56.0
  },
  "1993": {
    "Gross Turnover Continuing Operations": 5186.6,
    "Excise Duties And Vat": -2870.1,
    "Net Turnover": 2316.5,
    "Cost Of Sales": -1776.5,
    "Gross Profit": 540.0,
    "Distribution Costs": -341.9,
    "Administrative Expenses": -34.9,
    "Operating Profit Continuing Operations": 163.2,
    "Income From Shares In Group Undertakings": 0.0,
    "Amounts Written Off Fixed Asset Investments": 0.0,
    "Interest Receivable": 5.9,
    "Interest Payable": -63.6,
    "Profit Before Taxation": 105.5,
    "Tax On Profit": -22.7,
    "Profit After Taxation": 82.8,
    "Minority Interest": -2.7,
    "Profit Attributable To Shareholders": 80.1,
    "Amounts Transferred From Added To Reserves": -70.1,
    "Dividends Paid": 10.0
  }
}
```

2025-01-16 13:57:21,938 - INFO - Response after cleaning: 
{
  "1989": {
    "Gross Turnover": 4466.3,
    "Excise Duties And Vat": -1994.9,
    "Net Turnover": 2471.4,
    "Cost Of Sales": -1967.2,
    "Gross Profit": 504.2,
    "Distribution Costs": -300.6,
    "Administrative Expenses": -24.7,
    "Interest Receivable": 10.7,
    "Interest Payable": -88.1,
    "Profit Before Taxation": 101.5,
    "Tax On Profit": -6.4,
    "Profit After Taxation": 95.1,
    "Minority Interest": -2.1,
    "Profit": 93.0,
    "Amounts Added To Reserves": -79.0,
    "Dividends Paid": 14.0
  },
  "1990": {
    "Gross Turnover": 4765.1,
    "Excise Duties And Vat": -2173.8,
    "Net Turnover": 2591.3,
    "Cost Of Sales": -2019.5,
    "Gross Profit": 571.8,
    "Distribution Costs": -307.7,
    "Administrative Expenses": -32.7,
    "Interest Receivable": 21.0,
    "Interest Payable": -133.8,
    "Profit Before Taxation": 118.6,
    "Tax On Profit": -3.5,
    "Profit After Taxation": 115.1,
    "Minority Interest": -2.4,
    "Profit": 112.7,
    "Amounts Added To Reserves": -112.7,
    "Dividends Paid": 0.0
  },
  "1991": {
    "Gross Turnover": 5042.7,
    "Excise Duties And Vat": -2555.7,
    "Net Turnover": 2487.0,
    "Cost Of Sales": -1943.5,
    "Gross Profit": 543.5,
    "Distribution Costs": -376.8,
    "Administrative Expenses": -36.9,
    "Operating Profit": 129.8,
    "Income From Shares In Group Undertakings": 0.0,
    "Amounts Written Off Investments": 0.0,
    "Interest Receivable": 30.9,
    "Interest Payable": -124.9,
    "Profit Before Taxation": 35.8,
    "Tax On Profit": -6.3,
    "Profit After Taxation": 29.5,
    "Minority Interest": -3.5,
    "Profit Attributable To Shareholders": 26.0,
    "Amounts Transferred From Added To Reserves": -16.0,
    "Dividends Paid": 10.0
  },
  "1992": {
    "Gross Turnover Continuing Operations": 5054.0,
    "Excise Duties And Vat": -2647.5,
    "Net Turnover": 2406.5,
    "Cost Of Sales": -1908.1,
    "Gross Profit": 996.8,
    "Distribution Costs": -689.8,
    "Administrative Expenses": -76.0,
    "Operating Profit Continuing Operations": 115.5,
    "Operating Profit": 115.5,
    "Income From Shares In Group Undertakings": 0.0,
    "Amounts Written Off Fixed Asset Investments": 0.0,
    "Amounts Written Off Investments": 0.0,
    "Interest Receivable": 34.4,
    "Interest Payable": -200.2,
    "Profit Before Taxation": 65.2,
    "Tax On Profit": -12.0,
    "Profit After Taxation": 53.2,
    "Minority Interest": -5.2,
    "Profit Attributable To Shareholders": 48.0,
    "Amounts Transferred From Added To Reserves": 4.0,
    "Dividends Paid": 56.0
  },
  "1993": {
    "Gross Turnover Continuing Operations": 5186.6,
    "Excise Duties And Vat": -2870.1,
    "Net Turnover": 2316.5,
    "Cost Of Sales": -1776.5,
    "Gross Profit": 540.0,
    "Distribution Costs": -341.9,
    "Administrative Expenses": -34.9,
    "Operating Profit Continuing Operations": 163.2,
    "Income From Shares In Group Undertakings": 0.0,
    "Amounts Written Off Fixed Asset Investments": 0.0,
    "Interest Receivable": 5.9,
    "Interest Payable": -63.6,
    "Profit Before Taxation": 105.5,
    "Tax On Profit": -22.7,
    "Profit After Taxation": 82.8,
    "Minority Interest": -2.7,
    "Profit Attributable To Shareholders": 80.1,
    "Amounts Transferred From Added To Reserves": -70.1,
    "Dividends Paid": 10.0
  }
}

2025-01-16 13:57:21,939 - INFO - Extracted JSON string: {
  "1989": {
    "Gross Turnover": 4466.3,
    "Excise Duties And Vat": -1994.9,
    "Net Turnover": 2471.4,
    "Cost Of Sales": -1967.2,
    "Gross Profit": 504.2,
    "Distribution Costs": -300.6,
    "Administrative Expenses": -24.7,
    "Interest Receivable": 10.7,
    "Interest Payable": -88.1,
    "Profit Before Taxation": 101.5,
    "Tax On Profit": -6.4,
    "Profit After Taxation": 95.1,
    "Minority Interest": -2.1,
    "Profit": 93.0,
    "Amounts Added To Reserves": -79.0,
    "Dividends Paid": 14.0
  },
  "1990": {
    "Gross Turnover": 4765.1,
    "Excise Duties And Vat": -2173.8,
    "Net Turnover": 2591.3,
    "Cost Of Sales": -2019.5,
    "Gross Profit": 571.8,
    "Distribution Costs": -307.7,
    "Administrative Expenses": -32.7,
    "Interest Receivable": 21.0,
    "Interest Payable": -133.8,
    "Profit Before Taxation": 118.6,
    "Tax On Profit": -3.5,
    "Profit After Taxation": 115.1,
    "Minority Interest": -2.4,
    "Profit": 112.7,
    "Amounts Added To Reserves": -112.7,
    "Dividends Paid": 0.0
  },
  "1991": {
    "Gross Turnover": 5042.7,
    "Excise Duties And Vat": -2555.7,
    "Net Turnover": 2487.0,
    "Cost Of Sales": -1943.5,
    "Gross Profit": 543.5,
    "Distribution Costs": -376.8,
    "Administrative Expenses": -36.9,
    "Operating Profit": 129.8,
    "Income From Shares In Group Undertakings": 0.0,
    "Amounts Written Off Investments": 0.0,
    "Interest Receivable": 30.9,
    "Interest Payable": -124.9,
    "Profit Before Taxation": 35.8,
    "Tax On Profit": -6.3,
    "Profit After Taxation": 29.5,
    "Minority Interest": -3.5,
    "Profit Attributable To Shareholders": 26.0,
    "Amounts Transferred From Added To Reserves": -16.0,
    "Dividends Paid": 10.0
  },
  "1992": {
    "Gross Turnover Continuing Operations": 5054.0,
    "Excise Duties And Vat": -2647.5,
    "Net Turnover": 2406.5,
    "Cost Of Sales": -1908.1,
    "Gross Profit": 996.8,
    "Distribution Costs": -689.8,
    "Administrative Expenses": -76.0,
    "Operating Profit Continuing Operations": 115.5,
    "Operating Profit": 115.5,
    "Income From Shares In Group Undertakings": 0.0,
    "Amounts Written Off Fixed Asset Investments": 0.0,
    "Amounts Written Off Investments": 0.0,
    "Interest Receivable": 34.4,
    "Interest Payable": -200.2,
    "Profit Before Taxation": 65.2,
    "Tax On Profit": -12.0,
    "Profit After Taxation": 53.2,
    "Minority Interest": -5.2,
    "Profit Attributable To Shareholders": 48.0,
    "Amounts Transferred From Added To Reserves": 4.0,
    "Dividends Paid": 56.0
  },
  "1993": {
    "Gross Turnover Continuing Operations": 5186.6,
    "Excise Duties And Vat": -2870.1,
    "Net Turnover": 2316.5,
    "Cost Of Sales": -1776.5,
    "Gross Profit": 540.0,
    "Distribution Costs": -341.9,
    "Administrative Expenses": -34.9,
    "Operating Profit Continuing Operations": 163.2,
    "Income From Shares In Group Undertakings": 0.0,
    "Amounts Written Off Fixed Asset Investments": 0.0,
    "Interest Receivable": 5.9,
    "Interest Payable": -63.6,
    "Profit Before Taxation": 105.5,
    "Tax On Profit": -22.7,
    "Profit After Taxation": 82.8,
    "Minority Interest": -2.7,
    "Profit Attributable To Shareholders": 80.1,
    "Amounts Transferred From Added To Reserves": -70.1,
    "Dividends Paid": 10.0
  }
}
2025-01-16 13:57:21,940 - INFO - [SUCCESS] Processed chunk 1989-1993 for profit_and_loss
2025-01-16 13:57:31,689 - INFO - Raw response for profit_and_loss chunk ['2000', '2001', '2002', '2003', '2004']:
2025-01-16 13:57:31,689 - INFO - Response before cleaning: ```json
{
  "2000": {
    "Turnover Continuing Operations": 9137.1,
    "Excise Duties And Vat": -5021.8,
    "Net Turnover": 4115.3,
    "Cost Of Sales": -3642.0,
    "Gross Profit": 473.3,
    "Distribution Costs": -298.2,
    "Administrative Expenses": -52.3,
    "Operating Profit Continuing Operations": 122.8,
    "Income From Shares In Group Undertakings": 5.8,
    "Income From Fixed Asset Investments": 0.3,
    "Interest Receivable And Similar Income": 23.2,
    "Interest Payable And Similar Charges": -68.9,
    "Loss Before Taxation": 83.2,
    "Tax On Profit": -41.8,
    "Loss": 41.4,
    "Amounts Released To Reserves": 41.4
  },
  "2001": {
    "Turnover": 9242.2,
    "Excise Duties And Vat": -5617.0,
    "Net Turnover": 3625.2,
    "Cost Of Sales": -3365.6,
    "Gross Profit": 259.6,
    "Distribution Costs": -307.6,
    "Administrative Expenses": -87.9,
    "Operating Loss": -135.9,
    "Income From Shares In Group Undertakings": 6.4,
    "Income From Fixed Asset Investments": 0.7,
    "Interest Receivable And Similar Income": 14.9,
    "Interest Payable And Similar Charges": -60.4,
    "Loss Before Taxation": -174.3,
    "Taxation On Loss": 8.9,
    "Loss": -165.4,
    "Amounts Released From Reserves": -165.4,
    "Operating Profit Continuing Operations": -135.9,
    "Tax On Profit": 0.2,
    "Amounts Released To Reserves": -174.1
  },
  "2002": {
    "Gross Turnover": 8803.1,
    "Excise Duties And Vat": -5565.6,
    "Turnover": 3237.5,
    "Cost Of Sales": -2944.1,
    "Gross Profit": 293.4,
    "Distribution Costs": -289.8,
    "Administrative Expenses": -67.6,
    "Operating Profit": -64.0,
    "Income From Shares In Group Undertakings": 6.1,
    "Income From Fixed Asset Investments": 0.6,
    "Interest Receivable And Similar Income": 2.9,
    "Interest Payable And Similar Charges": -39.2,
    "Loss Before Taxation": -93.6,
    "Tax On Profit": 14.5,
    "Loss": -79.1,
    "Amounts Released To Reserves": -79.1
  },
  "2003": {
    "Gross Revenue": 9284.7,
    "Excise Duties And Vat": -5589.3,
    "Turnover": 3695.4,
    "Cost Of Sales": -3360.0,
    "Gross Profit": 335.4,
    "Distribution Costs": -590.7,
    "Administrative Expenses": -22.0,
    "Operating Profit": 36.1,
    "Income From Shares In Group Undertakings": 2.9,
    "Income From Fixed Asset Investments": 1.3,
    "Profit On Sale Of Fixed Assets": 22.7,
    "Profit Before Interest And Taxation": 33.6,
    "Interest Receivable And Similar Income": 7.2,
    "Interest Payable And Similar Charges": -27.6,
    "Profit Before Taxation": 13.2,
    "Tax On Profit": -1.4,
    "Profit And Retained Profit": 11.8,
    "Amounts Released To Reserves": 11.8
  },
  "2004": {
    "Turnover": 8854.2,
    "Cost Of Sales": -7805.7,
    "Gross Profit": 1048.5,
    "Distribution Costs": -575.8,
    "Administrative Expenses": -40.0,
    "Operating Profit": 432.7,
    "Income From Shares In Group Undertakings": 4.0,
    "Income From Fixed Asset Investments": 2.6,
    "Profit On Sale Of Fixed Assets": 54.8,
    "Profit Before Interest And Taxation": 494.1,
    "Interest Receivable And Similar Income": 25.2,
    "Interest Payable And Similar Charges": -71.4,
    "Other Finance Charges": -4.3,
    "Profit Before Taxation": 443.6,
    "Tax On Profit": -152.9,
    "Profit": 290.7,
    "Gross Revenue": 9885.3,
    "Excise Duties And Vat": -5458.2
  }
}
```

2025-01-16 13:57:31,690 - INFO - Response after cleaning: 
{
  "2000": {
    "Turnover Continuing Operations": 9137.1,
    "Excise Duties And Vat": -5021.8,
    "Net Turnover": 4115.3,
    "Cost Of Sales": -3642.0,
    "Gross Profit": 473.3,
    "Distribution Costs": -298.2,
    "Administrative Expenses": -52.3,
    "Operating Profit Continuing Operations": 122.8,
    "Income From Shares In Group Undertakings": 5.8,
    "Income From Fixed Asset Investments": 0.3,
    "Interest Receivable And Similar Income": 23.2,
    "Interest Payable And Similar Charges": -68.9,
    "Loss Before Taxation": 83.2,
    "Tax On Profit": -41.8,
    "Loss": 41.4,
    "Amounts Released To Reserves": 41.4
  },
  "2001": {
    "Turnover": 9242.2,
    "Excise Duties And Vat": -5617.0,
    "Net Turnover": 3625.2,
    "Cost Of Sales": -3365.6,
    "Gross Profit": 259.6,
    "Distribution Costs": -307.6,
    "Administrative Expenses": -87.9,
    "Operating Loss": -135.9,
    "Income From Shares In Group Undertakings": 6.4,
    "Income From Fixed Asset Investments": 0.7,
    "Interest Receivable And Similar Income": 14.9,
    "Interest Payable And Similar Charges": -60.4,
    "Loss Before Taxation": -174.3,
    "Taxation On Loss": 8.9,
    "Loss": -165.4,
    "Amounts Released From Reserves": -165.4,
    "Operating Profit Continuing Operations": -135.9,
    "Tax On Profit": 0.2,
    "Amounts Released To Reserves": -174.1
  },
  "2002": {
    "Gross Turnover": 8803.1,
    "Excise Duties And Vat": -5565.6,
    "Turnover": 3237.5,
    "Cost Of Sales": -2944.1,
    "Gross Profit": 293.4,
    "Distribution Costs": -289.8,
    "Administrative Expenses": -67.6,
    "Operating Profit": -64.0,
    "Income From Shares In Group Undertakings": 6.1,
    "Income From Fixed Asset Investments": 0.6,
    "Interest Receivable And Similar Income": 2.9,
    "Interest Payable And Similar Charges": -39.2,
    "Loss Before Taxation": -93.6,
    "Tax On Profit": 14.5,
    "Loss": -79.1,
    "Amounts Released To Reserves": -79.1
  },
  "2003": {
    "Gross Revenue": 9284.7,
    "Excise Duties And Vat": -5589.3,
    "Turnover": 3695.4,
    "Cost Of Sales": -3360.0,
    "Gross Profit": 335.4,
    "Distribution Costs": -590.7,
    "Administrative Expenses": -22.0,
    "Operating Profit": 36.1,
    "Income From Shares In Group Undertakings": 2.9,
    "Income From Fixed Asset Investments": 1.3,
    "Profit On Sale Of Fixed Assets": 22.7,
    "Profit Before Interest And Taxation": 33.6,
    "Interest Receivable And Similar Income": 7.2,
    "Interest Payable And Similar Charges": -27.6,
    "Profit Before Taxation": 13.2,
    "Tax On Profit": -1.4,
    "Profit And Retained Profit": 11.8,
    "Amounts Released To Reserves": 11.8
  },
  "2004": {
    "Turnover": 8854.2,
    "Cost Of Sales": -7805.7,
    "Gross Profit": 1048.5,
    "Distribution Costs": -575.8,
    "Administrative Expenses": -40.0,
    "Operating Profit": 432.7,
    "Income From Shares In Group Undertakings": 4.0,
    "Income From Fixed Asset Investments": 2.6,
    "Profit On Sale Of Fixed Assets": 54.8,
    "Profit Before Interest And Taxation": 494.1,
    "Interest Receivable And Similar Income": 25.2,
    "Interest Payable And Similar Charges": -71.4,
    "Other Finance Charges": -4.3,
    "Profit Before Taxation": 443.6,
    "Tax On Profit": -152.9,
    "Profit": 290.7,
    "Gross Revenue": 9885.3,
    "Excise Duties And Vat": -5458.2
  }
}

2025-01-16 13:57:31,691 - INFO - Extracted JSON string: {
  "2000": {
    "Turnover Continuing Operations": 9137.1,
    "Excise Duties And Vat": -5021.8,
    "Net Turnover": 4115.3,
    "Cost Of Sales": -3642.0,
    "Gross Profit": 473.3,
    "Distribution Costs": -298.2,
    "Administrative Expenses": -52.3,
    "Operating Profit Continuing Operations": 122.8,
    "Income From Shares In Group Undertakings": 5.8,
    "Income From Fixed Asset Investments": 0.3,
    "Interest Receivable And Similar Income": 23.2,
    "Interest Payable And Similar Charges": -68.9,
    "Loss Before Taxation": 83.2,
    "Tax On Profit": -41.8,
    "Loss": 41.4,
    "Amounts Released To Reserves": 41.4
  },
  "2001": {
    "Turnover": 9242.2,
    "Excise Duties And Vat": -5617.0,
    "Net Turnover": 3625.2,
    "Cost Of Sales": -3365.6,
    "Gross Profit": 259.6,
    "Distribution Costs": -307.6,
    "Administrative Expenses": -87.9,
    "Operating Loss": -135.9,
    "Income From Shares In Group Undertakings": 6.4,
    "Income From Fixed Asset Investments": 0.7,
    "Interest Receivable And Similar Income": 14.9,
    "Interest Payable And Similar Charges": -60.4,
    "Loss Before Taxation": -174.3,
    "Taxation On Loss": 8.9,
    "Loss": -165.4,
    "Amounts Released From Reserves": -165.4,
    "Operating Profit Continuing Operations": -135.9,
    "Tax On Profit": 0.2,
    "Amounts Released To Reserves": -174.1
  },
  "2002": {
    "Gross Turnover": 8803.1,
    "Excise Duties And Vat": -5565.6,
    "Turnover": 3237.5,
    "Cost Of Sales": -2944.1,
    "Gross Profit": 293.4,
    "Distribution Costs": -289.8,
    "Administrative Expenses": -67.6,
    "Operating Profit": -64.0,
    "Income From Shares In Group Undertakings": 6.1,
    "Income From Fixed Asset Investments": 0.6,
    "Interest Receivable And Similar Income": 2.9,
    "Interest Payable And Similar Charges": -39.2,
    "Loss Before Taxation": -93.6,
    "Tax On Profit": 14.5,
    "Loss": -79.1,
    "Amounts Released To Reserves": -79.1
  },
  "2003": {
    "Gross Revenue": 9284.7,
    "Excise Duties And Vat": -5589.3,
    "Turnover": 3695.4,
    "Cost Of Sales": -3360.0,
    "Gross Profit": 335.4,
    "Distribution Costs": -590.7,
    "Administrative Expenses": -22.0,
    "Operating Profit": 36.1,
    "Income From Shares In Group Undertakings": 2.9,
    "Income From Fixed Asset Investments": 1.3,
    "Profit On Sale Of Fixed Assets": 22.7,
    "Profit Before Interest And Taxation": 33.6,
    "Interest Receivable And Similar Income": 7.2,
    "Interest Payable And Similar Charges": -27.6,
    "Profit Before Taxation": 13.2,
    "Tax On Profit": -1.4,
    "Profit And Retained Profit": 11.8,
    "Amounts Released To Reserves": 11.8
  },
  "2004": {
    "Turnover": 8854.2,
    "Cost Of Sales": -7805.7,
    "Gross Profit": 1048.5,
    "Distribution Costs": -575.8,
    "Administrative Expenses": -40.0,
    "Operating Profit": 432.7,
    "Income From Shares In Group Undertakings": 4.0,
    "Income From Fixed Asset Investments": 2.6,
    "Profit On Sale Of Fixed Assets": 54.8,
    "Profit Before Interest And Taxation": 494.1,
    "Interest Receivable And Similar Income": 25.2,
    "Interest Payable And Similar Charges": -71.4,
    "Other Finance Charges": -4.3,
    "Profit Before Taxation": 443.6,
    "Tax On Profit": -152.9,
    "Profit": 290.7,
    "Gross Revenue": 9885.3,
    "Excise Duties And Vat": -5458.2
  }
}
2025-01-16 13:57:31,691 - INFO - [SUCCESS] Processed chunk 2000-2004 for profit_and_loss
2025-01-16 13:57:41,730 - INFO - Raw response for profit_and_loss chunk ['2005', '2006', '2007', '2008', '2009']:
2025-01-16 13:57:41,731 - INFO - Response before cleaning: ```json
{
  "2005": {
    "Turnover": 12233.4,
    "Cost Of Sales": -10887.2,
    "Gross Profit": 1346.2,
    "Distribution Costs": -479.0,
    "Administrative Expenses": -29.4,
    "Operating Profit": 837.8,
    "Income From Shares In Group Undertakings": 5.4,
    "Income From Fixed Asset Investments": 1.8,
    "Profit On Sale Of Fixed Assets": 15.4,
    "Profit On Ordinary Activities Before Interest And Taxation": 860.4,
    "Interest Receivable And Similar Income": 22.8,
    "Interest Payable And Similar Charges": -57.0,
    "Other Finance Income And Charges": -21.0,
    "Profit On Ordinary Activities Before Taxation": 805.2,
    "Taxation On Profit On Ordinary Activities": -230.6,
    "Profit For The Financial Year": 574.6,
    "Other Finance Charges": -21.0
  },
  "2006": {
    "Turnover": 13880.4,
    "Cost Of Sales": -12863.4,
    "Gross Profit": 1017.0,
    "Distribution Costs": -473.8,
    "Administrative Expenses": -31.4,
    "Operating Profit": 511.8,
    "Income From Shares In Group Undertakings": 4.6,
    "Income From Fixed Asset Investments": 2.4,
    "Profit On Sale Of Fixed Assets": 13.2,
    "Profit On Ordinary Activities Before Interest And Taxation": 532.0,
    "Interest Receivable And Similar Income": 54.4,
    "Interest Payable And Similar Charges": -55.6,
    "Other Finance Income And Charges": 37.6,
    "Profit On Ordinary Activities Before Taxation": 568.4,
    "Taxation On Profit On Ordinary Activities": -175.8,
    "Profit For The Financial Year": 392.6
  },
  "2007": {
    "Turnover": 14021.2,
    "Cost Of Sales": -12741.6,
    "Gross Profit": 1279.6,
    "Distribution Costs": -483.0,
    "Administrative Expenses": -29.0,
    "Operating Profit": 767.6,
    "Income From Shares In Group Undertakings": 6.2,
    "Income From Fixed Asset Investments": 4.0,
    "Profit On Disposal Of Fixed Assets": 3.0,
    "Profit On Ordinary Activities Before Interest And Taxation": 780.8,
    "Interest Receivable And Similar Income": 61.4,
    "Interest Payable And Similar Charges": -56.2,
    "Other Finance Income And Charges": 39.0,
    "Profit On Ordinary Activities Before Taxation": 825.0,
    "Taxation On Profit On Ordinary Activities": -209.6,
    "Profit For The Financial Year": 615.4
  },
  "2008": {
    "Turnover": 18874.4,
    "Cost Of Sales": -18096.7,
    "Gross Profit": 777.7,
    "Distribution Costs": -536.1,
    "Administrative Expenses": -45.6,
    "Operating Profit": 196.0,
    "Income From Shares In Group Undertakings": 4.0,
    "Income From Fixed Asset Investments": 2.6,
    "Profit On Disposal Of Fixed Assets": -3.4,
    "Profit On Ordinary Activities Before Interest And Taxation": 199.2,
    "Interest Receivable And Similar Income": 28.6,
    "Interest Payable And Similar Charges": -70.6,
    "Other Finance Income And Charges": 97.0,
    "Profit On Ordinary Activities Before Taxation": 254.2,
    "Taxation On Profit On Ordinary Activities": -69.0,
    "Profit For The Financial Year": 185.2
  },
  "2009": {
    "Turnover": 13606.1,
    "Cost Of Sales": -12397.1,
    "Gross Profit": 1209.0,
    "Distribution Costs": -568.2,
    "Administrative Expenses": -33.7,
    "Operating Profit": 607.1,
    "Net Profit On Sale Of Tangible Fixed Assets": 2.0,
    "Profit On Ordinary Activities Before Interest": 306.0,
    "Income From Other Fixed Asset Investments": 3.0,
    "Income From Shares In Group Undertakings": 4.0,
    "Income From Fixed Asset Investments": 2.8,
    "Profit On Disposal Of Fixed Assets": 2.0,
    "Interest Receivable And Similar Income": 11.7,
    "Interest Payable And Similar Charges": -21.6,
    "Other Finance Charges": -1.0,
    "Other Finance Income And Charges": -0.4,
    "Profit On Ordinary Activities Before Taxation": 606.2,
    "Taxation On Profit On Ordinary Activities": -170.1,
    "Profit For The Financial Year": 436.1
  }
}
```

2025-01-16 13:57:41,731 - INFO - Response after cleaning: 
{
  "2005": {
    "Turnover": 12233.4,
    "Cost Of Sales": -10887.2,
    "Gross Profit": 1346.2,
    "Distribution Costs": -479.0,
    "Administrative Expenses": -29.4,
    "Operating Profit": 837.8,
    "Income From Shares In Group Undertakings": 5.4,
    "Income From Fixed Asset Investments": 1.8,
    "Profit On Sale Of Fixed Assets": 15.4,
    "Profit On Ordinary Activities Before Interest And Taxation": 860.4,
    "Interest Receivable And Similar Income": 22.8,
    "Interest Payable And Similar Charges": -57.0,
    "Other Finance Income And Charges": -21.0,
    "Profit On Ordinary Activities Before Taxation": 805.2,
    "Taxation On Profit On Ordinary Activities": -230.6,
    "Profit For The Financial Year": 574.6,
    "Other Finance Charges": -21.0
  },
  "2006": {
    "Turnover": 13880.4,
    "Cost Of Sales": -12863.4,
    "Gross Profit": 1017.0,
    "Distribution Costs": -473.8,
    "Administrative Expenses": -31.4,
    "Operating Profit": 511.8,
    "Income From Shares In Group Undertakings": 4.6,
    "Income From Fixed Asset Investments": 2.4,
    "Profit On Sale Of Fixed Assets": 13.2,
    "Profit On Ordinary Activities Before Interest And Taxation": 532.0,
    "Interest Receivable And Similar Income": 54.4,
    "Interest Payable And Similar Charges": -55.6,
    "Other Finance Income And Charges": 37.6,
    "Profit On Ordinary Activities Before Taxation": 568.4,
    "Taxation On Profit On Ordinary Activities": -175.8,
    "Profit For The Financial Year": 392.6
  },
  "2007": {
    "Turnover": 14021.2,
    "Cost Of Sales": -12741.6,
    "Gross Profit": 1279.6,
    "Distribution Costs": -483.0,
    "Administrative Expenses": -29.0,
    "Operating Profit": 767.6,
    "Income From Shares In Group Undertakings": 6.2,
    "Income From Fixed Asset Investments": 4.0,
    "Profit On Disposal Of Fixed Assets": 3.0,
    "Profit On Ordinary Activities Before Interest And Taxation": 780.8,
    "Interest Receivable And Similar Income": 61.4,
    "Interest Payable And Similar Charges": -56.2,
    "Other Finance Income And Charges": 39.0,
    "Profit On Ordinary Activities Before Taxation": 825.0,
    "Taxation On Profit On Ordinary Activities": -209.6,
    "Profit For The Financial Year": 615.4
  },
  "2008": {
    "Turnover": 18874.4,
    "Cost Of Sales": -18096.7,
    "Gross Profit": 777.7,
    "Distribution Costs": -536.1,
    "Administrative Expenses": -45.6,
    "Operating Profit": 196.0,
    "Income From Shares In Group Undertakings": 4.0,
    "Income From Fixed Asset Investments": 2.6,
    "Profit On Disposal Of Fixed Assets": -3.4,
    "Profit On Ordinary Activities Before Interest And Taxation": 199.2,
    "Interest Receivable And Similar Income": 28.6,
    "Interest Payable And Similar Charges": -70.6,
    "Other Finance Income And Charges": 97.0,
    "Profit On Ordinary Activities Before Taxation": 254.2,
    "Taxation On Profit On Ordinary Activities": -69.0,
    "Profit For The Financial Year": 185.2
  },
  "2009": {
    "Turnover": 13606.1,
    "Cost Of Sales": -12397.1,
    "Gross Profit": 1209.0,
    "Distribution Costs": -568.2,
    "Administrative Expenses": -33.7,
    "Operating Profit": 607.1,
    "Net Profit On Sale Of Tangible Fixed Assets": 2.0,
    "Profit On Ordinary Activities Before Interest": 306.0,
    "Income From Other Fixed Asset Investments": 3.0,
    "Income From Shares In Group Undertakings": 4.0,
    "Income From Fixed Asset Investments": 2.8,
    "Profit On Disposal Of Fixed Assets": 2.0,
    "Interest Receivable And Similar Income": 11.7,
    "Interest Payable And Similar Charges": -21.6,
    "Other Finance Charges": -1.0,
    "Other Finance Income And Charges": -0.4,
    "Profit On Ordinary Activities Before Taxation": 606.2,
    "Taxation On Profit On Ordinary Activities": -170.1,
    "Profit For The Financial Year": 436.1
  }
}

2025-01-16 13:57:41,732 - INFO - Extracted JSON string: {
  "2005": {
    "Turnover": 12233.4,
    "Cost Of Sales": -10887.2,
    "Gross Profit": 1346.2,
    "Distribution Costs": -479.0,
    "Administrative Expenses": -29.4,
    "Operating Profit": 837.8,
    "Income From Shares In Group Undertakings": 5.4,
    "Income From Fixed Asset Investments": 1.8,
    "Profit On Sale Of Fixed Assets": 15.4,
    "Profit On Ordinary Activities Before Interest And Taxation": 860.4,
    "Interest Receivable And Similar Income": 22.8,
    "Interest Payable And Similar Charges": -57.0,
    "Other Finance Income And Charges": -21.0,
    "Profit On Ordinary Activities Before Taxation": 805.2,
    "Taxation On Profit On Ordinary Activities": -230.6,
    "Profit For The Financial Year": 574.6,
    "Other Finance Charges": -21.0
  },
  "2006": {
    "Turnover": 13880.4,
    "Cost Of Sales": -12863.4,
    "Gross Profit": 1017.0,
    "Distribution Costs": -473.8,
    "Administrative Expenses": -31.4,
    "Operating Profit": 511.8,
    "Income From Shares In Group Undertakings": 4.6,
    "Income From Fixed Asset Investments": 2.4,
    "Profit On Sale Of Fixed Assets": 13.2,
    "Profit On Ordinary Activities Before Interest And Taxation": 532.0,
    "Interest Receivable And Similar Income": 54.4,
    "Interest Payable And Similar Charges": -55.6,
    "Other Finance Income And Charges": 37.6,
    "Profit On Ordinary Activities Before Taxation": 568.4,
    "Taxation On Profit On Ordinary Activities": -175.8,
    "Profit For The Financial Year": 392.6
  },
  "2007": {
    "Turnover": 14021.2,
    "Cost Of Sales": -12741.6,
    "Gross Profit": 1279.6,
    "Distribution Costs": -483.0,
    "Administrative Expenses": -29.0,
    "Operating Profit": 767.6,
    "Income From Shares In Group Undertakings": 6.2,
    "Income From Fixed Asset Investments": 4.0,
    "Profit On Disposal Of Fixed Assets": 3.0,
    "Profit On Ordinary Activities Before Interest And Taxation": 780.8,
    "Interest Receivable And Similar Income": 61.4,
    "Interest Payable And Similar Charges": -56.2,
    "Other Finance Income And Charges": 39.0,
    "Profit On Ordinary Activities Before Taxation": 825.0,
    "Taxation On Profit On Ordinary Activities": -209.6,
    "Profit For The Financial Year": 615.4
  },
  "2008": {
    "Turnover": 18874.4,
    "Cost Of Sales": -18096.7,
    "Gross Profit": 777.7,
    "Distribution Costs": -536.1,
    "Administrative Expenses": -45.6,
    "Operating Profit": 196.0,
    "Income From Shares In Group Undertakings": 4.0,
    "Income From Fixed Asset Investments": 2.6,
    "Profit On Disposal Of Fixed Assets": -3.4,
    "Profit On Ordinary Activities Before Interest And Taxation": 199.2,
    "Interest Receivable And Similar Income": 28.6,
    "Interest Payable And Similar Charges": -70.6,
    "Other Finance Income And Charges": 97.0,
    "Profit On Ordinary Activities Before Taxation": 254.2,
    "Taxation On Profit On Ordinary Activities": -69.0,
    "Profit For The Financial Year": 185.2
  },
  "2009": {
    "Turnover": 13606.1,
    "Cost Of Sales": -12397.1,
    "Gross Profit": 1209.0,
    "Distribution Costs": -568.2,
    "Administrative Expenses": -33.7,
    "Operating Profit": 607.1,
    "Net Profit On Sale Of Tangible Fixed Assets": 2.0,
    "Profit On Ordinary Activities Before Interest": 306.0,
    "Income From Other Fixed Asset Investments": 3.0,
    "Income From Shares In Group Undertakings": 4.0,
    "Income From Fixed Asset Investments": 2.8,
    "Profit On Disposal Of Fixed Assets": 2.0,
    "Interest Receivable And Similar Income": 11.7,
    "Interest Payable And Similar Charges": -21.6,
    "Other Finance Charges": -1.0,
    "Other Finance Income And Charges": -0.4,
    "Profit On Ordinary Activities Before Taxation": 606.2,
    "Taxation On Profit On Ordinary Activities": -170.1,
    "Profit For The Financial Year": 436.1
  }
}
2025-01-16 13:57:41,733 - INFO - [SUCCESS] Processed chunk 2005-2009 for profit_and_loss
2025-01-16 13:57:51,364 - INFO - Raw response for profit_and_loss chunk ['2010', '2011', '2012', '2013', '2014']:
2025-01-16 13:57:51,365 - INFO - Response before cleaning: ```json
{
  "2010": {
    "Turnover": 17394.0,
    "Cost Of Sales": -16220.0,
    "Gross Profit": 1174.0,
    "Distribution Costs": -598.0,
    "Administrative Expenses": -44.0,
    "Operating Profit": 532.0,
    "Net Profit On Sale Of Tangible Fixed Assets": 6.0,
    "Profit Before Interest": 538.0,
    "Income From Fixed Asset Investments": 10.0,
    "Income From Other Fixed Asset Investments": 10.0,
    "Interest Receivable And Similar Income": 10.0,
    "Interest Payable And Similar Charges": -14.0,
    "Other Finance Income And Charges": -6.0,
    "Other Finance Charges": -6.0,
    "Profit Before Taxation": 542.0,
    "Tax On Profit": -150.0,
    "Profit": 392.0
  },
  "2011": {
    "Turnover": 22620.0,
    "Cost Of Sales": -21954.0,
    "Gross Profit": 666.0,
    "Distribution Costs": -526.0,
    "Administrative Expenses": -18.0,
    "Operating Profit": 122.0,
    "Net Profit On Sale Of Tangible Fixed Assets": 16.0,
    "Profit Before Interest": 138.0,
    "Income From Other Fixed Asset Investments": 4.0,
    "Income From Fixed Asset Investments": 2.0,
    "Interest Receivable And Similar Income": 8.0,
    "Interest Payable And Similar Charges": -6.0,
    "Other Finance Income And Charges": 5.0,
    "Profit Before Taxation": 154.0,
    "Tax On Profit": -110.0,
    "Profit": 44.0
  },
  "2012": {
    "Turnover": 22527.0,
    "Cost Of Sales": -21647.0,
    "Gross Profit": 880.0,
    "Distribution Costs": -452.0,
    "Administrative Expenses": -34.0,
    "Operating Profit": 394.0,
    "Net Profit On Sale Of Tangible Fixed Assets": 8.0,
    "Profit On Disposal Of Subsidiary": 110.0,
    "Profit Before Interest": 504.0,
    "Income From Other Fixed Asset Investments": 6.0,
    "Interest Receivable And Similar Income": 6.0,
    "Interest Payable And Similar Charges": -6.0,
    "Other Finance Income": -16.0,
    "Profit Before Taxation": 478.0,
    "Tax On Profit": -112.0,
    "Profit": 366.0
  },
  "2013": {
    "Turnover": 20212.0,
    "Cost Of Sales": -19780.0,
    "Gross Profit": 432.0,
    "Distribution Costs": -442.0,
    "Administrative Expenses": -66.0,
    "Operating Profit": -76.0,
    "Net Profit On Sale Of Tangible Fixed Assets": 28.0,
    "Profit Before Interest": -48.0,
    "Income From Other Fixed Asset Investments": 36.0,
    "Interest Receivable And Similar Income": 6.0,
    "Interest Payable And Similar Charges": -4.0,
    "Other Finance Income": 16.0,
    "Profit Before Taxation": 6.0,
    "Tax On Profit": 8.0,
    "Profit": 14.0
  },
  "2014": {
    "Turnover": 17563.0,
    "Cost Of Sales": -17583.0,
    "Gross Profit": -20.0,
    "Distribution Costs": -390.0,
    "Administrative Expenses": -69.0,
    "Other Operating Income": 13.0,
    "Other Non Operating Income": 8.0,
    "Operating Profit": -458.0,
    "Income From Fixed Asset Investments": 3.0,
    "Income From Other Fixed Asset Investments": 3.0,
    "Interest Receivable And Similar Income": 18.0,
    "Interest Payable And Expenses": -2.0,
    "Interest Payable And Similar Charges": -1.0,
    "Other Finance Costs": -11.0,
    "Other Finance Income": 18.0,
    "Profit Before Tax": -440.0,
    "Tax On Profit": 90.0,
    "Profit": -353.0,
    "Actuarial Gains On Defined Benefit Pension Scheme": 138.0,
    "Movement Of Deferred Tax Relating To Pension Deficit": -28.0,
    "Other Comprehensive Income": 110.0,
    "Total Comprehensive Income": -71.0
  }
}
```

2025-01-16 13:57:51,365 - INFO - Response after cleaning: 
{
  "2010": {
    "Turnover": 17394.0,
    "Cost Of Sales": -16220.0,
    "Gross Profit": 1174.0,
    "Distribution Costs": -598.0,
    "Administrative Expenses": -44.0,
    "Operating Profit": 532.0,
    "Net Profit On Sale Of Tangible Fixed Assets": 6.0,
    "Profit Before Interest": 538.0,
    "Income From Fixed Asset Investments": 10.0,
    "Income From Other Fixed Asset Investments": 10.0,
    "Interest Receivable And Similar Income": 10.0,
    "Interest Payable And Similar Charges": -14.0,
    "Other Finance Income And Charges": -6.0,
    "Other Finance Charges": -6.0,
    "Profit Before Taxation": 542.0,
    "Tax On Profit": -150.0,
    "Profit": 392.0
  },
  "2011": {
    "Turnover": 22620.0,
    "Cost Of Sales": -21954.0,
    "Gross Profit": 666.0,
    "Distribution Costs": -526.0,
    "Administrative Expenses": -18.0,
    "Operating Profit": 122.0,
    "Net Profit On Sale Of Tangible Fixed Assets": 16.0,
    "Profit Before Interest": 138.0,
    "Income From Other Fixed Asset Investments": 4.0,
    "Income From Fixed Asset Investments": 2.0,
    "Interest Receivable And Similar Income": 8.0,
    "Interest Payable And Similar Charges": -6.0,
    "Other Finance Income And Charges": 5.0,
    "Profit Before Taxation": 154.0,
    "Tax On Profit": -110.0,
    "Profit": 44.0
  },
  "2012": {
    "Turnover": 22527.0,
    "Cost Of Sales": -21647.0,
    "Gross Profit": 880.0,
    "Distribution Costs": -452.0,
    "Administrative Expenses": -34.0,
    "Operating Profit": 394.0,
    "Net Profit On Sale Of Tangible Fixed Assets": 8.0,
    "Profit On Disposal Of Subsidiary": 110.0,
    "Profit Before Interest": 504.0,
    "Income From Other Fixed Asset Investments": 6.0,
    "Interest Receivable And Similar Income": 6.0,
    "Interest Payable And Similar Charges": -6.0,
    "Other Finance Income": -16.0,
    "Profit Before Taxation": 478.0,
    "Tax On Profit": -112.0,
    "Profit": 366.0
  },
  "2013": {
    "Turnover": 20212.0,
    "Cost Of Sales": -19780.0,
    "Gross Profit": 432.0,
    "Distribution Costs": -442.0,
    "Administrative Expenses": -66.0,
    "Operating Profit": -76.0,
    "Net Profit On Sale Of Tangible Fixed Assets": 28.0,
    "Profit Before Interest": -48.0,
    "Income From Other Fixed Asset Investments": 36.0,
    "Interest Receivable And Similar Income": 6.0,
    "Interest Payable And Similar Charges": -4.0,
    "Other Finance Income": 16.0,
    "Profit Before Taxation": 6.0,
    "Tax On Profit": 8.0,
    "Profit": 14.0
  },
  "2014": {
    "Turnover": 17563.0,
    "Cost Of Sales": -17583.0,
    "Gross Profit": -20.0,
    "Distribution Costs": -390.0,
    "Administrative Expenses": -69.0,
    "Other Operating Income": 13.0,
    "Other Non Operating Income": 8.0,
    "Operating Profit": -458.0,
    "Income From Fixed Asset Investments": 3.0,
    "Income From Other Fixed Asset Investments": 3.0,
    "Interest Receivable And Similar Income": 18.0,
    "Interest Payable And Expenses": -2.0,
    "Interest Payable And Similar Charges": -1.0,
    "Other Finance Costs": -11.0,
    "Other Finance Income": 18.0,
    "Profit Before Tax": -440.0,
    "Tax On Profit": 90.0,
    "Profit": -353.0,
    "Actuarial Gains On Defined Benefit Pension Scheme": 138.0,
    "Movement Of Deferred Tax Relating To Pension Deficit": -28.0,
    "Other Comprehensive Income": 110.0,
    "Total Comprehensive Income": -71.0
  }
}

2025-01-16 13:57:51,366 - INFO - Extracted JSON string: {
  "2010": {
    "Turnover": 17394.0,
    "Cost Of Sales": -16220.0,
    "Gross Profit": 1174.0,
    "Distribution Costs": -598.0,
    "Administrative Expenses": -44.0,
    "Operating Profit": 532.0,
    "Net Profit On Sale Of Tangible Fixed Assets": 6.0,
    "Profit Before Interest": 538.0,
    "Income From Fixed Asset Investments": 10.0,
    "Income From Other Fixed Asset Investments": 10.0,
    "Interest Receivable And Similar Income": 10.0,
    "Interest Payable And Similar Charges": -14.0,
    "Other Finance Income And Charges": -6.0,
    "Other Finance Charges": -6.0,
    "Profit Before Taxation": 542.0,
    "Tax On Profit": -150.0,
    "Profit": 392.0
  },
  "2011": {
    "Turnover": 22620.0,
    "Cost Of Sales": -21954.0,
    "Gross Profit": 666.0,
    "Distribution Costs": -526.0,
    "Administrative Expenses": -18.0,
    "Operating Profit": 122.0,
    "Net Profit On Sale Of Tangible Fixed Assets": 16.0,
    "Profit Before Interest": 138.0,
    "Income From Other Fixed Asset Investments": 4.0,
    "Income From Fixed Asset Investments": 2.0,
    "Interest Receivable And Similar Income": 8.0,
    "Interest Payable And Similar Charges": -6.0,
    "Other Finance Income And Charges": 5.0,
    "Profit Before Taxation": 154.0,
    "Tax On Profit": -110.0,
    "Profit": 44.0
  },
  "2012": {
    "Turnover": 22527.0,
    "Cost Of Sales": -21647.0,
    "Gross Profit": 880.0,
    "Distribution Costs": -452.0,
    "Administrative Expenses": -34.0,
    "Operating Profit": 394.0,
    "Net Profit On Sale Of Tangible Fixed Assets": 8.0,
    "Profit On Disposal Of Subsidiary": 110.0,
    "Profit Before Interest": 504.0,
    "Income From Other Fixed Asset Investments": 6.0,
    "Interest Receivable And Similar Income": 6.0,
    "Interest Payable And Similar Charges": -6.0,
    "Other Finance Income": -16.0,
    "Profit Before Taxation": 478.0,
    "Tax On Profit": -112.0,
    "Profit": 366.0
  },
  "2013": {
    "Turnover": 20212.0,
    "Cost Of Sales": -19780.0,
    "Gross Profit": 432.0,
    "Distribution Costs": -442.0,
    "Administrative Expenses": -66.0,
    "Operating Profit": -76.0,
    "Net Profit On Sale Of Tangible Fixed Assets": 28.0,
    "Profit Before Interest": -48.0,
    "Income From Other Fixed Asset Investments": 36.0,
    "Interest Receivable And Similar Income": 6.0,
    "Interest Payable And Similar Charges": -4.0,
    "Other Finance Income": 16.0,
    "Profit Before Taxation": 6.0,
    "Tax On Profit": 8.0,
    "Profit": 14.0
  },
  "2014": {
    "Turnover": 17563.0,
    "Cost Of Sales": -17583.0,
    "Gross Profit": -20.0,
    "Distribution Costs": -390.0,
    "Administrative Expenses": -69.0,
    "Other Operating Income": 13.0,
    "Other Non Operating Income": 8.0,
    "Operating Profit": -458.0,
    "Income From Fixed Asset Investments": 3.0,
    "Income From Other Fixed Asset Investments": 3.0,
    "Interest Receivable And Similar Income": 18.0,
    "Interest Payable And Expenses": -2.0,
    "Interest Payable And Similar Charges": -1.0,
    "Other Finance Costs": -11.0,
    "Other Finance Income": 18.0,
    "Profit Before Tax": -440.0,
    "Tax On Profit": 90.0,
    "Profit": -353.0,
    "Actuarial Gains On Defined Benefit Pension Scheme": 138.0,
    "Movement Of Deferred Tax Relating To Pension Deficit": -28.0,
    "Other Comprehensive Income": 110.0,
    "Total Comprehensive Income": -71.0
  }
}
2025-01-16 13:57:51,367 - INFO - [SUCCESS] Processed chunk 2010-2014 for profit_and_loss
2025-01-16 13:58:01,741 - INFO - Raw response for profit_and_loss chunk ['2015', '2016', '2017', '2018', '2019']:
2025-01-16 13:58:01,741 - INFO - Response before cleaning: ```json
{
  "2019": {
    "Turnover": 14936.0,
    "Cost Of Sales": -14194.0,
    "Gross Profit": 742.0,
    "Distribution Costs": -296.0,
    "Administrative Expenses": -170.0,
    "Other Operating Income": 8.0,
    "Operating Profit": 284.0,
    "Income From Fixed Asset Investments": 6.0,
    "Interest Receivable And Similar Income": 4.0,
    "Interest Payable And Similar Expenses": -2.0,
    "Other Finance Income": 6.0,
    "Profit Before Tax": 298.0,
    "Tax On Profit": -52.0,
    "Profit": 246.0,
    "Actuarial Gains Losses On Defined Benefit Pension Scheme": -170.0,
    "Movement Of Deferred Tax Relating To Pension Surplus Deficit": 38.0,
    "Other Comprehensive Income Expense": -132.0,
    "Total Comprehensive Income Expense": 114.0
  },
  "2018": {
    "Turnover": 15662.0,
    "Cost Of Sales": -15506.0,
    "Gross Profit": 156.0,
    "Distribution Costs": -282.0,
    "Administrative Expenses": -118.0,
    "Other Operating Income": 4.0,
    "Operating Profit": -240.0,
    "Income From Fixed Asset Investments": 4.0,
    "Interest Receivable And Similar Income": 2.0,
    "Interest Payable And Similar Expenses": -2.0,
    "Other Finance Income": 10.0,
    "Profit Before Tax": -226.0,
    "Tax On Profit": 74.0,
    "Profit": -152.0,
    "Actuarial Gains Losses On Defined Benefit Pension Scheme": 18.0,
    "Movement Of Deferred Tax Relating To Pension Surplus Deficit": -2.0,
    "Other Comprehensive Income Expense": 16.0,
    "Total Comprehensive Income Expense": -136.0
  },
  "2017": {
    "Turnover": 12766.0,
    "Cost Of Sales": -11916.0,
    "Gross Profit": 850.0,
    "Distribution Costs": -288.0,
    "Administrative Expenses": -82.0,
    "Other Operating Income": 66.0,
    "Operating Profit": 546.0,
    "Income From Fixed Asset Investments": 48.0,
    "Interest Receivable And Similar Income": 2.0,
    "Interest Payable And Similar Expenses": -2.0,
    "Other Finance Income And Expenses": -10.0,
    "Profit Before Tax": 584.0,
    "Tax On Profit": -66.0,
    "Profit": 518.0,
    "Actuarial Gains On Defined Benefit Pension Scheme": 908.0,
    "Movement Of Deferred Tax Relating To Pension Surplus": -172.0,
    "Other Comprehensive Income": 736.0,
    "Total Comprehensive Income Expense": 1254.0
  },
  "2016": {
    "Turnover": 9764.0,
    "Cost Of Sales": -9074.0,
    "Gross Profit": 690.0,
    "Distribution Costs": -230.0,
    "Administrative Expenses": -60.0,
    "Other Operating Income": 42.0,
    "Operating Profit": 442.0,
    "Income From Fixed Asset Investments": 4.0,
    "Income From Disposal Of Fixed Asset Investments": 2.0,
    "Interest Receivable And Similar Income": 4.0,
    "Interest Payable And Similar Expenses": -2.0,
    "Other Finance Costs": -10.0,
    "Profit Before Tax": 442.0,
    "Tax On Profit": -84.0,
    "Profit": 358.0,
    "Actuarial Gains On Defined Benefit Pension Scheme": 22.0,
    "Movement Of Deferred Tax Relating To Pension Surplus": -2.0,
    "Other Comprehensive Income": 20.0,
    "Total Comprehensive Income": 378.0
  },
  "2015": {
    "Turnover": 11074.0,
    "Cost Of Sales": -10430.0,
    "Gross Profit": 644.0,
    "Distribution Costs": -344.0,
    "Administrative Expenses": -28.0,
    "Other Operating Income": 444.0,
    "Other Non Operating Income": 28.0,
    "Operating Profit": 738.0,
    "Income From Fixed Asset Investments": 4.0,
    "Interest Receivable And Similar Income": 4.0,
    "Interest Payable And Similar Expenses": -2.0,
    "Other Finance Costs": -10.0,
    "Profit Before Tax": 734.0,
    "Tax On Profit": -38.0,
    "Profit": 696.0,
    "Actuarial Gains On Defined Benefit Pension Scheme": 2.0,
    "Movement Of Deferred Tax Relating To Pension Deficit": 0.0,
    "Movement Of Deferred Tax Relating To Pension Liability": 0.0,
    "Other Comprehensive Income": 2.0,
    "Total Comprehensive Income": 698.0
  }
}
```
2025-01-16 13:58:01,742 - INFO - Response after cleaning: 
{
  "2019": {
    "Turnover": 14936.0,
    "Cost Of Sales": -14194.0,
    "Gross Profit": 742.0,
    "Distribution Costs": -296.0,
    "Administrative Expenses": -170.0,
    "Other Operating Income": 8.0,
    "Operating Profit": 284.0,
    "Income From Fixed Asset Investments": 6.0,
    "Interest Receivable And Similar Income": 4.0,
    "Interest Payable And Similar Expenses": -2.0,
    "Other Finance Income": 6.0,
    "Profit Before Tax": 298.0,
    "Tax On Profit": -52.0,
    "Profit": 246.0,
    "Actuarial Gains Losses On Defined Benefit Pension Scheme": -170.0,
    "Movement Of Deferred Tax Relating To Pension Surplus Deficit": 38.0,
    "Other Comprehensive Income Expense": -132.0,
    "Total Comprehensive Income Expense": 114.0
  },
  "2018": {
    "Turnover": 15662.0,
    "Cost Of Sales": -15506.0,
    "Gross Profit": 156.0,
    "Distribution Costs": -282.0,
    "Administrative Expenses": -118.0,
    "Other Operating Income": 4.0,
    "Operating Profit": -240.0,
    "Income From Fixed Asset Investments": 4.0,
    "Interest Receivable And Similar Income": 2.0,
    "Interest Payable And Similar Expenses": -2.0,
    "Other Finance Income": 10.0,
    "Profit Before Tax": -226.0,
    "Tax On Profit": 74.0,
    "Profit": -152.0,
    "Actuarial Gains Losses On Defined Benefit Pension Scheme": 18.0,
    "Movement Of Deferred Tax Relating To Pension Surplus Deficit": -2.0,
    "Other Comprehensive Income Expense": 16.0,
    "Total Comprehensive Income Expense": -136.0
  },
  "2017": {
    "Turnover": 12766.0,
    "Cost Of Sales": -11916.0,
    "Gross Profit": 850.0,
    "Distribution Costs": -288.0,
    "Administrative Expenses": -82.0,
    "Other Operating Income": 66.0,
    "Operating Profit": 546.0,
    "Income From Fixed Asset Investments": 48.0,
    "Interest Receivable And Similar Income": 2.0,
    "Interest Payable And Similar Expenses": -2.0,
    "Other Finance Income And Expenses": -10.0,
    "Profit Before Tax": 584.0,
    "Tax On Profit": -66.0,
    "Profit": 518.0,
    "Actuarial Gains On Defined Benefit Pension Scheme": 908.0,
    "Movement Of Deferred Tax Relating To Pension Surplus": -172.0,
    "Other Comprehensive Income": 736.0,
    "Total Comprehensive Income Expense": 1254.0
  },
  "2016": {
    "Turnover": 9764.0,
    "Cost Of Sales": -9074.0,
    "Gross Profit": 690.0,
    "Distribution Costs": -230.0,
    "Administrative Expenses": -60.0,
    "Other Operating Income": 42.0,
    "Operating Profit": 442.0,
    "Income From Fixed Asset Investments": 4.0,
    "Income From Disposal Of Fixed Asset Investments": 2.0,
    "Interest Receivable And Similar Income": 4.0,
    "Interest Payable And Similar Expenses": -2.0,
    "Other Finance Costs": -10.0,
    "Profit Before Tax": 442.0,
    "Tax On Profit": -84.0,
    "Profit": 358.0,
    "Actuarial Gains On Defined Benefit Pension Scheme": 22.0,
    "Movement Of Deferred Tax Relating To Pension Surplus": -2.0,
    "Other Comprehensive Income": 20.0,
    "Total Comprehensive Income": 378.0
  },
  "2015": {
    "Turnover": 11074.0,
    "Cost Of Sales": -10430.0,
    "Gross Profit": 644.0,
    "Distribution Costs": -344.0,
    "Administrative Expenses": -28.0,
    "Other Operating Income": 444.0,
    "Other Non Operating Income": 28.0,
    "Operating Profit": 738.0,
    "Income From Fixed Asset Investments": 4.0,
    "Interest Receivable And Similar Income": 4.0,
    "Interest Payable And Similar Expenses": -2.0,
    "Other Finance Costs": -10.0,
    "Profit Before Tax": 734.0,
    "Tax On Profit": -38.0,
    "Profit": 696.0,
    "Actuarial Gains On Defined Benefit Pension Scheme": 2.0,
    "Movement Of Deferred Tax Relating To Pension Deficit": 0.0,
    "Movement Of Deferred Tax Relating To Pension Liability": 0.0,
    "Other Comprehensive Income": 2.0,
    "Total Comprehensive Income": 698.0
  }
}

2025-01-16 13:58:01,743 - INFO - Extracted JSON string: {
  "2019": {
    "Turnover": 14936.0,
    "Cost Of Sales": -14194.0,
    "Gross Profit": 742.0,
    "Distribution Costs": -296.0,
    "Administrative Expenses": -170.0,
    "Other Operating Income": 8.0,
    "Operating Profit": 284.0,
    "Income From Fixed Asset Investments": 6.0,
    "Interest Receivable And Similar Income": 4.0,
    "Interest Payable And Similar Expenses": -2.0,
    "Other Finance Income": 6.0,
    "Profit Before Tax": 298.0,
    "Tax On Profit": -52.0,
    "Profit": 246.0,
    "Actuarial Gains Losses On Defined Benefit Pension Scheme": -170.0,
    "Movement Of Deferred Tax Relating To Pension Surplus Deficit": 38.0,
    "Other Comprehensive Income Expense": -132.0,
    "Total Comprehensive Income Expense": 114.0
  },
  "2018": {
    "Turnover": 15662.0,
    "Cost Of Sales": -15506.0,
    "Gross Profit": 156.0,
    "Distribution Costs": -282.0,
    "Administrative Expenses": -118.0,
    "Other Operating Income": 4.0,
    "Operating Profit": -240.0,
    "Income From Fixed Asset Investments": 4.0,
    "Interest Receivable And Similar Income": 2.0,
    "Interest Payable And Similar Expenses": -2.0,
    "Other Finance Income": 10.0,
    "Profit Before Tax": -226.0,
    "Tax On Profit": 74.0,
    "Profit": -152.0,
    "Actuarial Gains Losses On Defined Benefit Pension Scheme": 18.0,
    "Movement Of Deferred Tax Relating To Pension Surplus Deficit": -2.0,
    "Other Comprehensive Income Expense": 16.0,
    "Total Comprehensive Income Expense": -136.0
  },
  "2017": {
    "Turnover": 12766.0,
    "Cost Of Sales": -11916.0,
    "Gross Profit": 850.0,
    "Distribution Costs": -288.0,
    "Administrative Expenses": -82.0,
    "Other Operating Income": 66.0,
    "Operating Profit": 546.0,
    "Income From Fixed Asset Investments": 48.0,
    "Interest Receivable And Similar Income": 2.0,
    "Interest Payable And Similar Expenses": -2.0,
    "Other Finance Income And Expenses": -10.0,
    "Profit Before Tax": 584.0,
    "Tax On Profit": -66.0,
    "Profit": 518.0,
    "Actuarial Gains On Defined Benefit Pension Scheme": 908.0,
    "Movement Of Deferred Tax Relating To Pension Surplus": -172.0,
    "Other Comprehensive Income": 736.0,
    "Total Comprehensive Income Expense": 1254.0
  },
  "2016": {
    "Turnover": 9764.0,
    "Cost Of Sales": -9074.0,
    "Gross Profit": 690.0,
    "Distribution Costs": -230.0,
    "Administrative Expenses": -60.0,
    "Other Operating Income": 42.0,
    "Operating Profit": 442.0,
    "Income From Fixed Asset Investments": 4.0,
    "Income From Disposal Of Fixed Asset Investments": 2.0,
    "Interest Receivable And Similar Income": 4.0,
    "Interest Payable And Similar Expenses": -2.0,
    "Other Finance Costs": -10.0,
    "Profit Before Tax": 442.0,
    "Tax On Profit": -84.0,
    "Profit": 358.0,
    "Actuarial Gains On Defined Benefit Pension Scheme": 22.0,
    "Movement Of Deferred Tax Relating To Pension Surplus": -2.0,
    "Other Comprehensive Income": 20.0,
    "Total Comprehensive Income": 378.0
  },
  "2015": {
    "Turnover": 11074.0,
    "Cost Of Sales": -10430.0,
    "Gross Profit": 644.0,
    "Distribution Costs": -344.0,
    "Administrative Expenses": -28.0,
    "Other Operating Income": 444.0,
    "Other Non Operating Income": 28.0,
    "Operating Profit": 738.0,
    "Income From Fixed Asset Investments": 4.0,
    "Interest Receivable And Similar Income": 4.0,
    "Interest Payable And Similar Expenses": -2.0,
    "Other Finance Costs": -10.0,
    "Profit Before Tax": 734.0,
    "Tax On Profit": -38.0,
    "Profit": 696.0,
    "Actuarial Gains On Defined Benefit Pension Scheme": 2.0,
    "Movement Of Deferred Tax Relating To Pension Deficit": 0.0,
    "Movement Of Deferred Tax Relating To Pension Liability": 0.0,
    "Other Comprehensive Income": 2.0,
    "Total Comprehensive Income": 698.0
  }
}
2025-01-16 13:58:01,744 - INFO - [SUCCESS] Processed chunk 2015-2019 for profit_and_loss
2025-01-16 13:58:10,665 - INFO - Raw response for profit_and_loss chunk ['2020', '2021', '2022', '2023']:
2025-01-16 13:58:10,665 - INFO - Response before cleaning: ```json
{
  "2022": {
    "Turnover": 27376.0,
    "Cost Of Sales": -25166.0,
    "Gross Profit": 2210.0,
    "Distribution Costs": -152.0,
    "Administrative Expenses": -174.0,
    "Other Operating Income": 4.0,
    "Operating Profit": 1888.0,
    "Income From Fixed Asset Investments": 20.0,
    "Impairment Of Fixed Asset Investments": -214.0,
    "Interest Receivable And Similar Income": 24.0,
    "Interest Payable And Similar Expenses": -2.0,
    "Other Finance Income": 12.0,
    "Profit Before Tax": 1728.0,
    "Tax On Profit": -392.0,
    "Profit": 1336.0,
    "Actuarial Gains On Defined Benefit Pension Scheme": 108.0,
    "Pension Surplus Not Recognised": 4.0,
    "Movement Of Deferred Tax Relating To Pension Deficit": -28.0,
    "Other Comprehensive Income": 84.0,
    "Total Comprehensive Income": 1420.0
  },
  "2023": {
    "Turnover": 11207.0,
    "Cost Of Sales": -10801.0,
    "Gross Profit": 406.0,
    "Distribution Costs": -77.0,
    "Administrative Expenses": -77.0,
    "Other Operating Income": 1.0,
    "Operating Profit": 253.0,
    "Income From Fixed Asset Investments": 11.0,
    "Impairment Of Fixed Asset Investments": 0.0,
    "Interest Receivable And Similar Income": 52.0,
    "Interest Payable And Similar Expenses": -4.0,
    "Other Finance Income": 16.0,
    "Profit Before Tax": 328.0,
    "Tax On Profit": -73.0,
    "Profit": 255.0,
    "Actuarial Gains On Defined Benefit Pension Scheme": 70.0,
    "Pension Surplus Not Recognised": 5.0,
    "Movement Of Deferred Tax Relating To Pension Deficit": -17.0,
    "Other Comprehensive Income": 58.0,
    "Total Comprehensive Income": 313.0
  },
  "2021": {
    "Turnover": 12536.0,
    "Cost Of Sales": -11892.0,
    "Gross Profit": 644.0,
    "Distribution Costs": -154.0,
    "Administrative Expenses": -223.0,
    "Other Operating Income": 22.0,
    "Operating Profit": 289.0,
    "Income From Fixed Asset Investments": 6.0,
    "Impairment Of Fixed Asset Investments": 0.0,
    "Interest Receivable And Similar Income": 0.0,
    "Interest Payable And Similar Expenses": -2.0,
    "Other Finance Income": 8.0,
    "Profit Before Tax": 301.0,
    "Tax On Profit": -70.0,
    "Profit": 231.0,
    "Actuarial Gains On Defined Benefit Pension Scheme": 327.0,
    "Pension Surplus Not Recognised": 10.0,
    "Movement Of Deferred Tax Relating To Pension Deficit": -58.0,
    "Other Comprehensive Income": 279.0,
    "Total Comprehensive Income": 510.0
  },
  "2020": {
    "Turnover": 8452.0,
    "Cost Of Sales": -8800.0,
    "Gross Profit": -348.0,
    "Distribution Costs": -318.0,
    "Administrative Expenses": -170.0,
    "Other Operating Income": 30.0,
    "Operating Profit": -806.0,
    "Income From Fixed Asset Investments": 46.0,
    "Interest Receivable And Similar Income": 4.0,
    "Interest Payable And Similar Expenses": -1.0,
    "Other Finance Income And Expenses": -2.0,
    "Profit Before Tax": -759.0,
    "Tax On Profit": 148.0,
    "Profit": -610.0,
    "Actuarial Gains On Defined Benefit Pension Scheme": 736.0,
    "Movement Of Deferred Tax Relating To Pension Surplus Deficit": -67.0,
    "Other Comprehensive Income Expense": 602.0,
    "Total Comprehensive Income Expense": -8.0
  }
}
```

2025-01-16 13:58:10,667 - INFO - Response after cleaning: 
{
  "2022": {
    "Turnover": 27376.0,
    "Cost Of Sales": -25166.0,
    "Gross Profit": 2210.0,
    "Distribution Costs": -152.0,
    "Administrative Expenses": -174.0,
    "Other Operating Income": 4.0,
    "Operating Profit": 1888.0,
    "Income From Fixed Asset Investments": 20.0,
    "Impairment Of Fixed Asset Investments": -214.0,
    "Interest Receivable And Similar Income": 24.0,
    "Interest Payable And Similar Expenses": -2.0,
    "Other Finance Income": 12.0,
    "Profit Before Tax": 1728.0,
    "Tax On Profit": -392.0,
    "Profit": 1336.0,
    "Actuarial Gains On Defined Benefit Pension Scheme": 108.0,
    "Pension Surplus Not Recognised": 4.0,
    "Movement Of Deferred Tax Relating To Pension Deficit": -28.0,
    "Other Comprehensive Income": 84.0,
    "Total Comprehensive Income": 1420.0
  },
  "2023": {
    "Turnover": 11207.0,
    "Cost Of Sales": -10801.0,
    "Gross Profit": 406.0,
    "Distribution Costs": -77.0,
    "Administrative Expenses": -77.0,
    "Other Operating Income": 1.0,
    "Operating Profit": 253.0,
    "Income From Fixed Asset Investments": 11.0,
    "Impairment Of Fixed Asset Investments": 0.0,
    "Interest Receivable And Similar Income": 52.0,
    "Interest Payable And Similar Expenses": -4.0,
    "Other Finance Income": 16.0,
    "Profit Before Tax": 328.0,
    "Tax On Profit": -73.0,
    "Profit": 255.0,
    "Actuarial Gains On Defined Benefit Pension Scheme": 70.0,
    "Pension Surplus Not Recognised": 5.0,
    "Movement Of Deferred Tax Relating To Pension Deficit": -17.0,
    "Other Comprehensive Income": 58.0,
    "Total Comprehensive Income": 313.0
  },
  "2021": {
    "Turnover": 12536.0,
    "Cost Of Sales": -11892.0,
    "Gross Profit": 644.0,
    "Distribution Costs": -154.0,
    "Administrative Expenses": -223.0,
    "Other Operating Income": 22.0,
    "Operating Profit": 289.0,
    "Income From Fixed Asset Investments": 6.0,
    "Impairment Of Fixed Asset Investments": 0.0,
    "Interest Receivable And Similar Income": 0.0,
    "Interest Payable And Similar Expenses": -2.0,
    "Other Finance Income": 8.0,
    "Profit Before Tax": 301.0,
    "Tax On Profit": -70.0,
    "Profit": 231.0,
    "Actuarial Gains On Defined Benefit Pension Scheme": 327.0,
    "Pension Surplus Not Recognised": 10.0,
    "Movement Of Deferred Tax Relating To Pension Deficit": -58.0,
    "Other Comprehensive Income": 279.0,
    "Total Comprehensive Income": 510.0
  },
  "2020": {
    "Turnover": 8452.0,
    "Cost Of Sales": -8800.0,
    "Gross Profit": -348.0,
    "Distribution Costs": -318.0,
    "Administrative Expenses": -170.0,
    "Other Operating Income": 30.0,
    "Operating Profit": -806.0,
    "Income From Fixed Asset Investments": 46.0,
    "Interest Receivable And Similar Income": 4.0,
    "Interest Payable And Similar Expenses": -1.0,
    "Other Finance Income And Expenses": -2.0,
    "Profit Before Tax": -759.0,
    "Tax On Profit": 148.0,
    "Profit": -610.0,
    "Actuarial Gains On Defined Benefit Pension Scheme": 736.0,
    "Movement Of Deferred Tax Relating To Pension Surplus Deficit": -67.0,
    "Other Comprehensive Income Expense": 602.0,
    "Total Comprehensive Income Expense": -8.0
  }
}

2025-01-16 13:58:10,668 - INFO - Extracted JSON string: {
  "2022": {
    "Turnover": 27376.0,
    "Cost Of Sales": -25166.0,
    "Gross Profit": 2210.0,
    "Distribution Costs": -152.0,
    "Administrative Expenses": -174.0,
    "Other Operating Income": 4.0,
    "Operating Profit": 1888.0,
    "Income From Fixed Asset Investments": 20.0,
    "Impairment Of Fixed Asset Investments": -214.0,
    "Interest Receivable And Similar Income": 24.0,
    "Interest Payable And Similar Expenses": -2.0,
    "Other Finance Income": 12.0,
    "Profit Before Tax": 1728.0,
    "Tax On Profit": -392.0,
    "Profit": 1336.0,
    "Actuarial Gains On Defined Benefit Pension Scheme": 108.0,
    "Pension Surplus Not Recognised": 4.0,
    "Movement Of Deferred Tax Relating To Pension Deficit": -28.0,
    "Other Comprehensive Income": 84.0,
    "Total Comprehensive Income": 1420.0
  },
  "2023": {
    "Turnover": 11207.0,
    "Cost Of Sales": -10801.0,
    "Gross Profit": 406.0,
    "Distribution Costs": -77.0,
    "Administrative Expenses": -77.0,
    "Other Operating Income": 1.0,
    "Operating Profit": 253.0,
    "Income From Fixed Asset Investments": 11.0,
    "Impairment Of Fixed Asset Investments": 0.0,
    "Interest Receivable And Similar Income": 52.0,
    "Interest Payable And Similar Expenses": -4.0,
    "Other Finance Income": 16.0,
    "Profit Before Tax": 328.0,
    "Tax On Profit": -73.0,
    "Profit": 255.0,
    "Actuarial Gains On Defined Benefit Pension Scheme": 70.0,
    "Pension Surplus Not Recognised": 5.0,
    "Movement Of Deferred Tax Relating To Pension Deficit": -17.0,
    "Other Comprehensive Income": 58.0,
    "Total Comprehensive Income": 313.0
  },
  "2021": {
    "Turnover": 12536.0,
    "Cost Of Sales": -11892.0,
    "Gross Profit": 644.0,
    "Distribution Costs": -154.0,
    "Administrative Expenses": -223.0,
    "Other Operating Income": 22.0,
    "Operating Profit": 289.0,
    "Income From Fixed Asset Investments": 6.0,
    "Impairment Of Fixed Asset Investments": 0.0,
    "Interest Receivable And Similar Income": 0.0,
    "Interest Payable And Similar Expenses": -2.0,
    "Other Finance Income": 8.0,
    "Profit Before Tax": 301.0,
    "Tax On Profit": -70.0,
    "Profit": 231.0,
    "Actuarial Gains On Defined Benefit Pension Scheme": 327.0,
    "Pension Surplus Not Recognised": 10.0,
    "Movement Of Deferred Tax Relating To Pension Deficit": -58.0,
    "Other Comprehensive Income": 279.0,
    "Total Comprehensive Income": 510.0
  },
  "2020": {
    "Turnover": 8452.0,
    "Cost Of Sales": -8800.0,
    "Gross Profit": -348.0,
    "Distribution Costs": -318.0,
    "Administrative Expenses": -170.0,
    "Other Operating Income": 30.0,
    "Operating Profit": -806.0,
    "Income From Fixed Asset Investments": 46.0,
    "Interest Receivable And Similar Income": 4.0,
    "Interest Payable And Similar Expenses": -1.0,
    "Other Finance Income And Expenses": -2.0,
    "Profit Before Tax": -759.0,
    "Tax On Profit": 148.0,
    "Profit": -610.0,
    "Actuarial Gains On Defined Benefit Pension Scheme": 736.0,
    "Movement Of Deferred Tax Relating To Pension Surplus Deficit": -67.0,
    "Other Comprehensive Income Expense": 602.0,
    "Total Comprehensive Income Expense": -8.0
  }
}
2025-01-16 13:58:10,670 - INFO - [SUCCESS] Processed chunk 2020-2023 for profit_and_loss
2025-01-16 13:58:19,068 - INFO - [SUCCESS] Created standardized mapping for 75 balance_sheet line items
2025-01-16 13:58:30,071 - INFO - Raw response for balance_sheet chunk ['1989', '1990', '1991', '1992', '1993']:
2025-01-16 13:58:30,071 - INFO - Response before cleaning: ```json
{
  "1989": {
    "Intangible Fixed Assets": 20.2,
    "Tangible Assets": 1301.4,
    "Investments": 0.0,
    "Total Fixed Assets": 1321.6,
    "Stocks": 347.0,
    "Accounts Receivable": 364.8,
    "Cash At Bank And In Hand": 25.7,
    "Total Current Assets": 737.5,
    "Accounts Payable Due Within One Year": -784.4,
    "Net Current Assets Liabilities": -46.9,
    "Total Assets Less Current Liabilities": 1274.7,
    "Accounts Payable Due After More Than One Year": -462.9,
    "Deferred Tax": -6.5,
    "Minority Interest": -2.1,
    "Called Up Share Capital": 228.4,
    "Revaluation Reserve": 331.0,
    "Profit And Loss Account": 243.8,
    "Total Capital And Reserves": 803.2
  },
  "1990": {
    "Intangible Fixed Assets": 23.4,
    "Tangible Assets": 1433.8,
    "Investments": 0.0,
    "Total Fixed Assets": 1457.2,
    "Stocks": 344.9,
    "Accounts Receivable": 838.6,
    "Cash At Bank And In Hand": 26.3,
    "Total Current Assets": 1209.8,
    "Accounts Payable Due Within One Year": -1076.5,
    "Net Current Assets Liabilities": 133.3,
    "Total Assets Less Current Liabilities": 1590.5,
    "Accounts Payable Due After More Than One Year": -666.6,
    "Deferred Tax": -5.6,
    "Minority Interest": -2.4,
    "Called Up Share Capital": 228.4,
    "Revaluation Reserve": 330.5,
    "Profit And Loss Account": 357.0,
    "Total Capital And Reserves": 915.9
  },
  "1991": {
    "Intangible Fixed Assets": 21.7,
    "Tangible Assets": 1505.3,
    "Investments": 0.0,
    "Total Fixed Assets": 1527.0,
    "Stocks": 304.8,
    "Accounts Receivable Due Within One Year": 225.6,
    "Accounts Receivable Due After More Than One Year": 201.3,
    "Cash At Bank And In Hand": 25.2,
    "Total Current Assets": 756.9,
    "Accounts Payable Due Within One Year": -581.5,
    "Net Current Assets": 175.4,
    "Total Assets Less Current Liabilities": 1702.4,
    "Accounts Payable Due After More Than One Year": -761.4,
    "Provisions For Liabilities And Charges": -5.6,
    "Minority Interest": -3.5,
    "Called Up Share Capital": 228.4,
    "Revaluation Reserve": 330.1,
    "Profit And Loss Account": 373.4,
    "Total Capital And Reserves": 931.9
  },
  "1992": {
    "Intangible Fixed Assets": 40.0,
    "Tangible Assets": 3113.6,
    "Investments": 0.0,
    "Total Fixed Assets": 3153.6,
    "Stocks": 610.0,
    "Accounts Receivable Due Within One Year": 583.2,
    "Accounts Receivable Due After More Than One Year": 425.0,
    "Cash At Bank And In Hand": 35.0,
    "Total Current Assets": 1653.2,
    "Accounts Payable Due Within One Year": -1447.2,
    "Net Current Assets": 206.0,
    "Total Assets Less Current Liabilities": 3359.6,
    "Accounts Payable Due After More Than One Year": -1485.2,
    "Provisions For Liabilities And Charges": -12.2,
    "Minority Interest": -6.4,
    "Called Up Share Capital": 456.8,
    "Revaluation Reserve": 658.0,
    "Profit And Loss Account": 741.0,
    "Total Capital And Reserves": 1855.8
  },
  "1993": {
    "Intangible Fixed Assets": 18.2,
    "Tangible Assets": 1516.5,
    "Investments": 0.0,
    "Total Fixed Assets": 1534.7,
    "Stocks": 288.1,
    "Accounts Receivable Due Within One Year": 268.9,
    "Accounts Receivable Due After More Than One Year": 207.4,
    "Cash At Bank And In Hand": 3.5,
    "Total Current Assets": 767.9,
    "Accounts Payable Due Within One Year": -694.4,
    "Net Current Assets": 73.5,
    "Total Assets Less Current Liabilities": 1608.2,
    "Accounts Payable Due After More Than One Year": 664.5,
    "Provisions For Liabilities And Charges": 6.3,
    "Minority Interest": 3.4,
    "Called Up Share Capital": 228.4,
    "Revaluation Reserve": 264.0,
    "Profit And Loss Account": 441.6,
    "Total Capital And Reserves": 934.0
  }
}
```

2025-01-16 13:58:30,072 - INFO - Response after cleaning: 
{
  "1989": {
    "Intangible Fixed Assets": 20.2,
    "Tangible Assets": 1301.4,
    "Investments": 0.0,
    "Total Fixed Assets": 1321.6,
    "Stocks": 347.0,
    "Accounts Receivable": 364.8,
    "Cash At Bank And In Hand": 25.7,
    "Total Current Assets": 737.5,
    "Accounts Payable Due Within One Year": -784.4,
    "Net Current Assets Liabilities": -46.9,
    "Total Assets Less Current Liabilities": 1274.7,
    "Accounts Payable Due After More Than One Year": -462.9,
    "Deferred Tax": -6.5,
    "Minority Interest": -2.1,
    "Called Up Share Capital": 228.4,
    "Revaluation Reserve": 331.0,
    "Profit And Loss Account": 243.8,
    "Total Capital And Reserves": 803.2
  },
  "1990": {
    "Intangible Fixed Assets": 23.4,
    "Tangible Assets": 1433.8,
    "Investments": 0.0,
    "Total Fixed Assets": 1457.2,
    "Stocks": 344.9,
    "Accounts Receivable": 838.6,
    "Cash At Bank And In Hand": 26.3,
    "Total Current Assets": 1209.8,
    "Accounts Payable Due Within One Year": -1076.5,
    "Net Current Assets Liabilities": 133.3,
    "Total Assets Less Current Liabilities": 1590.5,
    "Accounts Payable Due After More Than One Year": -666.6,
    "Deferred Tax": -5.6,
    "Minority Interest": -2.4,
    "Called Up Share Capital": 228.4,
    "Revaluation Reserve": 330.5,
    "Profit And Loss Account": 357.0,
    "Total Capital And Reserves": 915.9
  },
  "1991": {
    "Intangible Fixed Assets": 21.7,
    "Tangible Assets": 1505.3,
    "Investments": 0.0,
    "Total Fixed Assets": 1527.0,
    "Stocks": 304.8,
    "Accounts Receivable Due Within One Year": 225.6,
    "Accounts Receivable Due After More Than One Year": 201.3,
    "Cash At Bank And In Hand": 25.2,
    "Total Current Assets": 756.9,
    "Accounts Payable Due Within One Year": -581.5,
    "Net Current Assets": 175.4,
    "Total Assets Less Current Liabilities": 1702.4,
    "Accounts Payable Due After More Than One Year": -761.4,
    "Provisions For Liabilities And Charges": -5.6,
    "Minority Interest": -3.5,
    "Called Up Share Capital": 228.4,
    "Revaluation Reserve": 330.1,
    "Profit And Loss Account": 373.4,
    "Total Capital And Reserves": 931.9
  },
  "1992": {
    "Intangible Fixed Assets": 40.0,
    "Tangible Assets": 3113.6,
    "Investments": 0.0,
    "Total Fixed Assets": 3153.6,
    "Stocks": 610.0,
    "Accounts Receivable Due Within One Year": 583.2,
    "Accounts Receivable Due After More Than One Year": 425.0,
    "Cash At Bank And In Hand": 35.0,
    "Total Current Assets": 1653.2,
    "Accounts Payable Due Within One Year": -1447.2,
    "Net Current Assets": 206.0,
    "Total Assets Less Current Liabilities": 3359.6,
    "Accounts Payable Due After More Than One Year": -1485.2,
    "Provisions For Liabilities And Charges": -12.2,
    "Minority Interest": -6.4,
    "Called Up Share Capital": 456.8,
    "Revaluation Reserve": 658.0,
    "Profit And Loss Account": 741.0,
    "Total Capital And Reserves": 1855.8
  },
  "1993": {
    "Intangible Fixed Assets": 18.2,
    "Tangible Assets": 1516.5,
    "Investments": 0.0,
    "Total Fixed Assets": 1534.7,
    "Stocks": 288.1,
    "Accounts Receivable Due Within One Year": 268.9,
    "Accounts Receivable Due After More Than One Year": 207.4,
    "Cash At Bank And In Hand": 3.5,
    "Total Current Assets": 767.9,
    "Accounts Payable Due Within One Year": -694.4,
    "Net Current Assets": 73.5,
    "Total Assets Less Current Liabilities": 1608.2,
    "Accounts Payable Due After More Than One Year": 664.5,
    "Provisions For Liabilities And Charges": 6.3,
    "Minority Interest": 3.4,
    "Called Up Share Capital": 228.4,
    "Revaluation Reserve": 264.0,
    "Profit And Loss Account": 441.6,
    "Total Capital And Reserves": 934.0
  }
}

2025-01-16 13:58:30,073 - INFO - Extracted JSON string: {
  "1989": {
    "Intangible Fixed Assets": 20.2,
    "Tangible Assets": 1301.4,
    "Investments": 0.0,
    "Total Fixed Assets": 1321.6,
    "Stocks": 347.0,
    "Accounts Receivable": 364.8,
    "Cash At Bank And In Hand": 25.7,
    "Total Current Assets": 737.5,
    "Accounts Payable Due Within One Year": -784.4,
    "Net Current Assets Liabilities": -46.9,
    "Total Assets Less Current Liabilities": 1274.7,
    "Accounts Payable Due After More Than One Year": -462.9,
    "Deferred Tax": -6.5,
    "Minority Interest": -2.1,
    "Called Up Share Capital": 228.4,
    "Revaluation Reserve": 331.0,
    "Profit And Loss Account": 243.8,
    "Total Capital And Reserves": 803.2
  },
  "1990": {
    "Intangible Fixed Assets": 23.4,
    "Tangible Assets": 1433.8,
    "Investments": 0.0,
    "Total Fixed Assets": 1457.2,
    "Stocks": 344.9,
    "Accounts Receivable": 838.6,
    "Cash At Bank And In Hand": 26.3,
    "Total Current Assets": 1209.8,
    "Accounts Payable Due Within One Year": -1076.5,
    "Net Current Assets Liabilities": 133.3,
    "Total Assets Less Current Liabilities": 1590.5,
    "Accounts Payable Due After More Than One Year": -666.6,
    "Deferred Tax": -5.6,
    "Minority Interest": -2.4,
    "Called Up Share Capital": 228.4,
    "Revaluation Reserve": 330.5,
    "Profit And Loss Account": 357.0,
    "Total Capital And Reserves": 915.9
  },
  "1991": {
    "Intangible Fixed Assets": 21.7,
    "Tangible Assets": 1505.3,
    "Investments": 0.0,
    "Total Fixed Assets": 1527.0,
    "Stocks": 304.8,
    "Accounts Receivable Due Within One Year": 225.6,
    "Accounts Receivable Due After More Than One Year": 201.3,
    "Cash At Bank And In Hand": 25.2,
    "Total Current Assets": 756.9,
    "Accounts Payable Due Within One Year": -581.5,
    "Net Current Assets": 175.4,
    "Total Assets Less Current Liabilities": 1702.4,
    "Accounts Payable Due After More Than One Year": -761.4,
    "Provisions For Liabilities And Charges": -5.6,
    "Minority Interest": -3.5,
    "Called Up Share Capital": 228.4,
    "Revaluation Reserve": 330.1,
    "Profit And Loss Account": 373.4,
    "Total Capital And Reserves": 931.9
  },
  "1992": {
    "Intangible Fixed Assets": 40.0,
    "Tangible Assets": 3113.6,
    "Investments": 0.0,
    "Total Fixed Assets": 3153.6,
    "Stocks": 610.0,
    "Accounts Receivable Due Within One Year": 583.2,
    "Accounts Receivable Due After More Than One Year": 425.0,
    "Cash At Bank And In Hand": 35.0,
    "Total Current Assets": 1653.2,
    "Accounts Payable Due Within One Year": -1447.2,
    "Net Current Assets": 206.0,
    "Total Assets Less Current Liabilities": 3359.6,
    "Accounts Payable Due After More Than One Year": -1485.2,
    "Provisions For Liabilities And Charges": -12.2,
    "Minority Interest": -6.4,
    "Called Up Share Capital": 456.8,
    "Revaluation Reserve": 658.0,
    "Profit And Loss Account": 741.0,
    "Total Capital And Reserves": 1855.8
  },
  "1993": {
    "Intangible Fixed Assets": 18.2,
    "Tangible Assets": 1516.5,
    "Investments": 0.0,
    "Total Fixed Assets": 1534.7,
    "Stocks": 288.1,
    "Accounts Receivable Due Within One Year": 268.9,
    "Accounts Receivable Due After More Than One Year": 207.4,
    "Cash At Bank And In Hand": 3.5,
    "Total Current Assets": 767.9,
    "Accounts Payable Due Within One Year": -694.4,
    "Net Current Assets": 73.5,
    "Total Assets Less Current Liabilities": 1608.2,
    "Accounts Payable Due After More Than One Year": 664.5,
    "Provisions For Liabilities And Charges": 6.3,
    "Minority Interest": 3.4,
    "Called Up Share Capital": 228.4,
    "Revaluation Reserve": 264.0,
    "Profit And Loss Account": 441.6,
    "Total Capital And Reserves": 934.0
  }
}
2025-01-16 13:58:30,073 - INFO - [SUCCESS] Processed chunk 1989-1993 for balance_sheet
2025-01-16 13:58:42,983 - INFO - Raw response for balance_sheet chunk ['2000', '2001', '2002', '2003', '2004']:
2025-01-16 13:58:42,983 - INFO - Response before cleaning: ```json
{
  "2000": {
    "Intangible Fixed Assets": 8.8,
    "Tangible Fixed Assets": 1335.1,
    "Investments": 26.1,
    "Total Fixed Assets": 1370.0,
    "Inventories": 384.7,
    "Accounts Receivable Due Within One Year": 1022.4,
    "Accounts Receivable Due After More Than One Year": 127.7,
    "Cash At Bank And In Hand": 37.3,
    "Total Current Assets": 1572.1,
    "Accounts Payable Due Within One Year": -1417.7,
    "Net Current Assets": 154.4,
    "Total Assets Less Current Liabilities": 1524.4,
    "Accounts Payable Due After More Than One Year": -743.5,
    "Provisions For Liabilities And Charges": -7.3,
    "Net Assets": 773.6,
    "Called Up Share Capital": 228.4,
    "Revaluation Reserve": 186.0,
    "Capital Reserve": 3.3,
    "Profit And Loss Account": 355.9,
    "Total Shareholders Funds": 773.6
  },
  "2001": {
    "Intangible Fixed Assets": 15.6,
    "Tangible Fixed Assets": 2674.4,
    "Investments": 46.4,
    "Total Fixed Assets": 2736.4,
    "Inventories": 647.8,
    "Accounts Receivable Due Within One Year": 1386.4,
    "Accounts Receivable Due After More Than One Year": 246.6,
    "Cash At Bank And In Hand": 14.6,
    "Total Current Assets": 2295.4,
    "Accounts Payable Due Within One Year": -2337.8,
    "Net Current Assets": -42.4,
    "Total Assets Less Current Liabilities": 2694.0,
    "Accounts Payable Due After More Than One Year": -1479.8,
    "Provisions For Liabilities And Charges": -152.8,
    "Net Assets": 1061.4,
    "Called Up Share Capital": 456.8,
    "Revaluation Reserve": 372.0,
    "Capital Reserve": 6.6,
    "Profit And Loss Account": 226.0,
    "Total Shareholders Funds": 1061.4
  },
  "2002": {
    "Intangible Fixed Assets": 14.6,
    "Tangible Fixed Assets": 2551.2,
    "Investments": 46.4,
    "Total Fixed Assets": 2612.2,
    "Inventories": 673.8,
    "Accounts Receivable Due Within One Year": 1097.0,
    "Accounts Receivable Due After More Than One Year": 239.8,
    "Cash At Bank And In Hand": 60.4,
    "Total Current Assets": 2071.0,
    "Accounts Payable Due Within One Year": -1505.2,
    "Net Current Assets": 565.8,
    "Total Assets Less Current Liabilities": 3178.0,
    "Accounts Payable Due After More Than One Year": -1455.8,
    "Provisions For Liabilities And Charges": -266.6,
    "Net Assets": 1455.6,
    "Called Up Share Capital": 1146.8,
    "Revaluation Reserve": 372.0,
    "Capital Reserve": 6.6,
    "Profit And Loss Account": -69.8,
    "Total Shareholders Funds": 1455.6,
    "Equity Interests": 765.6,
    "Non Equity Interests": 690.0
  },
  "2003": {
    "Intangible Fixed Assets": 12.8,
    "Tangible Fixed Assets": 2509.8,
    "Investments": 19.4,
    "Total Fixed Assets": 2542.0,
    "Inventories": 594.8,
    "Accounts Receivable Due Within One Year": 1151.0,
    "Accounts Receivable Due After More Than One Year": 176.8,
    "Cash At Bank And In Hand": 70.2,
    "Total Current Assets": 1992.8,
    "Accounts Payable Due Within One Year": -1359.2,
    "Net Current Assets": 633.6,
    "Total Assets Less Current Liabilities": 3175.6,
    "Accounts Payable Due After More Than One Year": -1454.4,
    "Provisions For Liabilities And Charges": -242.0,
    "Net Assets": 1479.2,
    "Called Up Share Capital": 1146.8,
    "Revaluation Reserve": 372.0,
    "Capital Reserve": 6.6,
    "Profit And Loss Account": -46.2,
    "Total Shareholders Funds": 1479.2,
    "Equity Interests": 689.2,
    "Non Equity Interests": 790.0
  },
  "2004": {
    "Intangible Fixed Assets": 10.8,
    "Tangible Fixed Assets": 2883.4,
    "Investments": 19.4,
    "Total Fixed Assets": 2913.6,
    "Inventories": 673.4,
    "Accounts Receivable Due Within One Year": 1261.9,
    "Accounts Receivable Due After More Than One Year": 78.4,
    "Cash At Bank And In Hand": 39.7,
    "Total Current Assets": 2053.4,
    "Accounts Payable Due Within One Year": -2545.7,
    "Net Current Assets": 84.6,
    "Net Current Liabilities": -576.9,
    "Total Assets Less Current Liabilities": 2421.3,
    "Accounts Payable Due After More Than One Year": -346.2,
    "Provisions For Liabilities And Charges": -234.1,
    "Net Assets Excluding Pension Liability": 740.3,
    "Pension Liability": -599.8,
    "Net Assets Including Pension Liability": 140.5,
    "Called Up Share Capital": 801.8,
    "Profit And Loss Reserve": -370.6,
    "Revaluation Reserve": 803.4,
    "Capital Reserve": 9.9,
    "Total Shareholders Funds": 1241.2,
    "Equity Interests": 438.4,
    "Non Equity Interests": 662.3
  }
}
```
2025-01-16 13:58:42,984 - INFO - Response after cleaning: 
{
  "2000": {
    "Intangible Fixed Assets": 8.8,
    "Tangible Fixed Assets": 1335.1,
    "Investments": 26.1,
    "Total Fixed Assets": 1370.0,
    "Inventories": 384.7,
    "Accounts Receivable Due Within One Year": 1022.4,
    "Accounts Receivable Due After More Than One Year": 127.7,
    "Cash At Bank And In Hand": 37.3,
    "Total Current Assets": 1572.1,
    "Accounts Payable Due Within One Year": -1417.7,
    "Net Current Assets": 154.4,
    "Total Assets Less Current Liabilities": 1524.4,
    "Accounts Payable Due After More Than One Year": -743.5,
    "Provisions For Liabilities And Charges": -7.3,
    "Net Assets": 773.6,
    "Called Up Share Capital": 228.4,
    "Revaluation Reserve": 186.0,
    "Capital Reserve": 3.3,
    "Profit And Loss Account": 355.9,
    "Total Shareholders Funds": 773.6
  },
  "2001": {
    "Intangible Fixed Assets": 15.6,
    "Tangible Fixed Assets": 2674.4,
    "Investments": 46.4,
    "Total Fixed Assets": 2736.4,
    "Inventories": 647.8,
    "Accounts Receivable Due Within One Year": 1386.4,
    "Accounts Receivable Due After More Than One Year": 246.6,
    "Cash At Bank And In Hand": 14.6,
    "Total Current Assets": 2295.4,
    "Accounts Payable Due Within One Year": -2337.8,
    "Net Current Assets": -42.4,
    "Total Assets Less Current Liabilities": 2694.0,
    "Accounts Payable Due After More Than One Year": -1479.8,
    "Provisions For Liabilities And Charges": -152.8,
    "Net Assets": 1061.4,
    "Called Up Share Capital": 456.8,
    "Revaluation Reserve": 372.0,
    "Capital Reserve": 6.6,
    "Profit And Loss Account": 226.0,
    "Total Shareholders Funds": 1061.4
  },
  "2002": {
    "Intangible Fixed Assets": 14.6,
    "Tangible Fixed Assets": 2551.2,
    "Investments": 46.4,
    "Total Fixed Assets": 2612.2,
    "Inventories": 673.8,
    "Accounts Receivable Due Within One Year": 1097.0,
    "Accounts Receivable Due After More Than One Year": 239.8,
    "Cash At Bank And In Hand": 60.4,
    "Total Current Assets": 2071.0,
    "Accounts Payable Due Within One Year": -1505.2,
    "Net Current Assets": 565.8,
    "Total Assets Less Current Liabilities": 3178.0,
    "Accounts Payable Due After More Than One Year": -1455.8,
    "Provisions For Liabilities And Charges": -266.6,
    "Net Assets": 1455.6,
    "Called Up Share Capital": 1146.8,
    "Revaluation Reserve": 372.0,
    "Capital Reserve": 6.6,
    "Profit And Loss Account": -69.8,
    "Total Shareholders Funds": 1455.6,
    "Equity Interests": 765.6,
    "Non Equity Interests": 690.0
  },
  "2003": {
    "Intangible Fixed Assets": 12.8,
    "Tangible Fixed Assets": 2509.8,
    "Investments": 19.4,
    "Total Fixed Assets": 2542.0,
    "Inventories": 594.8,
    "Accounts Receivable Due Within One Year": 1151.0,
    "Accounts Receivable Due After More Than One Year": 176.8,
    "Cash At Bank And In Hand": 70.2,
    "Total Current Assets": 1992.8,
    "Accounts Payable Due Within One Year": -1359.2,
    "Net Current Assets": 633.6,
    "Total Assets Less Current Liabilities": 3175.6,
    "Accounts Payable Due After More Than One Year": -1454.4,
    "Provisions For Liabilities And Charges": -242.0,
    "Net Assets": 1479.2,
    "Called Up Share Capital": 1146.8,
    "Revaluation Reserve": 372.0,
    "Capital Reserve": 6.6,
    "Profit And Loss Account": -46.2,
    "Total Shareholders Funds": 1479.2,
    "Equity Interests": 689.2,
    "Non Equity Interests": 790.0
  },
  "2004": {
    "Intangible Fixed Assets": 10.8,
    "Tangible Fixed Assets": 2883.4,
    "Investments": 19.4,
    "Total Fixed Assets": 2913.6,
    "Inventories": 673.4,
    "Accounts Receivable Due Within One Year": 1261.9,
    "Accounts Receivable Due After More Than One Year": 78.4,
    "Cash At Bank And In Hand": 39.7,
    "Total Current Assets": 2053.4,
    "Accounts Payable Due Within One Year": -2545.7,
    "Net Current Assets": 84.6,
    "Net Current Liabilities": -576.9,
    "Total Assets Less Current Liabilities": 2421.3,
    "Accounts Payable Due After More Than One Year": -346.2,
    "Provisions For Liabilities And Charges": -234.1,
    "Net Assets Excluding Pension Liability": 740.3,
    "Pension Liability": -599.8,
    "Net Assets Including Pension Liability": 140.5,
    "Called Up Share Capital": 801.8,
    "Profit And Loss Reserve": -370.6,
    "Revaluation Reserve": 803.4,
    "Capital Reserve": 9.9,
    "Total Shareholders Funds": 1241.2,
    "Equity Interests": 438.4,
    "Non Equity Interests": 662.3
  }
}

2025-01-16 13:58:42,985 - INFO - Extracted JSON string: {
  "2000": {
    "Intangible Fixed Assets": 8.8,
    "Tangible Fixed Assets": 1335.1,
    "Investments": 26.1,
    "Total Fixed Assets": 1370.0,
    "Inventories": 384.7,
    "Accounts Receivable Due Within One Year": 1022.4,
    "Accounts Receivable Due After More Than One Year": 127.7,
    "Cash At Bank And In Hand": 37.3,
    "Total Current Assets": 1572.1,
    "Accounts Payable Due Within One Year": -1417.7,
    "Net Current Assets": 154.4,
    "Total Assets Less Current Liabilities": 1524.4,
    "Accounts Payable Due After More Than One Year": -743.5,
    "Provisions For Liabilities And Charges": -7.3,
    "Net Assets": 773.6,
    "Called Up Share Capital": 228.4,
    "Revaluation Reserve": 186.0,
    "Capital Reserve": 3.3,
    "Profit And Loss Account": 355.9,
    "Total Shareholders Funds": 773.6
  },
  "2001": {
    "Intangible Fixed Assets": 15.6,
    "Tangible Fixed Assets": 2674.4,
    "Investments": 46.4,
    "Total Fixed Assets": 2736.4,
    "Inventories": 647.8,
    "Accounts Receivable Due Within One Year": 1386.4,
    "Accounts Receivable Due After More Than One Year": 246.6,
    "Cash At Bank And In Hand": 14.6,
    "Total Current Assets": 2295.4,
    "Accounts Payable Due Within One Year": -2337.8,
    "Net Current Assets": -42.4,
    "Total Assets Less Current Liabilities": 2694.0,
    "Accounts Payable Due After More Than One Year": -1479.8,
    "Provisions For Liabilities And Charges": -152.8,
    "Net Assets": 1061.4,
    "Called Up Share Capital": 456.8,
    "Revaluation Reserve": 372.0,
    "Capital Reserve": 6.6,
    "Profit And Loss Account": 226.0,
    "Total Shareholders Funds": 1061.4
  },
  "2002": {
    "Intangible Fixed Assets": 14.6,
    "Tangible Fixed Assets": 2551.2,
    "Investments": 46.4,
    "Total Fixed Assets": 2612.2,
    "Inventories": 673.8,
    "Accounts Receivable Due Within One Year": 1097.0,
    "Accounts Receivable Due After More Than One Year": 239.8,
    "Cash At Bank And In Hand": 60.4,
    "Total Current Assets": 2071.0,
    "Accounts Payable Due Within One Year": -1505.2,
    "Net Current Assets": 565.8,
    "Total Assets Less Current Liabilities": 3178.0,
    "Accounts Payable Due After More Than One Year": -1455.8,
    "Provisions For Liabilities And Charges": -266.6,
    "Net Assets": 1455.6,
    "Called Up Share Capital": 1146.8,
    "Revaluation Reserve": 372.0,
    "Capital Reserve": 6.6,
    "Profit And Loss Account": -69.8,
    "Total Shareholders Funds": 1455.6,
    "Equity Interests": 765.6,
    "Non Equity Interests": 690.0
  },
  "2003": {
    "Intangible Fixed Assets": 12.8,
    "Tangible Fixed Assets": 2509.8,
    "Investments": 19.4,
    "Total Fixed Assets": 2542.0,
    "Inventories": 594.8,
    "Accounts Receivable Due Within One Year": 1151.0,
    "Accounts Receivable Due After More Than One Year": 176.8,
    "Cash At Bank And In Hand": 70.2,
    "Total Current Assets": 1992.8,
    "Accounts Payable Due Within One Year": -1359.2,
    "Net Current Assets": 633.6,
    "Total Assets Less Current Liabilities": 3175.6,
    "Accounts Payable Due After More Than One Year": -1454.4,
    "Provisions For Liabilities And Charges": -242.0,
    "Net Assets": 1479.2,
    "Called Up Share Capital": 1146.8,
    "Revaluation Reserve": 372.0,
    "Capital Reserve": 6.6,
    "Profit And Loss Account": -46.2,
    "Total Shareholders Funds": 1479.2,
    "Equity Interests": 689.2,
    "Non Equity Interests": 790.0
  },
  "2004": {
    "Intangible Fixed Assets": 10.8,
    "Tangible Fixed Assets": 2883.4,
    "Investments": 19.4,
    "Total Fixed Assets": 2913.6,
    "Inventories": 673.4,
    "Accounts Receivable Due Within One Year": 1261.9,
    "Accounts Receivable Due After More Than One Year": 78.4,
    "Cash At Bank And In Hand": 39.7,
    "Total Current Assets": 2053.4,
    "Accounts Payable Due Within One Year": -2545.7,
    "Net Current Assets": 84.6,
    "Net Current Liabilities": -576.9,
    "Total Assets Less Current Liabilities": 2421.3,
    "Accounts Payable Due After More Than One Year": -346.2,
    "Provisions For Liabilities And Charges": -234.1,
    "Net Assets Excluding Pension Liability": 740.3,
    "Pension Liability": -599.8,
    "Net Assets Including Pension Liability": 140.5,
    "Called Up Share Capital": 801.8,
    "Profit And Loss Reserve": -370.6,
    "Revaluation Reserve": 803.4,
    "Capital Reserve": 9.9,
    "Total Shareholders Funds": 1241.2,
    "Equity Interests": 438.4,
    "Non Equity Interests": 662.3
  }
}
2025-01-16 13:58:42,986 - INFO - [SUCCESS] Processed chunk 2000-2004 for balance_sheet
2025-01-16 13:58:59,085 - INFO - Raw response for balance_sheet chunk ['2005', '2006', '2007', '2008', '2009']:
2025-01-16 13:58:59,085 - INFO - Response before cleaning: ```json
{
  "2009": {
    "Intangible Assets": 4.4,
    "Tangible Assets": 2858.1,
    "Investments": 19.7,
    "Total Fixed Assets": 2882.2,
    "Stocks": 1140.0,
    "Accounts Receivable Due Within One Year": 1223.7,
    "Accounts Receivable Due After More Than One Year": 18.1,
    "Cash At Bank": 5.0,
    "Cash At Bank And In Hand": 5.5,
    "Total Current Assets": 3636.2,
    "Accounts Payable Due Within One Year": -2463.9,
    "Net Current Assets": 1172.3,
    "Total Assets Less Current Liabilities": 4054.5,
    "Accounts Payable Due After More Than One Year": -635.8,
    "Deferred Tax": -61.0,
    "Other Provisions": -1.0,
    "Total Provisions For Liabilities": -62.0,
    "Net Assets Excluding Pension Scheme Assets Liabilities": 1647.0,
    "Net Assets Excluding Pension Liability": 1647.7,
    "Defined Benefit Pension Scheme Liability": -482.0,
    "Pension Liability": -482.5,
    "Net Assets Including Pension Scheme Assets Liabilities": 1165.0,
    "Net Assets Including Pension Liability": 1165.2,
    "Called Up Share Capital": 1146.4,
    "Revaluation Reserve": 848.2,
    "Capital Reserve": 6.6,
    "Profit And Loss Account": 165.0,
    "Profit And Loss Reserve": 164.3,
    "Shareholders Funds": 1165.0,
    "Total Shareholders Funds": 1165.2
  },
  "2008": {
    "Intangible Assets": 6.0,
    "Tangible Assets": 2950.4,
    "Investments": 19.4,
    "Total Fixed Assets": 2967.3,
    "Stocks": 758.6,
    "Accounts Receivable Due Within One Year": 2065.6,
    "Accounts Receivable Due After More Than One Year": 23.4,
    "Cash At Bank And In Hand": 10.0,
    "Total Current Assets": 2857.6,
    "Accounts Payable Due Within One Year": -2171.8,
    "Net Current Assets": 685.8,
    "Total Assets Less Current Liabilities": 3661.6,
    "Accounts Payable Due After More Than One Year": -640.0,
    "Provisions For Liabilities And Charges": -119.6,
    "Net Assets Excluding Pension Liability": 2902.0,
    "Pension Liability": -316.0,
    "Net Assets Including Pension Liability": 2586.0,
    "Called Up Share Capital": 1146.8,
    "Revaluation Reserve": 903.0,
    "Capital Reserve": 6.6,
    "Profit And Loss Reserve": 529.6,
    "Total Shareholder's Funds": 2586.0
  },
  "2007": {
    "Intangible Assets": 6.8,
    "Tangible Assets": 2953.8,
    "Investments": 19.4,
    "Total Fixed Assets": 2980.0,
    "Stocks": 1115.6,
    "Accounts Receivable Due Within One Year": 1587.8,
    "Accounts Receivable Due After More Than One Year": 33.4,
    "Cash At Bank And In Hand": 9.0,
    "Total Current Assets": 2745.8,
    "Accounts Payable Due Within One Year": -2245.8,
    "Net Current Assets": 500.0,
    "Total Assets Less Current Liabilities": 3480.0,
    "Accounts Payable Due After More Than One Year": -640.0,
    "Provisions For Liabilities And Charges": -159.2,
    "Net Assets Excluding Pension Asset Liability": 2680.8,
    "Pension Asset Liability": -95.2,
    "Net Assets Including Pension Asset Liability": 2806.4,
    "Called Up Share Capital": 1146.8,
    "Revaluation Reserve": 926.0,
    "Capital Reserve": 6.6,
    "Profit And Loss Reserve": 727.0,
    "Total Shareholder's Funds": 2806.4
  },
  "2006": {
    "Intangible Assets": 8.4,
    "Tangible Assets": 2728.0,
    "Investments": 19.4,
    "Total Fixed Assets": 2755.8,
    "Stocks": 850.4,
    "Accounts Receivable Due Within One Year": 1778.8,
    "Accounts Receivable Due After More Than One Year": 52.2,
    "Cash At Bank And In Hand": 15.0,
    "Total Current Assets": 2696.4,
    "Accounts Payable Due Within One Year": -1938.6,
    "Net Current Assets": 757.8,
    "Net Current Assets Liabilities": 378.9,
    "Total Assets Less Current Liabilities": 3513.6,
    "Accounts Payable Due After More Than One Year": -643.0,
    "Provisions For Liabilities And Charges": -186.4,
    "Net Assets Excluding Pension Asset Liability": 2684.2,
    "Net Assets Excluding Pension Liability": 1342.1,
    "Pension Asset Liability": -889.2,
    "Pension Liability": -444.6,
    "Net Assets Including Pension Asset Liability": 1795.0,
    "Net Assets Including Pension Liability": 897.5,
    "Called Up Share Capital": 1146.8,
    "Revaluation Reserve": 710.4,
    "Capital Reserve": 6.6,
    "Profit And Loss Reserve": -68.8,
    "Total Shareholder's Funds": 1795.0
  },
  "2005": {
    "Intangible Assets": 9.6,
    "Tangible Assets": 2790.0,
    "Investments": 19.4,
    "Total Fixed Assets": 2819.0,
    "Stocks": 850.8,
    "Accounts Receivable Due Within One Year": 1876.4,
    "Accounts Receivable Due After More Than One Year": 94.0,
    "Cash At Bank And In Hand": 5.2,
    "Total Current Assets": 2826.4,
    "Accounts Payable Due Within One Year": -3471.0,
    "Net Current Assets Liabilities": -172.3,
    "Net Current Liabilities": -472.3,
    "Total Assets Less Current Liabilities": 2174.4,
    "Accounts Payable Due After More Than One Year": -339.4,
    "Provisions For Liabilities And Charges": -221.6,
    "Net Assets Excluding Pension Liability": 1613.4,
    "Pension Liability": -850.6,
    "Net Assets Including Pension Liability": 762.8,
    "Called Up Share Capital": 456.8,
    "Profit And Loss Reserve": -463.2,
    "Revaluation Reserve": 762.6,
    "Capital Reserve": 6.6,
    "Total Shareholder's Funds": 762.8
  }
}
```
2025-01-16 13:58:59,086 - INFO - Response after cleaning: 
{
  "2009": {
    "Intangible Assets": 4.4,
    "Tangible Assets": 2858.1,
    "Investments": 19.7,
    "Total Fixed Assets": 2882.2,
    "Stocks": 1140.0,
    "Accounts Receivable Due Within One Year": 1223.7,
    "Accounts Receivable Due After More Than One Year": 18.1,
    "Cash At Bank": 5.0,
    "Cash At Bank And In Hand": 5.5,
    "Total Current Assets": 3636.2,
    "Accounts Payable Due Within One Year": -2463.9,
    "Net Current Assets": 1172.3,
    "Total Assets Less Current Liabilities": 4054.5,
    "Accounts Payable Due After More Than One Year": -635.8,
    "Deferred Tax": -61.0,
    "Other Provisions": -1.0,
    "Total Provisions For Liabilities": -62.0,
    "Net Assets Excluding Pension Scheme Assets Liabilities": 1647.0,
    "Net Assets Excluding Pension Liability": 1647.7,
    "Defined Benefit Pension Scheme Liability": -482.0,
    "Pension Liability": -482.5,
    "Net Assets Including Pension Scheme Assets Liabilities": 1165.0,
    "Net Assets Including Pension Liability": 1165.2,
    "Called Up Share Capital": 1146.4,
    "Revaluation Reserve": 848.2,
    "Capital Reserve": 6.6,
    "Profit And Loss Account": 165.0,
    "Profit And Loss Reserve": 164.3,
    "Shareholders Funds": 1165.0,
    "Total Shareholders Funds": 1165.2
  },
  "2008": {
    "Intangible Assets": 6.0,
    "Tangible Assets": 2950.4,
    "Investments": 19.4,
    "Total Fixed Assets": 2967.3,
    "Stocks": 758.6,
    "Accounts Receivable Due Within One Year": 2065.6,
    "Accounts Receivable Due After More Than One Year": 23.4,
    "Cash At Bank And In Hand": 10.0,
    "Total Current Assets": 2857.6,
    "Accounts Payable Due Within One Year": -2171.8,
    "Net Current Assets": 685.8,
    "Total Assets Less Current Liabilities": 3661.6,
    "Accounts Payable Due After More Than One Year": -640.0,
    "Provisions For Liabilities And Charges": -119.6,
    "Net Assets Excluding Pension Liability": 2902.0,
    "Pension Liability": -316.0,
    "Net Assets Including Pension Liability": 2586.0,
    "Called Up Share Capital": 1146.8,
    "Revaluation Reserve": 903.0,
    "Capital Reserve": 6.6,
    "Profit And Loss Reserve": 529.6,
    "Total Shareholder's Funds": 2586.0
  },
  "2007": {
    "Intangible Assets": 6.8,
    "Tangible Assets": 2953.8,
    "Investments": 19.4,
    "Total Fixed Assets": 2980.0,
    "Stocks": 1115.6,
    "Accounts Receivable Due Within One Year": 1587.8,
    "Accounts Receivable Due After More Than One Year": 33.4,
    "Cash At Bank And In Hand": 9.0,
    "Total Current Assets": 2745.8,
    "Accounts Payable Due Within One Year": -2245.8,
    "Net Current Assets": 500.0,
    "Total Assets Less Current Liabilities": 3480.0,
    "Accounts Payable Due After More Than One Year": -640.0,
    "Provisions For Liabilities And Charges": -159.2,
    "Net Assets Excluding Pension Asset Liability": 2680.8,
    "Pension Asset Liability": -95.2,
    "Net Assets Including Pension Asset Liability": 2806.4,
    "Called Up Share Capital": 1146.8,
    "Revaluation Reserve": 926.0,
    "Capital Reserve": 6.6,
    "Profit And Loss Reserve": 727.0,
    "Total Shareholder's Funds": 2806.4
  },
  "2006": {
    "Intangible Assets": 8.4,
    "Tangible Assets": 2728.0,
    "Investments": 19.4,
    "Total Fixed Assets": 2755.8,
    "Stocks": 850.4,
    "Accounts Receivable Due Within One Year": 1778.8,
    "Accounts Receivable Due After More Than One Year": 52.2,
    "Cash At Bank And In Hand": 15.0,
    "Total Current Assets": 2696.4,
    "Accounts Payable Due Within One Year": -1938.6,
    "Net Current Assets": 757.8,
    "Net Current Assets Liabilities": 378.9,
    "Total Assets Less Current Liabilities": 3513.6,
    "Accounts Payable Due After More Than One Year": -643.0,
    "Provisions For Liabilities And Charges": -186.4,
    "Net Assets Excluding Pension Asset Liability": 2684.2,
    "Net Assets Excluding Pension Liability": 1342.1,
    "Pension Asset Liability": -889.2,
    "Pension Liability": -444.6,
    "Net Assets Including Pension Asset Liability": 1795.0,
    "Net Assets Including Pension Liability": 897.5,
    "Called Up Share Capital": 1146.8,
    "Revaluation Reserve": 710.4,
    "Capital Reserve": 6.6,
    "Profit And Loss Reserve": -68.8,
    "Total Shareholder's Funds": 1795.0
  },
  "2005": {
    "Intangible Assets": 9.6,
    "Tangible Assets": 2790.0,
    "Investments": 19.4,
    "Total Fixed Assets": 2819.0,
    "Stocks": 850.8,
    "Accounts Receivable Due Within One Year": 1876.4,
    "Accounts Receivable Due After More Than One Year": 94.0,
    "Cash At Bank And In Hand": 5.2,
    "Total Current Assets": 2826.4,
    "Accounts Payable Due Within One Year": -3471.0,
    "Net Current Assets Liabilities": -172.3,
    "Net Current Liabilities": -472.3,
    "Total Assets Less Current Liabilities": 2174.4,
    "Accounts Payable Due After More Than One Year": -339.4,
    "Provisions For Liabilities And Charges": -221.6,
    "Net Assets Excluding Pension Liability": 1613.4,
    "Pension Liability": -850.6,
    "Net Assets Including Pension Liability": 762.8,
    "Called Up Share Capital": 456.8,
    "Profit And Loss Reserve": -463.2,
    "Revaluation Reserve": 762.6,
    "Capital Reserve": 6.6,
    "Total Shareholder's Funds": 762.8
  }
}

2025-01-16 13:58:59,087 - INFO - Extracted JSON string: {
  "2009": {
    "Intangible Assets": 4.4,
    "Tangible Assets": 2858.1,
    "Investments": 19.7,
    "Total Fixed Assets": 2882.2,
    "Stocks": 1140.0,
    "Accounts Receivable Due Within One Year": 1223.7,
    "Accounts Receivable Due After More Than One Year": 18.1,
    "Cash At Bank": 5.0,
    "Cash At Bank And In Hand": 5.5,
    "Total Current Assets": 3636.2,
    "Accounts Payable Due Within One Year": -2463.9,
    "Net Current Assets": 1172.3,
    "Total Assets Less Current Liabilities": 4054.5,
    "Accounts Payable Due After More Than One Year": -635.8,
    "Deferred Tax": -61.0,
    "Other Provisions": -1.0,
    "Total Provisions For Liabilities": -62.0,
    "Net Assets Excluding Pension Scheme Assets Liabilities": 1647.0,
    "Net Assets Excluding Pension Liability": 1647.7,
    "Defined Benefit Pension Scheme Liability": -482.0,
    "Pension Liability": -482.5,
    "Net Assets Including Pension Scheme Assets Liabilities": 1165.0,
    "Net Assets Including Pension Liability": 1165.2,
    "Called Up Share Capital": 1146.4,
    "Revaluation Reserve": 848.2,
    "Capital Reserve": 6.6,
    "Profit And Loss Account": 165.0,
    "Profit And Loss Reserve": 164.3,
    "Shareholders Funds": 1165.0,
    "Total Shareholders Funds": 1165.2
  },
  "2008": {
    "Intangible Assets": 6.0,
    "Tangible Assets": 2950.4,
    "Investments": 19.4,
    "Total Fixed Assets": 2967.3,
    "Stocks": 758.6,
    "Accounts Receivable Due Within One Year": 2065.6,
    "Accounts Receivable Due After More Than One Year": 23.4,
    "Cash At Bank And In Hand": 10.0,
    "Total Current Assets": 2857.6,
    "Accounts Payable Due Within One Year": -2171.8,
    "Net Current Assets": 685.8,
    "Total Assets Less Current Liabilities": 3661.6,
    "Accounts Payable Due After More Than One Year": -640.0,
    "Provisions For Liabilities And Charges": -119.6,
    "Net Assets Excluding Pension Liability": 2902.0,
    "Pension Liability": -316.0,
    "Net Assets Including Pension Liability": 2586.0,
    "Called Up Share Capital": 1146.8,
    "Revaluation Reserve": 903.0,
    "Capital Reserve": 6.6,
    "Profit And Loss Reserve": 529.6,
    "Total Shareholder's Funds": 2586.0
  },
  "2007": {
    "Intangible Assets": 6.8,
    "Tangible Assets": 2953.8,
    "Investments": 19.4,
    "Total Fixed Assets": 2980.0,
    "Stocks": 1115.6,
    "Accounts Receivable Due Within One Year": 1587.8,
    "Accounts Receivable Due After More Than One Year": 33.4,
    "Cash At Bank And In Hand": 9.0,
    "Total Current Assets": 2745.8,
    "Accounts Payable Due Within One Year": -2245.8,
    "Net Current Assets": 500.0,
    "Total Assets Less Current Liabilities": 3480.0,
    "Accounts Payable Due After More Than One Year": -640.0,
    "Provisions For Liabilities And Charges": -159.2,
    "Net Assets Excluding Pension Asset Liability": 2680.8,
    "Pension Asset Liability": -95.2,
    "Net Assets Including Pension Asset Liability": 2806.4,
    "Called Up Share Capital": 1146.8,
    "Revaluation Reserve": 926.0,
    "Capital Reserve": 6.6,
    "Profit And Loss Reserve": 727.0,
    "Total Shareholder's Funds": 2806.4
  },
  "2006": {
    "Intangible Assets": 8.4,
    "Tangible Assets": 2728.0,
    "Investments": 19.4,
    "Total Fixed Assets": 2755.8,
    "Stocks": 850.4,
    "Accounts Receivable Due Within One Year": 1778.8,
    "Accounts Receivable Due After More Than One Year": 52.2,
    "Cash At Bank And In Hand": 15.0,
    "Total Current Assets": 2696.4,
    "Accounts Payable Due Within One Year": -1938.6,
    "Net Current Assets": 757.8,
    "Net Current Assets Liabilities": 378.9,
    "Total Assets Less Current Liabilities": 3513.6,
    "Accounts Payable Due After More Than One Year": -643.0,
    "Provisions For Liabilities And Charges": -186.4,
    "Net Assets Excluding Pension Asset Liability": 2684.2,
    "Net Assets Excluding Pension Liability": 1342.1,
    "Pension Asset Liability": -889.2,
    "Pension Liability": -444.6,
    "Net Assets Including Pension Asset Liability": 1795.0,
    "Net Assets Including Pension Liability": 897.5,
    "Called Up Share Capital": 1146.8,
    "Revaluation Reserve": 710.4,
    "Capital Reserve": 6.6,
    "Profit And Loss Reserve": -68.8,
    "Total Shareholder's Funds": 1795.0
  },
  "2005": {
    "Intangible Assets": 9.6,
    "Tangible Assets": 2790.0,
    "Investments": 19.4,
    "Total Fixed Assets": 2819.0,
    "Stocks": 850.8,
    "Accounts Receivable Due Within One Year": 1876.4,
    "Accounts Receivable Due After More Than One Year": 94.0,
    "Cash At Bank And In Hand": 5.2,
    "Total Current Assets": 2826.4,
    "Accounts Payable Due Within One Year": -3471.0,
    "Net Current Assets Liabilities": -172.3,
    "Net Current Liabilities": -472.3,
    "Total Assets Less Current Liabilities": 2174.4,
    "Accounts Payable Due After More Than One Year": -339.4,
    "Provisions For Liabilities And Charges": -221.6,
    "Net Assets Excluding Pension Liability": 1613.4,
    "Pension Liability": -850.6,
    "Net Assets Including Pension Liability": 762.8,
    "Called Up Share Capital": 456.8,
    "Profit And Loss Reserve": -463.2,
    "Revaluation Reserve": 762.6,
    "Capital Reserve": 6.6,
    "Total Shareholder's Funds": 762.8
  }
}
2025-01-16 13:58:59,088 - INFO - [SUCCESS] Processed chunk 2005-2009 for balance_sheet
2025-01-16 13:59:14,590 - INFO - Raw response for balance_sheet chunk ['2010', '2011', '2012', '2013', '2014']:
2025-01-16 13:59:14,595 - INFO - Response before cleaning: ```json
{
  "2010": {
    "Intangible Fixed Assets": 6.0,
    "Tangible Assets": 2864.0,
    "Investments": 20.0,
    "Total Fixed Assets": 1445.0,
    "Stocks": 1418.0,
    "Accounts Receivable": 2084.0,
    "Cash At Bank": 2.0,
    "Total Current Assets": 1752.0,
    "Accounts Payable Due Within One Year": -2028.0,
    "Net Current Assets": 1476.0,
    "Total Assets Less Current Liabilities": 2183.0,
    "Accounts Payable Due After More Than One Year": -634.0,
    "Deferred Tax": -106.0,
    "Other Provisions": -8.0,
    "Total Provisions For Liabilities": -57.0,
    "Net Assets Excluding Pension Scheme Assets Liabilities": 3618.0,
    "Defined Benefit Pension Scheme Liability": -672.0,
    "Net Assets Including Pension Scheme Assets Liabilities": 2946.0,
    "Called Up Share Capital": 1146.0,
    "Revaluation Reserve": 838.0,
    "Capital Reserve": 6.0,
    "Profit And Loss Account": 956.0,
    "Shareholders Funds": 2946.0
  },
  "2011": {
    "Intangible Fixed Assets": 2.0,
    "Tangible Assets": 2870.0,
    "Investments": 20.0,
    "Stocks": 1530.0,
    "Accounts Receivable": 2110.0,
    "Cash At Bank": 0.0,
    "Accounts Payable Due Within One Year": -2622.0,
    "Net Current Assets": 1018.0,
    "Total Assets Less Current Liabilities": 1955.0,
    "Accounts Payable Due After More Than One Year": -634.0,
    "Deferred Tax": -136.0,
    "Other Provisions": -16.0,
    "Net Assets Excluding Pension Scheme Liabilities": 3124.0,
    "Defined Benefit Pension Scheme Liability": -858.0,
    "Net Assets Including Pension Scheme Liabilities": 2266.0,
    "Called Up Share Capital": 1146.0,
    "Revaluation Reserve": 826.0,
    "Capital Reserve": 6.0,
    "Profit And Loss Account": 288.0,
    "Shareholders Funds": 2266.0
  },
  "2012": {
    "Intangible Fixed Assets": 2.0,
    "Tangible Assets": 2714.0,
    "Investments": 0.0,
    "Stocks": 1688.0,
    "Accounts Receivable": 2048.0,
    "Accounts Payable Due Within One Year": -2608.0,
    "Net Current Assets": 1128.0,
    "Total Assets Less Current Liabilities": 3844.0,
    "Accounts Payable Due After More Than One Year": -634.0,
    "Deferred Tax": -120.0,
    "Other Provisions": -20.0,
    "Net Assets Excluding Pension Scheme Liabilities": 3070.0,
    "Defined Benefit Pension Scheme Liability": -660.0,
    "Net Assets Including Pension Scheme Liabilities": 2410.0,
    "Called Up Share Capital": 1146.0,
    "Revaluation Reserve": 724.0,
    "Capital Reserve": 6.0,
    "Profit And Loss Account": 534.0,
    "Shareholders Funds": 2410.0
  },
  "2013": {
    "Intangible Fixed Assets": 4.0,
    "Tangible Assets": 2588.0,
    "Investments": 0.0,
    "Stocks": 1834.0,
    "Accounts Receivable": 1508.0,
    "Accounts Payable Due Within One Year": -2496.0,
    "Net Current Assets": 846.0,
    "Total Assets Less Current Liabilities": 3438.0,
    "Accounts Payable Due After More Than One Year": -230.0,
    "Deferred Tax": -90.0,
    "Other Provisions": -14.0,
    "Net Assets Excluding Pension Scheme Liability": 3104.0,
    "Defined Benefit Pension Scheme Liability": -412.0,
    "Net Assets Including Pension Scheme Liability": 2692.0,
    "Called Up Share Capital": 1146.0,
    "Revaluation Reserve": 728.0,
    "Capital Reserve": 6.0,
    "Profit And Loss Account": 812.0,
    "Shareholders Funds": 2692.0
  },
  "2014": {
    "Intangible Fixed Assets": 12.0,
    "Tangible Assets": 3430.0,
    "Fixed Assets": 840.0,
    "Stocks": 1052.0,
    "Accounts Receivable Due After More Than One Year": 12.0,
    "Accounts Receivable Due Within One Year": 676.0,
    "Accounts Receivable": 690.0,
    "Current Assets": 1214.0,
    "Accounts Payable Due Within One Year": -1741.0,
    "Net Current Assets": 689.0,
    "Total Assets Less Current Liabilities": 2831.0,
    "Accounts Payable Due After More Than One Year": -226.0,
    "Deferred Tax": -83.0,
    "Other Provisions": -21.0,
    "Provisions For Liabilities": -47.0,
    "Pension Liability": -118.0,
    "Net Assets": 899.0,
    "Net Assets Excluding Pension Scheme Liability": 1491.0,
    "Net Assets Including Pension Scheme Liability": 1373.0,
    "Called Up Share Capital": 1719.0,
    "Other Reserves": 3.0,
    "Revaluation Reserve": 462.0,
    "Capital Reserve": 3.0,
    "Profit And Loss Account": 658.0,
    "Shareholders Funds": 1373.0
  }
}
```
2025-01-16 13:59:14,596 - INFO - Response after cleaning: 
{
  "2010": {
    "Intangible Fixed Assets": 6.0,
    "Tangible Assets": 2864.0,
    "Investments": 20.0,
    "Total Fixed Assets": 1445.0,
    "Stocks": 1418.0,
    "Accounts Receivable": 2084.0,
    "Cash At Bank": 2.0,
    "Total Current Assets": 1752.0,
    "Accounts Payable Due Within One Year": -2028.0,
    "Net Current Assets": 1476.0,
    "Total Assets Less Current Liabilities": 2183.0,
    "Accounts Payable Due After More Than One Year": -634.0,
    "Deferred Tax": -106.0,
    "Other Provisions": -8.0,
    "Total Provisions For Liabilities": -57.0,
    "Net Assets Excluding Pension Scheme Assets Liabilities": 3618.0,
    "Defined Benefit Pension Scheme Liability": -672.0,
    "Net Assets Including Pension Scheme Assets Liabilities": 2946.0,
    "Called Up Share Capital": 1146.0,
    "Revaluation Reserve": 838.0,
    "Capital Reserve": 6.0,
    "Profit And Loss Account": 956.0,
    "Shareholders Funds": 2946.0
  },
  "2011": {
    "Intangible Fixed Assets": 2.0,
    "Tangible Assets": 2870.0,
    "Investments": 20.0,
    "Stocks": 1530.0,
    "Accounts Receivable": 2110.0,
    "Cash At Bank": 0.0,
    "Accounts Payable Due Within One Year": -2622.0,
    "Net Current Assets": 1018.0,
    "Total Assets Less Current Liabilities": 1955.0,
    "Accounts Payable Due After More Than One Year": -634.0,
    "Deferred Tax": -136.0,
    "Other Provisions": -16.0,
    "Net Assets Excluding Pension Scheme Liabilities": 3124.0,
    "Defined Benefit Pension Scheme Liability": -858.0,
    "Net Assets Including Pension Scheme Liabilities": 2266.0,
    "Called Up Share Capital": 1146.0,
    "Revaluation Reserve": 826.0,
    "Capital Reserve": 6.0,
    "Profit And Loss Account": 288.0,
    "Shareholders Funds": 2266.0
  },
  "2012": {
    "Intangible Fixed Assets": 2.0,
    "Tangible Assets": 2714.0,
    "Investments": 0.0,
    "Stocks": 1688.0,
    "Accounts Receivable": 2048.0,
    "Accounts Payable Due Within One Year": -2608.0,
    "Net Current Assets": 1128.0,
    "Total Assets Less Current Liabilities": 3844.0,
    "Accounts Payable Due After More Than One Year": -634.0,
    "Deferred Tax": -120.0,
    "Other Provisions": -20.0,
    "Net Assets Excluding Pension Scheme Liabilities": 3070.0,
    "Defined Benefit Pension Scheme Liability": -660.0,
    "Net Assets Including Pension Scheme Liabilities": 2410.0,
    "Called Up Share Capital": 1146.0,
    "Revaluation Reserve": 724.0,
    "Capital Reserve": 6.0,
    "Profit And Loss Account": 534.0,
    "Shareholders Funds": 2410.0
  },
  "2013": {
    "Intangible Fixed Assets": 4.0,
    "Tangible Assets": 2588.0,
    "Investments": 0.0,
    "Stocks": 1834.0,
    "Accounts Receivable": 1508.0,
    "Accounts Payable Due Within One Year": -2496.0,
    "Net Current Assets": 846.0,
    "Total Assets Less Current Liabilities": 3438.0,
    "Accounts Payable Due After More Than One Year": -230.0,
    "Deferred Tax": -90.0,
    "Other Provisions": -14.0,
    "Net Assets Excluding Pension Scheme Liability": 3104.0,
    "Defined Benefit Pension Scheme Liability": -412.0,
    "Net Assets Including Pension Scheme Liability": 2692.0,
    "Called Up Share Capital": 1146.0,
    "Revaluation Reserve": 728.0,
    "Capital Reserve": 6.0,
    "Profit And Loss Account": 812.0,
    "Shareholders Funds": 2692.0
  },
  "2014": {
    "Intangible Fixed Assets": 12.0,
    "Tangible Assets": 3430.0,
    "Fixed Assets": 840.0,
    "Stocks": 1052.0,
    "Accounts Receivable Due After More Than One Year": 12.0,
    "Accounts Receivable Due Within One Year": 676.0,
    "Accounts Receivable": 690.0,
    "Current Assets": 1214.0,
    "Accounts Payable Due Within One Year": -1741.0,
    "Net Current Assets": 689.0,
    "Total Assets Less Current Liabilities": 2831.0,
    "Accounts Payable Due After More Than One Year": -226.0,
    "Deferred Tax": -83.0,
    "Other Provisions": -21.0,
    "Provisions For Liabilities": -47.0,
    "Pension Liability": -118.0,
    "Net Assets": 899.0,
    "Net Assets Excluding Pension Scheme Liability": 1491.0,
    "Net Assets Including Pension Scheme Liability": 1373.0,
    "Called Up Share Capital": 1719.0,
    "Other Reserves": 3.0,
    "Revaluation Reserve": 462.0,
    "Capital Reserve": 3.0,
    "Profit And Loss Account": 658.0,
    "Shareholders Funds": 1373.0
  }
}

2025-01-16 13:59:14,597 - INFO - Extracted JSON string: {
  "2010": {
    "Intangible Fixed Assets": 6.0,
    "Tangible Assets": 2864.0,
    "Investments": 20.0,
    "Total Fixed Assets": 1445.0,
    "Stocks": 1418.0,
    "Accounts Receivable": 2084.0,
    "Cash At Bank": 2.0,
    "Total Current Assets": 1752.0,
    "Accounts Payable Due Within One Year": -2028.0,
    "Net Current Assets": 1476.0,
    "Total Assets Less Current Liabilities": 2183.0,
    "Accounts Payable Due After More Than One Year": -634.0,
    "Deferred Tax": -106.0,
    "Other Provisions": -8.0,
    "Total Provisions For Liabilities": -57.0,
    "Net Assets Excluding Pension Scheme Assets Liabilities": 3618.0,
    "Defined Benefit Pension Scheme Liability": -672.0,
    "Net Assets Including Pension Scheme Assets Liabilities": 2946.0,
    "Called Up Share Capital": 1146.0,
    "Revaluation Reserve": 838.0,
    "Capital Reserve": 6.0,
    "Profit And Loss Account": 956.0,
    "Shareholders Funds": 2946.0
  },
  "2011": {
    "Intangible Fixed Assets": 2.0,
    "Tangible Assets": 2870.0,
    "Investments": 20.0,
    "Stocks": 1530.0,
    "Accounts Receivable": 2110.0,
    "Cash At Bank": 0.0,
    "Accounts Payable Due Within One Year": -2622.0,
    "Net Current Assets": 1018.0,
    "Total Assets Less Current Liabilities": 1955.0,
    "Accounts Payable Due After More Than One Year": -634.0,
    "Deferred Tax": -136.0,
    "Other Provisions": -16.0,
    "Net Assets Excluding Pension Scheme Liabilities": 3124.0,
    "Defined Benefit Pension Scheme Liability": -858.0,
    "Net Assets Including Pension Scheme Liabilities": 2266.0,
    "Called Up Share Capital": 1146.0,
    "Revaluation Reserve": 826.0,
    "Capital Reserve": 6.0,
    "Profit And Loss Account": 288.0,
    "Shareholders Funds": 2266.0
  },
  "2012": {
    "Intangible Fixed Assets": 2.0,
    "Tangible Assets": 2714.0,
    "Investments": 0.0,
    "Stocks": 1688.0,
    "Accounts Receivable": 2048.0,
    "Accounts Payable Due Within One Year": -2608.0,
    "Net Current Assets": 1128.0,
    "Total Assets Less Current Liabilities": 3844.0,
    "Accounts Payable Due After More Than One Year": -634.0,
    "Deferred Tax": -120.0,
    "Other Provisions": -20.0,
    "Net Assets Excluding Pension Scheme Liabilities": 3070.0,
    "Defined Benefit Pension Scheme Liability": -660.0,
    "Net Assets Including Pension Scheme Liabilities": 2410.0,
    "Called Up Share Capital": 1146.0,
    "Revaluation Reserve": 724.0,
    "Capital Reserve": 6.0,
    "Profit And Loss Account": 534.0,
    "Shareholders Funds": 2410.0
  },
  "2013": {
    "Intangible Fixed Assets": 4.0,
    "Tangible Assets": 2588.0,
    "Investments": 0.0,
    "Stocks": 1834.0,
    "Accounts Receivable": 1508.0,
    "Accounts Payable Due Within One Year": -2496.0,
    "Net Current Assets": 846.0,
    "Total Assets Less Current Liabilities": 3438.0,
    "Accounts Payable Due After More Than One Year": -230.0,
    "Deferred Tax": -90.0,
    "Other Provisions": -14.0,
    "Net Assets Excluding Pension Scheme Liability": 3104.0,
    "Defined Benefit Pension Scheme Liability": -412.0,
    "Net Assets Including Pension Scheme Liability": 2692.0,
    "Called Up Share Capital": 1146.0,
    "Revaluation Reserve": 728.0,
    "Capital Reserve": 6.0,
    "Profit And Loss Account": 812.0,
    "Shareholders Funds": 2692.0
  },
  "2014": {
    "Intangible Fixed Assets": 12.0,
    "Tangible Assets": 3430.0,
    "Fixed Assets": 840.0,
    "Stocks": 1052.0,
    "Accounts Receivable Due After More Than One Year": 12.0,
    "Accounts Receivable Due Within One Year": 676.0,
    "Accounts Receivable": 690.0,
    "Current Assets": 1214.0,
    "Accounts Payable Due Within One Year": -1741.0,
    "Net Current Assets": 689.0,
    "Total Assets Less Current Liabilities": 2831.0,
    "Accounts Payable Due After More Than One Year": -226.0,
    "Deferred Tax": -83.0,
    "Other Provisions": -21.0,
    "Provisions For Liabilities": -47.0,
    "Pension Liability": -118.0,
    "Net Assets": 899.0,
    "Net Assets Excluding Pension Scheme Liability": 1491.0,
    "Net Assets Including Pension Scheme Liability": 1373.0,
    "Called Up Share Capital": 1719.0,
    "Other Reserves": 3.0,
    "Revaluation Reserve": 462.0,
    "Capital Reserve": 3.0,
    "Profit And Loss Account": 658.0,
    "Shareholders Funds": 1373.0
  }
}
2025-01-16 13:59:14,598 - INFO - [SUCCESS] Processed chunk 2010-2014 for balance_sheet
2025-01-16 13:59:26,776 - INFO - Raw response for balance_sheet chunk ['2015', '2016', '2017', '2018', '2019']:
2025-01-16 13:59:26,777 - INFO - Response before cleaning: ```json
{
  "2019": {
    "Intangible Fixed Assets": 8.0,
    "Tangible Fixed Assets": 1624.0,
    "Fixed Asset Investments": 662.0,
    "Total Fixed Assets": null,
    "Inventories": 1602.0,
    "Accounts Receivable Due After More Than One Year": 40.0,
    "Accounts Receivable Due Within One Year": 2612.0,
    "Pension Asset": 476.0,
    "Total Current Assets": null,
    "Accounts Payable Due Within One Year": -2682.0,
    "Net Current Assets": 2048.0,
    "Total Assets Less Current Liabilities": 4342.0,
    "Accounts Payable Due After More Than One Year": -200.0,
    "Deferred Tax": -24.0,
    "Other Provisions": -50.0,
    "Total Provisions For Liabilities": -37.0,
    "Pension Liability": -502.0,
    "Net Assets": 3566.0,
    "Called Up Share Capital": 2206.0,
    "Other Reserves": 6.0,
    "Profit And Loss Account": 1354.0,
    "Total Capital And Reserves": 1783.0
  },
  "2018": {
    "Intangible Fixed Assets": 44.0,
    "Tangible Fixed Assets": 1332.0,
    "Fixed Asset Investments": 664.0,
    "Total Fixed Assets": null,
    "Inventories": 1444.0,
    "Accounts Receivable Due After More Than One Year": 40.0,
    "Accounts Receivable Due Within One Year": 2328.0,
    "Pension Asset": 674.0,
    "Total Current Assets": null,
    "Accounts Payable Due Within One Year": -2640.0,
    "Net Current Assets": 1846.0,
    "Total Assets Less Current Liabilities": 3886.0,
    "Accounts Payable Due After More Than One Year": -200.0,
    "Deferred Tax": -94.0,
    "Other Provisions": -54.0,
    "Total Provisions For Liabilities": null,
    "Pension Liability": -386.0,
    "Net Assets": 3152.0,
    "Called Up Share Capital": 1906.0,
    "Other Reserves": 6.0,
    "Profit And Loss Account": 1240.0,
    "Total Capital And Reserves": null
  },
  "2017": {
    "Intangible Fixed Assets": 26.0,
    "Tangible Fixed Assets": 1260.0,
    "Fixed Asset Investments": null,
    "Total Fixed Assets": 643.0,
    "Inventories": 1342.0,
    "Accounts Receivable Due After More Than One Year": 42.0,
    "Accounts Receivable Due Within One Year": 1914.0,
    "Pension Asset": 776.0,
    "Total Current Assets": 2037.0,
    "Accounts Payable Due Within One Year": -2156.0,
    "Net Current Assets": 1918.0,
    "Total Assets Less Current Liabilities": 3204.0,
    "Accounts Payable Due After More Than One Year": -200.0,
    "Deferred Tax": -116.0,
    "Other Provisions": -44.0,
    "Total Provisions For Liabilities": -80.0,
    "Pension Liability": -316.0,
    "Net Assets": 2528.0,
    "Called Up Share Capital": 1146.0,
    "Other Reserves": 6.0,
    "Profit And Loss Account": 1376.0,
    "Total Capital And Reserves": 1264.0
  },
  "2016": {
    "Intangible Fixed Assets": 22.0,
    "Tangible Fixed Assets": 1296.0,
    "Fixed Asset Investments": null,
    "Total Fixed Assets": 1318.0,
    "Inventories": 1254.0,
    "Accounts Receivable Due After More Than One Year": 34.0,
    "Accounts Receivable Due Within One Year": 2262.0,
    "Pension Asset": 0.0,
    "Total Current Assets": 1777.0,
    "Accounts Payable Due Within One Year": -1996.0,
    "Net Current Assets": 1554.0,
    "Total Assets Less Current Liabilities": 2872.0,
    "Accounts Payable Due After More Than One Year": -216.0,
    "Deferred Tax": -31.0,
    "Other Provisions": -38.0,
    "Total Provisions For Liabilities": -19.0,
    "Pension Liability": -313.0,
    "Net Assets": 2274.0,
    "Called Up Share Capital": 1146.0,
    "Other Reserves": 6.0,
    "Profit And Loss Account": 1122.0,
    "Total Capital And Reserves": 1137.0
  },
  "2015": {
    "Intangible Fixed Assets": 28.0,
    "Tangible Fixed Assets": 1336.0,
    "Fixed Asset Investments": null,
    "Total Fixed Assets": 682.0,
    "Inventories": 1028.0,
    "Accounts Receivable Due After More Than One Year": 26.0,
    "Accounts Receivable Due Within One Year": 1742.0,
    "Pension Asset": null,
    "Total Current Assets": 1398.0,
    "Accounts Payable Due Within One Year": -1698.0,
    "Net Current Assets": 1098.0,
    "Total Assets Less Current Liabilities": 2462.0,
    "Accounts Payable Due After More Than One Year": -220.0,
    "Deferred Tax": -74.0,
    "Other Provisions": -26.0,
    "Total Provisions For Liabilities": -50.0,
    "Pension Liability": -246.0,
    "Net Assets": 1896.0,
    "Called Up Share Capital": 1146.0,
    "Other Reserves": 6.0,
    "Profit And Loss Account": 744.0,
    "Total Capital And Reserves": null
  }
}
```
2025-01-16 13:59:26,780 - INFO - Response after cleaning: 
{
  "2019": {
    "Intangible Fixed Assets": 8.0,
    "Tangible Fixed Assets": 1624.0,
    "Fixed Asset Investments": 662.0,
    "Total Fixed Assets": null,
    "Inventories": 1602.0,
    "Accounts Receivable Due After More Than One Year": 40.0,
    "Accounts Receivable Due Within One Year": 2612.0,
    "Pension Asset": 476.0,
    "Total Current Assets": null,
    "Accounts Payable Due Within One Year": -2682.0,
    "Net Current Assets": 2048.0,
    "Total Assets Less Current Liabilities": 4342.0,
    "Accounts Payable Due After More Than One Year": -200.0,
    "Deferred Tax": -24.0,
    "Other Provisions": -50.0,
    "Total Provisions For Liabilities": -37.0,
    "Pension Liability": -502.0,
    "Net Assets": 3566.0,
    "Called Up Share Capital": 2206.0,
    "Other Reserves": 6.0,
    "Profit And Loss Account": 1354.0,
    "Total Capital And Reserves": 1783.0
  },
  "2018": {
    "Intangible Fixed Assets": 44.0,
    "Tangible Fixed Assets": 1332.0,
    "Fixed Asset Investments": 664.0,
    "Total Fixed Assets": null,
    "Inventories": 1444.0,
    "Accounts Receivable Due After More Than One Year": 40.0,
    "Accounts Receivable Due Within One Year": 2328.0,
    "Pension Asset": 674.0,
    "Total Current Assets": null,
    "Accounts Payable Due Within One Year": -2640.0,
    "Net Current Assets": 1846.0,
    "Total Assets Less Current Liabilities": 3886.0,
    "Accounts Payable Due After More Than One Year": -200.0,
    "Deferred Tax": -94.0,
    "Other Provisions": -54.0,
    "Total Provisions For Liabilities": null,
    "Pension Liability": -386.0,
    "Net Assets": 3152.0,
    "Called Up Share Capital": 1906.0,
    "Other Reserves": 6.0,
    "Profit And Loss Account": 1240.0,
    "Total Capital And Reserves": null
  },
  "2017": {
    "Intangible Fixed Assets": 26.0,
    "Tangible Fixed Assets": 1260.0,
    "Fixed Asset Investments": null,
    "Total Fixed Assets": 643.0,
    "Inventories": 1342.0,
    "Accounts Receivable Due After More Than One Year": 42.0,
    "Accounts Receivable Due Within One Year": 1914.0,
    "Pension Asset": 776.0,
    "Total Current Assets": 2037.0,
    "Accounts Payable Due Within One Year": -2156.0,
    "Net Current Assets": 1918.0,
    "Total Assets Less Current Liabilities": 3204.0,
    "Accounts Payable Due After More Than One Year": -200.0,
    "Deferred Tax": -116.0,
    "Other Provisions": -44.0,
    "Total Provisions For Liabilities": -80.0,
    "Pension Liability": -316.0,
    "Net Assets": 2528.0,
    "Called Up Share Capital": 1146.0,
    "Other Reserves": 6.0,
    "Profit And Loss Account": 1376.0,
    "Total Capital And Reserves": 1264.0
  },
  "2016": {
    "Intangible Fixed Assets": 22.0,
    "Tangible Fixed Assets": 1296.0,
    "Fixed Asset Investments": null,
    "Total Fixed Assets": 1318.0,
    "Inventories": 1254.0,
    "Accounts Receivable Due After More Than One Year": 34.0,
    "Accounts Receivable Due Within One Year": 2262.0,
    "Pension Asset": 0.0,
    "Total Current Assets": 1777.0,
    "Accounts Payable Due Within One Year": -1996.0,
    "Net Current Assets": 1554.0,
    "Total Assets Less Current Liabilities": 2872.0,
    "Accounts Payable Due After More Than One Year": -216.0,
    "Deferred Tax": -31.0,
    "Other Provisions": -38.0,
    "Total Provisions For Liabilities": -19.0,
    "Pension Liability": -313.0,
    "Net Assets": 2274.0,
    "Called Up Share Capital": 1146.0,
    "Other Reserves": 6.0,
    "Profit And Loss Account": 1122.0,
    "Total Capital And Reserves": 1137.0
  },
  "2015": {
    "Intangible Fixed Assets": 28.0,
    "Tangible Fixed Assets": 1336.0,
    "Fixed Asset Investments": null,
    "Total Fixed Assets": 682.0,
    "Inventories": 1028.0,
    "Accounts Receivable Due After More Than One Year": 26.0,
    "Accounts Receivable Due Within One Year": 1742.0,
    "Pension Asset": null,
    "Total Current Assets": 1398.0,
    "Accounts Payable Due Within One Year": -1698.0,
    "Net Current Assets": 1098.0,
    "Total Assets Less Current Liabilities": 2462.0,
    "Accounts Payable Due After More Than One Year": -220.0,
    "Deferred Tax": -74.0,
    "Other Provisions": -26.0,
    "Total Provisions For Liabilities": -50.0,
    "Pension Liability": -246.0,
    "Net Assets": 1896.0,
    "Called Up Share Capital": 1146.0,
    "Other Reserves": 6.0,
    "Profit And Loss Account": 744.0,
    "Total Capital And Reserves": null
  }
}

2025-01-16 13:59:26,784 - INFO - Extracted JSON string: {
  "2019": {
    "Intangible Fixed Assets": 8.0,
    "Tangible Fixed Assets": 1624.0,
    "Fixed Asset Investments": 662.0,
    "Total Fixed Assets": null,
    "Inventories": 1602.0,
    "Accounts Receivable Due After More Than One Year": 40.0,
    "Accounts Receivable Due Within One Year": 2612.0,
    "Pension Asset": 476.0,
    "Total Current Assets": null,
    "Accounts Payable Due Within One Year": -2682.0,
    "Net Current Assets": 2048.0,
    "Total Assets Less Current Liabilities": 4342.0,
    "Accounts Payable Due After More Than One Year": -200.0,
    "Deferred Tax": -24.0,
    "Other Provisions": -50.0,
    "Total Provisions For Liabilities": -37.0,
    "Pension Liability": -502.0,
    "Net Assets": 3566.0,
    "Called Up Share Capital": 2206.0,
    "Other Reserves": 6.0,
    "Profit And Loss Account": 1354.0,
    "Total Capital And Reserves": 1783.0
  },
  "2018": {
    "Intangible Fixed Assets": 44.0,
    "Tangible Fixed Assets": 1332.0,
    "Fixed Asset Investments": 664.0,
    "Total Fixed Assets": null,
    "Inventories": 1444.0,
    "Accounts Receivable Due After More Than One Year": 40.0,
    "Accounts Receivable Due Within One Year": 2328.0,
    "Pension Asset": 674.0,
    "Total Current Assets": null,
    "Accounts Payable Due Within One Year": -2640.0,
    "Net Current Assets": 1846.0,
    "Total Assets Less Current Liabilities": 3886.0,
    "Accounts Payable Due After More Than One Year": -200.0,
    "Deferred Tax": -94.0,
    "Other Provisions": -54.0,
    "Total Provisions For Liabilities": null,
    "Pension Liability": -386.0,
    "Net Assets": 3152.0,
    "Called Up Share Capital": 1906.0,
    "Other Reserves": 6.0,
    "Profit And Loss Account": 1240.0,
    "Total Capital And Reserves": null
  },
  "2017": {
    "Intangible Fixed Assets": 26.0,
    "Tangible Fixed Assets": 1260.0,
    "Fixed Asset Investments": null,
    "Total Fixed Assets": 643.0,
    "Inventories": 1342.0,
    "Accounts Receivable Due After More Than One Year": 42.0,
    "Accounts Receivable Due Within One Year": 1914.0,
    "Pension Asset": 776.0,
    "Total Current Assets": 2037.0,
    "Accounts Payable Due Within One Year": -2156.0,
    "Net Current Assets": 1918.0,
    "Total Assets Less Current Liabilities": 3204.0,
    "Accounts Payable Due After More Than One Year": -200.0,
    "Deferred Tax": -116.0,
    "Other Provisions": -44.0,
    "Total Provisions For Liabilities": -80.0,
    "Pension Liability": -316.0,
    "Net Assets": 2528.0,
    "Called Up Share Capital": 1146.0,
    "Other Reserves": 6.0,
    "Profit And Loss Account": 1376.0,
    "Total Capital And Reserves": 1264.0
  },
  "2016": {
    "Intangible Fixed Assets": 22.0,
    "Tangible Fixed Assets": 1296.0,
    "Fixed Asset Investments": null,
    "Total Fixed Assets": 1318.0,
    "Inventories": 1254.0,
    "Accounts Receivable Due After More Than One Year": 34.0,
    "Accounts Receivable Due Within One Year": 2262.0,
    "Pension Asset": 0.0,
    "Total Current Assets": 1777.0,
    "Accounts Payable Due Within One Year": -1996.0,
    "Net Current Assets": 1554.0,
    "Total Assets Less Current Liabilities": 2872.0,
    "Accounts Payable Due After More Than One Year": -216.0,
    "Deferred Tax": -31.0,
    "Other Provisions": -38.0,
    "Total Provisions For Liabilities": -19.0,
    "Pension Liability": -313.0,
    "Net Assets": 2274.0,
    "Called Up Share Capital": 1146.0,
    "Other Reserves": 6.0,
    "Profit And Loss Account": 1122.0,
    "Total Capital And Reserves": 1137.0
  },
  "2015": {
    "Intangible Fixed Assets": 28.0,
    "Tangible Fixed Assets": 1336.0,
    "Fixed Asset Investments": null,
    "Total Fixed Assets": 682.0,
    "Inventories": 1028.0,
    "Accounts Receivable Due After More Than One Year": 26.0,
    "Accounts Receivable Due Within One Year": 1742.0,
    "Pension Asset": null,
    "Total Current Assets": 1398.0,
    "Accounts Payable Due Within One Year": -1698.0,
    "Net Current Assets": 1098.0,
    "Total Assets Less Current Liabilities": 2462.0,
    "Accounts Payable Due After More Than One Year": -220.0,
    "Deferred Tax": -74.0,
    "Other Provisions": -26.0,
    "Total Provisions For Liabilities": -50.0,
    "Pension Liability": -246.0,
    "Net Assets": 1896.0,
    "Called Up Share Capital": 1146.0,
    "Other Reserves": 6.0,
    "Profit And Loss Account": 744.0,
    "Total Capital And Reserves": null
  }
}
2025-01-16 13:59:26,787 - INFO - [SUCCESS] Processed chunk 2015-2019 for balance_sheet
2025-01-16 13:59:38,217 - INFO - Raw response for balance_sheet chunk ['2020', '2021', '2022', '2023', 'company_1989']:
2025-01-16 13:59:38,217 - INFO - Response before cleaning: ```json
{
  "2022": {
    "Intangible Fixed Assets": 12.0,
    "Tangible Fixed Assets": 2308.0,
    "Fixed Asset Investments": 448.0,
    "Inventories": 1940.0,
    "Accounts Receivable Due After More Than One Year": 30.0,
    "Accounts Receivable Due Within One Year": 4752.0,
    "Pension Asset": 1090.0,
    "Accounts Payable Due Within One Year": -3368.0,
    "Net Current Assets": 4444.0,
    "Total Assets Less Current Liabilities": 7212.0,
    "Accounts Payable Due After More Than One Year": -204.0,
    "Provisions For Liabilities": 0.0,
    "Deferred Tax": -224.0,
    "Other Provisions": -26.0,
    "Pension Liability": -408.0,
    "Net Assets": 6350.0,
    "Called Up Share Capital": 3066.0,
    "Other Reserves": 6.0,
    "Profit And Loss Account": 3278.0,
    "Total Equity": 6350.0
  },
  "2023": {
    "Intangible Fixed Assets": 22.0,
    "Tangible Fixed Assets": 1422.0,
    "Fixed Asset Investments": 224.0,
    "Inventories": 922.0,
    "Accounts Receivable Due After More Than One Year": 30.0,
    "Accounts Receivable Due Within One Year": 1961.0,
    "Pension Asset": 626.0,
    "Accounts Payable Due Within One Year": -1709.0,
    "Net Current Assets": 1830.0,
    "Total Assets Less Current Liabilities": 3498.0,
    "Accounts Payable Due After More Than One Year": -101.0,
    "Provisions For Liabilities": 0.0,
    "Deferred Tax": -176.0,
    "Other Provisions": 0.0,
    "Pension Liability": -233.0,
    "Net Assets": 2988.0,
    "Called Up Share Capital": 1533.0,
    "Other Reserves": 3.0,
    "Profit And Loss Account": 1452.0,
    "Total Equity": 2988.0
  },
  "2021": {
    "Intangible Fixed Assets": 12.0,
    "Tangible Fixed Assets": 1952.0,
    "Fixed Asset Investments": 662.0,
    "Inventories": 1598.0,
    "Accounts Receivable Due After More Than One Year": 40.0,
    "Accounts Receivable Due Within One Year": 2840.0,
    "Pension Asset": 1350.0,
    "Accounts Payable Due Within One Year": -2778.0,
    "Net Current Assets": 3050.0,
    "Total Assets Less Current Liabilities": 5676.0,
    "Accounts Payable Due After More Than One Year": -204.0,
    "Deferred Tax": -187.0,
    "Other Provisions": -62.0,
    "Pension Liability": -655.0,
    "Net Assets": 4568.0,
    "Called Up Share Capital": 2706.0,
    "Other Reserves": 6.0,
    "Profit And Loss Account": 1856.0,
    "Total Equity": 4568.0
  },
  "2020": {
    "Intangible Fixed Assets": 14.0,
    "Tangible Fixed Assets": 1916.0,
    "Fixed Asset Investments": 662.0,
    "Inventories": 1274.0,
    "Accounts Receivable Due After More Than One Year": 26.0,
    "Accounts Receivable Due Within One Year": 2174.0,
    "Pension Asset": 1196.0,
    "Accounts Payable Due Within One Year": -2594.0,
    "Net Current Assets": 2076.0,
    "Total Assets Less Current Liabilities": 4668.0,
    "Accounts Payable Due After More Than One Year": -204.0,
    "Deferred Tax": -118.0,
    "Other Provisions": -138.0,
    "Pension Liability": -650.0,
    "Net Assets": 3558.0,
    "Called Up Share Capital": 2206.0,
    "Other Reserves": 6.0,
    "Profit And Loss Account": 1346.0,
    "Total Fixed Assets": 1296.0,
    "Total Current Assets": 2335.0,
    "Total Provisions For Liabilities": -128.0,
    "Total Capital And Reserves": 1779.0
  },
  "company_1989": {
    "Intangible Assets": 2.0,
    "Tangible Assets": 1270.0,
    "Investments": 39.1,
    "Total Fixed Assets": 1311.1,
    "Stocks": 339.1,
    "Accounts Receivable": 378.8,
    "Cash At Bank And In Hand": 20.1,
    "Total Current Assets": 738.0,
    "Accounts Payable Due Within One Year": -786.8,
    "Net Current Assets Liabilities": -48.8,
    "Total Assets Less Current Liabilities": 1262.3,
    "Accounts Payable Due After More Than One Year": -462.0,
    "Deferred Tax": 0.0,
    "Minority Interest": 0.0,
    "Called Up Share Capital": 228.4,
    "Revaluation Reserve": 331.0,
    "Profit And Loss Account": 240.9,
    "Total Capital And Reserves": 800.3
  }
}
```
2025-01-16 13:59:38,218 - INFO - Response after cleaning: 
{
  "2022": {
    "Intangible Fixed Assets": 12.0,
    "Tangible Fixed Assets": 2308.0,
    "Fixed Asset Investments": 448.0,
    "Inventories": 1940.0,
    "Accounts Receivable Due After More Than One Year": 30.0,
    "Accounts Receivable Due Within One Year": 4752.0,
    "Pension Asset": 1090.0,
    "Accounts Payable Due Within One Year": -3368.0,
    "Net Current Assets": 4444.0,
    "Total Assets Less Current Liabilities": 7212.0,
    "Accounts Payable Due After More Than One Year": -204.0,
    "Provisions For Liabilities": 0.0,
    "Deferred Tax": -224.0,
    "Other Provisions": -26.0,
    "Pension Liability": -408.0,
    "Net Assets": 6350.0,
    "Called Up Share Capital": 3066.0,
    "Other Reserves": 6.0,
    "Profit And Loss Account": 3278.0,
    "Total Equity": 6350.0
  },
  "2023": {
    "Intangible Fixed Assets": 22.0,
    "Tangible Fixed Assets": 1422.0,
    "Fixed Asset Investments": 224.0,
    "Inventories": 922.0,
    "Accounts Receivable Due After More Than One Year": 30.0,
    "Accounts Receivable Due Within One Year": 1961.0,
    "Pension Asset": 626.0,
    "Accounts Payable Due Within One Year": -1709.0,
    "Net Current Assets": 1830.0,
    "Total Assets Less Current Liabilities": 3498.0,
    "Accounts Payable Due After More Than One Year": -101.0,
    "Provisions For Liabilities": 0.0,
    "Deferred Tax": -176.0,
    "Other Provisions": 0.0,
    "Pension Liability": -233.0,
    "Net Assets": 2988.0,
    "Called Up Share Capital": 1533.0,
    "Other Reserves": 3.0,
    "Profit And Loss Account": 1452.0,
    "Total Equity": 2988.0
  },
  "2021": {
    "Intangible Fixed Assets": 12.0,
    "Tangible Fixed Assets": 1952.0,
    "Fixed Asset Investments": 662.0,
    "Inventories": 1598.0,
    "Accounts Receivable Due After More Than One Year": 40.0,
    "Accounts Receivable Due Within One Year": 2840.0,
    "Pension Asset": 1350.0,
    "Accounts Payable Due Within One Year": -2778.0,
    "Net Current Assets": 3050.0,
    "Total Assets Less Current Liabilities": 5676.0,
    "Accounts Payable Due After More Than One Year": -204.0,
    "Deferred Tax": -187.0,
    "Other Provisions": -62.0,
    "Pension Liability": -655.0,
    "Net Assets": 4568.0,
    "Called Up Share Capital": 2706.0,
    "Other Reserves": 6.0,
    "Profit And Loss Account": 1856.0,
    "Total Equity": 4568.0
  },
  "2020": {
    "Intangible Fixed Assets": 14.0,
    "Tangible Fixed Assets": 1916.0,
    "Fixed Asset Investments": 662.0,
    "Inventories": 1274.0,
    "Accounts Receivable Due After More Than One Year": 26.0,
    "Accounts Receivable Due Within One Year": 2174.0,
    "Pension Asset": 1196.0,
    "Accounts Payable Due Within One Year": -2594.0,
    "Net Current Assets": 2076.0,
    "Total Assets Less Current Liabilities": 4668.0,
    "Accounts Payable Due After More Than One Year": -204.0,
    "Deferred Tax": -118.0,
    "Other Provisions": -138.0,
    "Pension Liability": -650.0,
    "Net Assets": 3558.0,
    "Called Up Share Capital": 2206.0,
    "Other Reserves": 6.0,
    "Profit And Loss Account": 1346.0,
    "Total Fixed Assets": 1296.0,
    "Total Current Assets": 2335.0,
    "Total Provisions For Liabilities": -128.0,
    "Total Capital And Reserves": 1779.0
  },
  "company_1989": {
    "Intangible Assets": 2.0,
    "Tangible Assets": 1270.0,
    "Investments": 39.1,
    "Total Fixed Assets": 1311.1,
    "Stocks": 339.1,
    "Accounts Receivable": 378.8,
    "Cash At Bank And In Hand": 20.1,
    "Total Current Assets": 738.0,
    "Accounts Payable Due Within One Year": -786.8,
    "Net Current Assets Liabilities": -48.8,
    "Total Assets Less Current Liabilities": 1262.3,
    "Accounts Payable Due After More Than One Year": -462.0,
    "Deferred Tax": 0.0,
    "Minority Interest": 0.0,
    "Called Up Share Capital": 228.4,
    "Revaluation Reserve": 331.0,
    "Profit And Loss Account": 240.9,
    "Total Capital And Reserves": 800.3
  }
}

2025-01-16 13:59:38,218 - INFO - Extracted JSON string: {
  "2022": {
    "Intangible Fixed Assets": 12.0,
    "Tangible Fixed Assets": 2308.0,
    "Fixed Asset Investments": 448.0,
    "Inventories": 1940.0,
    "Accounts Receivable Due After More Than One Year": 30.0,
    "Accounts Receivable Due Within One Year": 4752.0,
    "Pension Asset": 1090.0,
    "Accounts Payable Due Within One Year": -3368.0,
    "Net Current Assets": 4444.0,
    "Total Assets Less Current Liabilities": 7212.0,
    "Accounts Payable Due After More Than One Year": -204.0,
    "Provisions For Liabilities": 0.0,
    "Deferred Tax": -224.0,
    "Other Provisions": -26.0,
    "Pension Liability": -408.0,
    "Net Assets": 6350.0,
    "Called Up Share Capital": 3066.0,
    "Other Reserves": 6.0,
    "Profit And Loss Account": 3278.0,
    "Total Equity": 6350.0
  },
  "2023": {
    "Intangible Fixed Assets": 22.0,
    "Tangible Fixed Assets": 1422.0,
    "Fixed Asset Investments": 224.0,
    "Inventories": 922.0,
    "Accounts Receivable Due After More Than One Year": 30.0,
    "Accounts Receivable Due Within One Year": 1961.0,
    "Pension Asset": 626.0,
    "Accounts Payable Due Within One Year": -1709.0,
    "Net Current Assets": 1830.0,
    "Total Assets Less Current Liabilities": 3498.0,
    "Accounts Payable Due After More Than One Year": -101.0,
    "Provisions For Liabilities": 0.0,
    "Deferred Tax": -176.0,
    "Other Provisions": 0.0,
    "Pension Liability": -233.0,
    "Net Assets": 2988.0,
    "Called Up Share Capital": 1533.0,
    "Other Reserves": 3.0,
    "Profit And Loss Account": 1452.0,
    "Total Equity": 2988.0
  },
  "2021": {
    "Intangible Fixed Assets": 12.0,
    "Tangible Fixed Assets": 1952.0,
    "Fixed Asset Investments": 662.0,
    "Inventories": 1598.0,
    "Accounts Receivable Due After More Than One Year": 40.0,
    "Accounts Receivable Due Within One Year": 2840.0,
    "Pension Asset": 1350.0,
    "Accounts Payable Due Within One Year": -2778.0,
    "Net Current Assets": 3050.0,
    "Total Assets Less Current Liabilities": 5676.0,
    "Accounts Payable Due After More Than One Year": -204.0,
    "Deferred Tax": -187.0,
    "Other Provisions": -62.0,
    "Pension Liability": -655.0,
    "Net Assets": 4568.0,
    "Called Up Share Capital": 2706.0,
    "Other Reserves": 6.0,
    "Profit And Loss Account": 1856.0,
    "Total Equity": 4568.0
  },
  "2020": {
    "Intangible Fixed Assets": 14.0,
    "Tangible Fixed Assets": 1916.0,
    "Fixed Asset Investments": 662.0,
    "Inventories": 1274.0,
    "Accounts Receivable Due After More Than One Year": 26.0,
    "Accounts Receivable Due Within One Year": 2174.0,
    "Pension Asset": 1196.0,
    "Accounts Payable Due Within One Year": -2594.0,
    "Net Current Assets": 2076.0,
    "Total Assets Less Current Liabilities": 4668.0,
    "Accounts Payable Due After More Than One Year": -204.0,
    "Deferred Tax": -118.0,
    "Other Provisions": -138.0,
    "Pension Liability": -650.0,
    "Net Assets": 3558.0,
    "Called Up Share Capital": 2206.0,
    "Other Reserves": 6.0,
    "Profit And Loss Account": 1346.0,
    "Total Fixed Assets": 1296.0,
    "Total Current Assets": 2335.0,
    "Total Provisions For Liabilities": -128.0,
    "Total Capital And Reserves": 1779.0
  },
  "company_1989": {
    "Intangible Assets": 2.0,
    "Tangible Assets": 1270.0,
    "Investments": 39.1,
    "Total Fixed Assets": 1311.1,
    "Stocks": 339.1,
    "Accounts Receivable": 378.8,
    "Cash At Bank And In Hand": 20.1,
    "Total Current Assets": 738.0,
    "Accounts Payable Due Within One Year": -786.8,
    "Net Current Assets Liabilities": -48.8,
    "Total Assets Less Current Liabilities": 1262.3,
    "Accounts Payable Due After More Than One Year": -462.0,
    "Deferred Tax": 0.0,
    "Minority Interest": 0.0,
    "Called Up Share Capital": 228.4,
    "Revaluation Reserve": 331.0,
    "Profit And Loss Account": 240.9,
    "Total Capital And Reserves": 800.3
  }
}
2025-01-16 13:59:38,219 - INFO - [SUCCESS] Processed chunk 2020-company_1989 for balance_sheet
2025-01-16 13:59:40,582 - INFO - Raw response for balance_sheet chunk ['company_1990']:
2025-01-16 13:59:40,582 - INFO - Response before cleaning: ```json
{
  "Intangible Fixed Assets": 1.1,
  "Tangible Fixed Assets": 1395.7,
  "Investments": 56.4,
  "Total Fixed Assets": 1453.2,
  "Inventories": 338.1,
  "Accounts Receivable": 840.4,
  "Cash At Bank And In Hand": 18.4,
  "Total Current Assets": 1196.9,
  "Accounts Payable Due Within One Year": -1075.0,
  "Net Current Assets Liabilities": 121.9,
  "Total Assets Less Current Liabilities": 1575.1,
  "Accounts Payable Due After More Than One Year": -665.6,
  "Deferred Tax": 0.0,
  "Minority Interest": 0.0,
  "Called Up Share Capital": 228.4,
  "Revaluation Reserve": 330.5,
  "Profit And Loss Account": 350.6,
  "Total Capital And Reserves": 909.5
}
```

2025-01-16 13:59:40,585 - INFO - Response after cleaning: 
{
  "Intangible Fixed Assets": 1.1,
  "Tangible Fixed Assets": 1395.7,
  "Investments": 56.4,
  "Total Fixed Assets": 1453.2,
  "Inventories": 338.1,
  "Accounts Receivable": 840.4,
  "Cash At Bank And In Hand": 18.4,
  "Total Current Assets": 1196.9,
  "Accounts Payable Due Within One Year": -1075.0,
  "Net Current Assets Liabilities": 121.9,
  "Total Assets Less Current Liabilities": 1575.1,
  "Accounts Payable Due After More Than One Year": -665.6,
  "Deferred Tax": 0.0,
  "Minority Interest": 0.0,
  "Called Up Share Capital": 228.4,
  "Revaluation Reserve": 330.5,
  "Profit And Loss Account": 350.6,
  "Total Capital And Reserves": 909.5
}

2025-01-16 13:59:40,585 - INFO - Extracted JSON string: {
  "Intangible Fixed Assets": 1.1,
  "Tangible Fixed Assets": 1395.7,
  "Investments": 56.4,
  "Total Fixed Assets": 1453.2,
  "Inventories": 338.1,
  "Accounts Receivable": 840.4,
  "Cash At Bank And In Hand": 18.4,
  "Total Current Assets": 1196.9,
  "Accounts Payable Due Within One Year": -1075.0,
  "Net Current Assets Liabilities": 121.9,
  "Total Assets Less Current Liabilities": 1575.1,
  "Accounts Payable Due After More Than One Year": -665.6,
  "Deferred Tax": 0.0,
  "Minority Interest": 0.0,
  "Called Up Share Capital": 228.4,
  "Revaluation Reserve": 330.5,
  "Profit And Loss Account": 350.6,
  "Total Capital And Reserves": 909.5
}
2025-01-16 13:59:40,585 - INFO - [SUCCESS] Processed chunk company_1990-company_1990 for balance_sheet
2025-01-16 14:00:18,521 - INFO - Starting FinState Analyzer
2025-01-16 14:00:27,859 - INFO - Starting FinState Analyzer
